txn_id,date,category,amount
t1936,2025-06-30,gas,37.69
t6495,2025-01-14,retail,30.28
t1721,2025-09-26,retail,135.44
t9121,2025-02-01,gas,25.7
t361,2025-05-04,other,37.87
t9664,2025-08-14,utilities,90.73
t5278,2025-08-22,other,94.7
t8547,2025-04-19,retail,55.64
t2222,2025-01-21,travel,373.37
t4618,2025-06-18,food,19.06
t3466,2025-07-11,food,21.17
t1409,2025-03-26,gas,49.69
t469,2025-10-24,other,87.38
t1176,2025-06-12,gas,45.19
t5225,2025-08-16,food,23.7
t8129,2025-07-20,gas,51.09
t425,2025-09-01,retail,109.84
t7048,2025-08-10,food,31.77
t2484,2025-01-23,entertainment,51.71
t1826,2025-10-23,utilities,107.49
t10558,2025-08-23,food,40.89
t1484,2025-02-26,travel,425.52
t9291,2025-08-11,other,34.49
t9710,2025-08-17,entertainment,41.57
t1651,2025-02-19,travel,459.11
t9787,2025-03-08,retail,117.12
t2814,2025-06-21,food,24.37
t3705,2025-08-03,entertainment,91.2
t6119,2025-07-20,utilities,129.1
t5043,2025-02-11,food,43.24
t11209,2025-08-30,food,31.43
t7239,2025-04-20,food,31.32
t11506,2025-09-25,gas,55.48
t11075,2025-02-14,other,38.3
t10997,2025-05-10,other,79.46
t5000,2025-06-17,retail,116.95
t8481,2025-10-04,other,115.1
t9268,2025-09-24,food,30.81
t8399,2025-05-17,food,26.29
t2632,2025-07-08,food,21.47
t3132,2025-07-07,other,52.1
t9584,2025-09-24,travel,492.7
t8219,2025-05-23,food,4.0
t9277,2025-07-29,other,41.29
t3814,2025-06-28,utilities,105.95
t5887,2025-10-27,utilities,174.77
t5083,2025-06-04,food,42.35
a56,2025-10-04,entertainment,749.0
t8824,2025-09-30,retail,110.56
t1218,2025-09-02,utilities,60.35
t3992,2025-06-07,other,97.76
t11148,2025-08-01,retail,114.35
t7616,2025-06-20,travel,199.74
t10692,2025-07-05,food,25.45
t10185,2025-03-23,other,68.52
t1684,2025-08-04,food,10.47
t4575,2025-04-30,retail,168.43
t11541,2025-10-20,travel,429.63
t10751,2025-05-13,entertainment,63.54
t11284,2025-01-26,food,31.37
t7563,2025-05-30,food,17.94
t5904,2025-04-15,utilities,136.85
t2583,2025-01-31,food,18.72
t3003,2025-08-03,other,50.49
t10044,2025-08-23,gas,40.29
t2088,2025-01-15,gas,25.57
t8929,2025-09-03,gas,77.32
t4149,2025-07-26,food,30.52
t136,2025-08-27,other,78.69
t9918,2025-05-25,travel,645.21
t1744,2025-02-24,entertainment,77.4
t7342,2025-07-12,food,32.96
t10875,2025-04-26,food,49.32
t3708,2025-01-07,entertainment,62.16
t5471,2025-04-19,utilities,185.08
t701,2025-06-08,food,27.4
t8558,2025-02-26,retail,88.97
t11716,2025-06-30,entertainment,77.13
t1609,2025-05-08,other,68.82
t5864,2025-01-21,retail,172.04
t430,2025-05-17,food,27.89
t4024,2025-09-27,food,43.5
t6689,2025-02-14,food,45.7
t4101,2025-04-03,retail,214.44
t8876,2025-09-03,entertainment,5.0
t8515,2025-03-27,gas,56.1
t9650,2025-08-25,food,14.93
t2271,2025-08-19,entertainment,66.81
t7693,2025-07-25,utilities,126.12
t71,2025-09-11,travel,810.56
t5721,2025-02-05,food,22.46
t10748,2025-08-03,gas,57.04
t10153,2025-02-23,food,28.61
a198,2025-04-19,other,1698.15
t9138,2025-04-30,food,47.18
t2020,2025-10-26,retail,75.54
t9837,2025-04-10,entertainment,41.35
t11352,2025-01-15,utilities,97.29
t6703,2025-08-24,food,30.25
t4030,2025-09-29,entertainment,71.47
t7760,2025-05-18,food,31.35
t11691,2025-10-25,food,31.96
t8484,2025-01-27,entertainment,23.87
t3859,2025-01-02,other,88.8
t745,2025-06-22,retail,109.18
t1384,2025-08-12,food,26.13
t5644,2025-05-04,food,21.89
t8686,2025-03-15,food,28.91
t10614,2025-05-02,utilities,250.29
t150,2025-06-15,other,84.83
a120,2025-08-19,travel,1502.31
t812,2025-05-14,retail,116.96
t5901,2025-04-10,food,31.66
t4329,2025-04-25,gas,46.78
t6374,2025-05-02,other,14.49
t3996,2025-06-04,food,26.35
t4383,2025-04-20,food,24.11
t1731,2025-04-26,other,60.58
t4360,2025-08-11,food,32.51
t5028,2025-08-12,gas,48.1
t1794,2025-08-21,travel,720.72
t9080,2025-01-28,utilities,126.23
t5467,2025-01-08,entertainment,43.96
t11128,2025-01-27,entertainment,30.79
t8487,2025-02-17,gas,36.02
t1122,2025-03-08,retail,141.57
t4619,2025-07-19,gas,47.47
t5938,2025-09-12,other,89.88
t9528,2025-01-22,food,35.78
t2035,2025-04-18,food,13.44
t3127,2025-05-18,utilities,107.01
t11065,2025-04-24,gas,53.76
a63,2025-05-08,other,1995.53
t3828,2025-07-22,travel,266.97
t4368,2025-03-14,utilities,145.69
t5298,2025-10-08,other,59.97
t3211,2025-08-09,other,98.34
t9929,2025-04-15,utilities,147.4
t2699,2025-08-07,gas,44.62
t8046,2025-06-07,food,24.53
t4280,2025-04-02,other,30.59
t374,2025-09-13,travel,270.38
t625,2025-07-20,entertainment,39.42
t11618,2025-05-28,food,21.93
t6097,2025-08-31,entertainment,62.09
t4984,2025-05-07,other,64.43
t3489,2025-03-31,retail,108.72
a220,2025-02-10,food,1995.59
t2037,2025-04-13,food,17.86
t8389,2025-06-04,retail,100.63
t748,2025-02-08,food,12.65
t9038,2025-04-04,utilities,101.13
t9146,2025-04-29,food,30.24
t4448,2025-03-16,gas,37.36
t11020,2025-05-16,utilities,144.98
t6744,2025-04-16,entertainment,36.12
t7503,2025-04-17,travel,445.39
t3101,2025-06-20,gas,54.24
t3300,2025-06-13,food,19.15
t6246,2025-09-12,food,44.6
t8293,2025-04-23,retail,100.32
t7567,2025-02-15,food,45.88
t3432,2025-04-14,food,36.36
t7119,2025-09-18,utilities,235.45
t6806,2025-02-10,utilities,117.16
t1262,2025-05-28,food,28.67
t648,2025-10-22,gas,60.61
t20,2025-02-11,food,27.13
t5609,2025-02-14,entertainment,47.73
t2146,2025-03-22,entertainment,39.02
t6921,2025-10-26,retail,133.28
t5923,2025-10-11,retail,67.47
t9412,2025-03-22,food,39.33
t2792,2025-04-08,retail,98.53
t4955,2025-07-05,retail,82.22
t6728,2025-07-19,utilities,148.21
t1906,2025-06-28,retail,118.92
t2022,2025-09-16,retail,132.86
t5358,2025-01-31,entertainment,120.15
t3502,2025-10-13,food,33.6
t1370,2025-01-01,food,32.28
t4768,2025-08-20,food,18.14
t1369,2025-07-11,utilities,103.73
t9374,2025-07-02,gas,77.6
t9785,2025-09-09,food,35.94
t1942,2025-09-24,entertainment,98.75
t7589,2025-02-02,retail,123.58
t1979,2025-07-18,utilities,69.17
t8727,2025-05-21,retail,112.11
t5365,2025-07-12,food,38.57
t3367,2025-09-27,food,20.48
t6619,2025-02-18,retail,96.03
t7114,2025-09-24,retail,161.41
t5047,2025-02-13,other,102.35
t3890,2025-04-04,gas,55.98
t3373,2025-06-30,food,29.41
t4554,2025-01-09,food,30.81
t11193,2025-05-21,food,21.06
t3046,2025-01-08,entertainment,15.76
t4811,2025-01-17,utilities,53.81
t2334,2025-03-09,entertainment,14.98
t840,2025-01-12,food,8.21
t5263,2025-07-19,food,37.5
t8517,2025-07-30,retail,109.33
t10905,2025-07-03,retail,91.61
t1435,2025-03-15,other,111.49
t3858,2025-10-09,gas,54.43
t4602,2025-08-22,travel,402.31
t2674,2025-07-27,food,30.34
t5181,2025-08-06,travel,722.14
t488,2025-03-06,food,14.27
t5518,2025-06-26,entertainment,95.27
t534,2025-02-05,entertainment,46.43
t7603,2025-06-17,entertainment,77.56
t7607,2025-02-01,entertainment,24.06
t6082,2025-07-20,gas,79.02
t2961,2025-04-20,food,36.22
t2184,2025-02-20,gas,72.37
t10965,2025-07-03,other,137.79
t4169,2025-05-16,utilities,191.76
t5720,2025-07-29,gas,80.37
t11204,2025-10-05,utilities,153.37
t11556,2025-04-01,retail,126.33
t7092,2025-04-15,food,21.08
t9327,2025-08-11,travel,574.37
t6715,2025-05-21,entertainment,79.88
t201,2025-01-24,entertainment,75.08
a13,2025-10-07,entertainment,4998.54
t2211,2025-02-02,gas,54.07
t8252,2025-07-17,gas,69.92
t7839,2025-02-09,food,39.26
t9120,2025-03-03,entertainment,70.25
t8762,2025-05-20,food,36.29
t9118,2025-05-23,utilities,138.3
t11719,2025-05-12,retail,167.79
t2445,2025-01-03,retail,98.03
t3313,2025-02-03,retail,56.62
t219,2025-10-26,gas,45.57
t2616,2025-08-08,food,33.75
t8030,2025-04-08,food,19.62
t3778,2025-06-02,food,17.06
t4630,2025-09-11,entertainment,41.97
t10737,2025-07-21,other,122.27
t9193,2025-03-08,retail,70.44
a239,2025-03-02,utilities,754.45
t11752,2025-06-25,utilities,79.02
t7190,2025-01-05,other,37.84
t11591,2025-08-09,travel,444.14
t1671,2025-06-17,retail,151.3
t1189,2025-07-05,other,120.21
t1615,2025-01-30,gas,68.57
t2341,2025-06-12,food,44.33
t5668,2025-10-24,gas,86.95
t2874,2025-09-14,retail,132.99
t5944,2025-05-29,food,29.63
t3018,2025-05-01,entertainment,45.22
t4093,2025-02-26,food,14.68
t3291,2025-02-14,gas,76.83
t96,2025-08-28,food,25.0
t3404,2025-01-01,entertainment,11.1
t11578,2025-07-25,retail,156.53
t7189,2025-08-24,entertainment,48.91
t5803,2025-04-18,gas,25.97
t3099,2025-07-24,utilities,176.26
t3419,2025-07-26,food,24.85
t7635,2025-10-14,retail,191.13
t11044,2025-09-22,other,71.21
t9718,2025-10-08,retail,140.24
t1414,2025-10-20,entertainment,89.04
a34,2025-01-27,other,1345.4
t7316,2025-07-11,gas,40.49
t1374,2025-01-03,gas,54.59
t2361,2025-06-02,gas,70.46
t2058,2025-07-02,utilities,184.9
t3149,2025-08-10,retail,104.37
t5014,2025-08-17,food,32.48
t4505,2025-03-07,utilities,165.41
t9404,2025-02-14,retail,114.92
t9647,2025-09-26,food,23.23
t4405,2025-07-11,retail,114.75
t857,2025-09-13,food,31.03
t5177,2025-08-10,food,28.76
t10550,2025-10-24,travel,602.0
t10659,2025-04-10,food,25.55
t2320,2025-10-10,food,4.0
t9762,2025-04-08,other,54.8
t8032,2025-06-10,utilities,156.4
t5063,2025-04-13,food,33.72
t1209,2025-05-27,food,25.67
t10130,2025-03-31,food,37.42
a52,2025-01-19,travel,2004.41
t8894,2025-01-30,food,25.29
t6499,2025-07-10,other,88.07
t9518,2025-04-17,entertainment,64.44
t1278,2025-08-16,utilities,140.76
t2472,2025-05-07,utilities,211.54
t3939,2025-04-24,food,24.59
t102,2025-01-20,retail,121.22
t6900,2025-05-25,food,41.42
t725,2025-10-18,retail,162.61
t4817,2025-06-06,entertainment,107.39
t2378,2025-10-17,other,105.76
t813,2025-02-27,gas,74.65
t305,2025-05-18,travel,856.99
t8938,2025-05-09,food,18.15
t5404,2025-08-10,gas,49.54
t4641,2025-08-08,food,14.88
t8698,2025-01-06,retail,80.61
t6366,2025-01-31,food,18.07
t100,2025-03-16,food,16.35
t5100,2025-02-05,food,30.29
t851,2025-05-14,food,40.78
t5703,2025-07-28,food,29.9
t386,2025-05-01,retail,120.95
t4786,2025-10-25,food,23.67
t4044,2025-08-19,gas,73.15
t9781,2025-05-15,food,28.31
t7884,2025-03-04,other,139.9
t10787,2025-04-08,utilities,60.28
t9902,2025-02-19,food,28.43
t8254,2025-02-17,gas,53.98
t6413,2025-10-19,retail,102.18
t8302,2025-03-30,food,31.54
t5386,2025-05-21,gas,49.95
t10718,2025-07-30,other,37.32
t10332,2025-01-10,retail,76.53
t8721,2025-01-31,food,22.86
t10939,2025-06-11,retail,145.33
t10445,2025-06-30,entertainment,85.06
t2733,2025-06-06,food,43.44
t9446,2025-03-27,food,7.2
t9599,2025-08-11,gas,42.28
t462,2025-01-28,gas,77.55
t10568,2025-01-24,entertainment,101.99
t120,2025-05-19,gas,58.09
t1571,2025-10-25,food,17.01
t7736,2025-10-09,travel,381.0
t8619,2025-05-14,gas,46.06
t358,2025-02-03,food,24.46
t4309,2025-07-06,entertainment,61.53
t3910,2025-01-18,other,37.18
t2047,2025-07-03,food,18.88
t5366,2025-08-30,other,114.02
t2151,2025-02-09,food,32.23
t8123,2025-06-19,food,19.15
t4049,2025-01-12,utilities,185.02
t1982,2025-07-04,food,21.49
t1403,2025-03-11,retail,116.23
t10592,2025-05-12,other,96.8
t5584,2025-04-25,entertainment,72.17
t397,2025-07-14,gas,65.79
t1040,2025-03-10,other,43.37
t10610,2025-03-18,gas,39.16
t1587,2025-05-04,gas,78.67
t3692,2025-07-12,food,22.37
t5426,2025-02-18,gas,21.46
t380,2025-02-09,food,30.65
t7803,2025-03-15,retail,143.58
t2143,2025-04-28,food,22.43
t4129,2025-04-13,food,24.6
t2460,2025-04-29,gas,45.89
t11279,2025-03-26,gas,64.49
t1054,2025-06-19,food,21.47
t1787,2025-09-16,gas,43.0
t8205,2025-01-28,retail,134.19
t4843,2025-01-19,retail,179.13
t10320,2025-09-07,other,23.93
t10288,2025-10-01,food,15.64
t2246,2025-01-05,retail,103.22
t8608,2025-01-14,other,53.02
t7283,2025-09-18,other,46.58
t7842,2025-07-05,utilities,210.13
t3820,2025-04-07,utilities,120.59
t3379,2025-08-09,retail,200.73
t3922,2025-06-13,entertainment,72.46
t9605,2025-06-10,food,31.7
t2964,2025-03-24,gas,50.71
t9864,2025-08-13,gas,27.51
t7621,2025-01-28,food,27.31
t1497,2025-05-30,entertainment,137.23
t7467,2025-03-22,food,34.63
t5764,2025-01-27,food,19.3
t3703,2025-07-13,retail,56.08
t3895,2025-05-21,retail,102.99
t9319,2025-03-11,travel,584.65
t6467,2025-10-15,entertainment,93.1
t3661,2025-08-18,retail,113.8
t2086,2025-07-15,retail,127.27
t9819,2025-03-07,food,22.69
t4254,2025-08-01,other,81.63
t2352,2025-09-03,entertainment,65.77
t4376,2025-07-03,entertainment,67.47
t555,2025-08-26,other,108.75
t7086,2025-08-20,food,27.13
t7458,2025-08-06,food,24.33
t9573,2025-03-07,retail,116.05
t5021,2025-06-04,travel,431.52
t669,2025-09-15,retail,160.55
t3743,2025-02-23,food,24.34
t48,2025-07-08,retail,93.63
t10061,2025-05-14,retail,93.12
t10040,2025-01-10,food,18.81
t6840,2025-10-12,gas,19.61
a191,2025-08-24,utilities,1495.5
t1179,2025-05-01,other,78.23
t7602,2025-07-02,entertainment,120.61
t10962,2025-07-19,entertainment,45.02
t2992,2025-02-03,food,27.23
t1784,2025-05-29,travel,528.19
t4873,2025-05-04,other,90.63
t5848,2025-04-24,retail,120.23
t2219,2025-07-23,retail,98.35
t10448,2025-05-07,retail,56.02
t3915,2025-07-22,gas,71.7
t3223,2025-10-05,retail,79.31
t5139,2025-01-27,food,24.2
t5101,2025-09-09,gas,50.24
t4421,2025-08-18,food,24.62
t4314,2025-06-06,entertainment,65.45
t3004,2025-01-06,gas,55.26
t6683,2025-01-05,gas,85.68
t246,2025-05-04,entertainment,100.05
t9363,2025-10-20,other,115.84
t3530,2025-09-28,entertainment,87.31
t9534,2025-05-07,food,25.47
t8142,2025-10-25,entertainment,68.94
t9859,2025-08-21,entertainment,108.43
t7690,2025-09-15,travel,651.0
t10865,2025-02-06,retail,94.94
t2040,2025-04-10,entertainment,53.28
t1023,2025-04-17,food,9.85
t2689,2025-03-14,utilities,123.69
t8135,2025-07-01,retail,57.26
t11627,2025-02-24,retail,38.14
t8117,2025-01-03,food,33.47
t10260,2025-10-05,entertainment,9.37
t4694,2025-05-25,entertainment,70.6
t2373,2025-03-17,retail,127.79
t5839,2025-05-10,gas,40.24
t10697,2025-01-10,utilities,227.12
t4868,2025-03-24,retail,46.06
t11702,2025-02-10,other,58.76
t1693,2025-01-09,entertainment,81.69
t11595,2025-04-07,retail,104.67
t10308,2025-09-09,other,127.02
t1492,2025-04-09,food,16.81
t3786,2025-07-22,utilities,136.97
t3653,2025-02-03,food,16.16
t3672,2025-05-09,other,92.7
t10935,2025-04-06,food,7.82
t8566,2025-06-30,gas,48.61
t8573,2025-09-19,retail,90.13
t10615,2025-03-21,utilities,100.25
t5266,2025-07-16,food,24.79
t3449,2025-03-11,gas,63.02
t3680,2025-10-05,other,17.02
t6190,2025-02-10,travel,482.89
t7445,2025-01-04,gas,57.83
t6878,2025-05-13,entertainment,95.12
t4468,2025-04-16,food,26.78
t4098,2025-08-03,entertainment,17.71
t7338,2025-01-21,gas,63.2
t4157,2025-03-14,food,4.79
t7135,2025-08-12,retail,132.09
t5212,2025-04-30,utilities,144.77
t4681,2025-01-02,other,125.32
t2630,2025-04-26,food,17.22
t6364,2025-04-07,utilities,85.29
t2532,2025-02-10,retail,97.56
t1513,2025-10-25,retail,118.4
t4005,2025-01-29,entertainment,71.36
t4465,2025-04-07,food,18.71
t1011,2025-02-02,retail,210.01
t6508,2025-05-19,other,103.98
t11106,2025-01-08,food,13.45
t2423,2025-05-24,food,25.71
t2055,2025-02-07,utilities,166.08
t10307,2025-02-10,entertainment,78.82
t7638,2025-05-24,food,27.82
t6128,2025-06-07,retail,118.96
t5573,2025-05-19,utilities,73.79
t909,2025-07-28,gas,63.62
t11098,2025-07-24,gas,79.57
t7699,2025-05-27,gas,59.2
t8080,2025-06-25,utilities,97.65
t8983,2025-09-13,utilities,177.26
t6312,2025-05-02,utilities,130.43
t215,2025-09-08,gas,80.46
t2987,2025-02-02,retail,5.0
t9100,2025-03-07,gas,38.95
t3116,2025-08-11,retail,76.23
t7262,2025-03-22,utilities,210.01
t11102,2025-07-29,gas,46.39
t6189,2025-04-13,utilities,141.15
t10549,2025-10-27,retail,96.12
t6456,2025-09-20,entertainment,58.29
t15,2025-07-25,food,25.45
t2803,2025-05-16,retail,35.64
t11515,2025-03-09,utilities,29.68
t1702,2025-07-01,food,31.83
t2702,2025-10-18,utilities,92.33
t1321,2025-07-27,other,64.07
t10081,2025-10-17,utilities,194.86
t10141,2025-06-17,food,32.16
t8063,2025-09-28,gas,61.76
t5029,2025-10-05,utilities,185.79
t519,2025-07-04,retail,106.11
t10444,2025-09-19,gas,28.86
t3541,2025-09-08,gas,95.07
a182,2025-07-19,retail,2304.18
a76,2025-03-11,gas,838.26
t10459,2025-03-10,entertainment,94.66
t4411,2025-03-10,other,64.47
t5701,2025-07-27,utilities,105.89
t2381,2025-06-02,retail,127.93
t2103,2025-04-18,gas,53.6
t6831,2025-01-19,utilities,93.16
t6907,2025-04-12,entertainment,44.19
t7846,2025-07-09,food,17.84
t10096,2025-02-13,food,23.51
t10821,2025-10-15,retail,100.84
t1644,2025-05-23,food,30.19
t32,2025-08-24,utilities,116.08
t2228,2025-05-13,entertainment,117.49
t9292,2025-10-22,gas,29.65
t10505,2025-09-24,gas,23.31
t7172,2025-07-27,gas,57.53
t1792,2025-03-31,entertainment,41.16
t5399,2025-03-18,retail,94.3
t7173,2025-07-27,food,26.09
t674,2025-08-05,other,164.03
t51,2025-02-22,food,40.04
t484,2025-02-21,travel,800.5
t1924,2025-08-30,food,19.27
a20,2025-07-17,other,1380.53
t9222,2025-01-14,food,14.39
t10516,2025-08-12,food,24.13
t928,2025-02-21,food,37.62
t5532,2025-09-10,other,101.58
t4920,2025-10-01,food,27.45
t8499,2025-09-17,food,13.42
t1951,2025-07-18,food,26.37
t8076,2025-07-06,other,96.2
t2168,2025-08-31,entertainment,70.51
t7069,2025-02-23,travel,224.41
t4925,2025-01-18,retail,110.71
t8385,2025-02-25,food,34.09
t3035,2025-05-12,entertainment,75.35
a154,2025-01-04,retail,1034.82
t7061,2025-02-27,retail,196.58
t9339,2025-05-21,food,39.32
t7906,2025-10-20,other,120.68
t4607,2025-02-16,food,8.27
t2349,2025-07-30,gas,45.94
t1348,2025-02-03,utilities,137.45
t2767,2025-10-23,entertainment,52.3
t4041,2025-04-29,food,23.95
t2237,2025-02-07,retail,113.13
t5717,2025-05-27,gas,64.36
t10119,2025-09-27,food,31.63
t7404,2025-06-16,utilities,157.89
t7986,2025-01-11,food,30.91
t11227,2025-07-07,travel,408.52
t1431,2025-04-30,food,30.06
t1276,2025-01-04,gas,48.04
t7756,2025-02-10,food,35.0
t10182,2025-08-09,entertainment,134.31
t6516,2025-08-26,travel,504.81
t3155,2025-03-27,other,86.4
t3370,2025-10-02,retail,101.54
t10903,2025-03-18,other,93.3
t5636,2025-04-08,entertainment,5.0
t4709,2025-09-24,other,30.61
t4839,2025-10-06,food,17.52
t3049,2025-04-28,gas,42.29
t7811,2025-04-16,retail,111.63
t11176,2025-06-02,retail,153.66
t9800,2025-03-29,retail,127.12
t5581,2025-04-04,retail,162.09
t7808,2025-10-02,other,94.75
t3289,2025-09-16,utilities,101.31
t2013,2025-10-02,food,6.84
t7093,2025-02-22,other,19.39
t1454,2025-03-05,food,25.93
t1079,2025-05-09,gas,42.75
t6464,2025-05-30,retail,96.78
t10502,2025-06-20,entertainment,85.25
t435,2025-03-12,entertainment,104.74
t7196,2025-05-02,gas,53.68
t614,2025-03-23,food,31.57
a166,2025-02-16,utilities,1998.55
t2994,2025-03-08,utilities,160.91
t11663,2025-09-27,gas,45.37
t1112,2025-02-05,food,35.93
t7248,2025-03-25,gas,87.55
t7710,2025-04-01,gas,60.51
t10791,2025-05-26,food,40.65
t1283,2025-03-14,food,31.56
t2454,2025-07-03,entertainment,63.36
t10513,2025-04-13,utilities,105.31
t7891,2025-05-13,retail,40.16
a199,2025-08-27,gas,447.9
t6593,2025-07-28,other,90.09
t8367,2025-09-03,retail,107.77
t915,2025-07-05,retail,131.17
t5282,2025-05-17,gas,95.04
t5837,2025-03-23,entertainment,44.65
t9328,2025-05-07,retail,184.7
t1198,2025-08-11,retail,56.64
t6388,2025-03-01,gas,82.07
t9567,2025-04-12,gas,55.62
t7734,2025-07-22,food,16.45
t2877,2025-10-07,travel,661.09
t8324,2025-07-30,retail,119.73
t5909,2025-07-10,food,19.65
t7999,2025-02-20,utilities,166.02
t108,2025-06-27,utilities,136.99
t3690,2025-01-05,retail,20.13
t4608,2025-04-07,utilities,81.51
t9976,2025-03-12,food,31.28
t11335,2025-02-14,gas,79.19
t8092,2025-09-16,entertainment,63.84
t8217,2025-07-24,retail,134.27
t968,2025-10-27,food,11.15
t6250,2025-01-04,other,116.19
t218,2025-09-30,food,12.02
t2983,2025-08-03,entertainment,59.59
t7444,2025-03-04,food,29.58
t5580,2025-04-10,food,39.26
t7700,2025-02-09,retail,112.09
t8476,2025-06-03,other,68.97
t4951,2025-01-19,utilities,187.97
t511,2025-10-19,retail,75.15
t5235,2025-02-23,retail,111.44
t6821,2025-04-15,entertainment,91.86
t4484,2025-03-08,gas,57.29
t6063,2025-06-06,retail,62.8
t574,2025-03-02,entertainment,126.32
t6576,2025-10-16,food,23.02
t40,2025-10-16,other,44.68
t4218,2025-08-24,other,79.99
t3911,2025-04-04,gas,55.2
t1624,2025-03-07,gas,59.78
t7282,2025-09-08,retail,53.59
t1415,2025-03-09,retail,139.81
t2565,2025-05-07,gas,85.82
t6849,2025-09-05,food,23.71
t2407,2025-01-23,food,34.79
t8845,2025-04-22,retail,85.87
t8644,2025-08-04,retail,85.25
t5227,2025-08-07,gas,39.9
t3285,2025-02-13,food,32.18
t5479,2025-08-30,food,23.52
t347,2025-06-22,gas,71.96
t7223,2025-07-27,other,94.28
t7111,2025-03-06,gas,64.76
t2629,2025-01-17,utilities,162.0
t9844,2025-02-25,entertainment,5.0
t3315,2025-05-30,food,21.19
t7633,2025-07-02,food,29.01
t3044,2025-10-19,other,38.16
t10671,2025-04-01,food,29.57
t4994,2025-10-01,other,53.2
t7423,2025-09-09,food,15.45
t4048,2025-05-06,food,16.89
t9058,2025-06-15,other,101.3
a236,2025-06-18,gas,1498.7
t5035,2025-05-09,entertainment,17.62
t4611,2025-03-02,entertainment,32.26
a197,2025-06-17,other,2000.32
t5336,2025-07-15,utilities,96.93
t9592,2025-04-24,retail,107.01
a32,2025-08-04,retail,2009.99
t5012,2025-02-10,gas,63.74
t9040,2025-08-04,retail,139.87
t938,2025-07-25,food,30.25
t4533,2025-04-10,entertainment,82.33
t4845,2025-04-19,food,27.08
t3465,2025-08-24,gas,60.07
t8070,2025-06-15,retail,170.47
t178,2025-02-21,food,21.56
t7334,2025-05-01,food,33.85
t3603,2025-06-29,food,28.92
t8303,2025-08-17,gas,81.68
t7502,2025-03-06,retail,76.24
t10632,2025-10-07,food,32.3
t1220,2025-07-03,retail,92.16
t8311,2025-02-17,travel,429.57
t11354,2025-02-14,gas,47.77
t7020,2025-08-22,food,32.06
t9843,2025-04-23,food,23.67
t458,2025-08-21,food,24.0
t5065,2025-07-11,food,14.85
t1158,2025-10-27,food,27.67
t9515,2025-01-07,gas,61.89
t3239,2025-07-30,gas,85.27
t9831,2025-10-04,gas,43.02
t1214,2025-03-15,travel,982.92
t11132,2025-05-22,retail,107.98
t11481,2025-05-01,utilities,125.52
a89,2025-03-26,food,471.88
t7837,2025-01-02,food,32.21
t10624,2025-05-08,gas,63.35
t8944,2025-09-19,other,121.87
t933,2025-03-27,retail,122.54
t4723,2025-10-14,entertainment,36.03
t4194,2025-08-21,gas,53.56
t2232,2025-08-09,entertainment,48.48
t2652,2025-05-17,food,38.26
t1985,2025-09-02,utilities,201.67
t8807,2025-07-04,food,29.14
t2474,2025-02-23,food,21.7
t1434,2025-04-20,food,30.86
t10884,2025-10-18,retail,60.76
t5368,2025-02-16,entertainment,88.33
t4032,2025-04-06,travel,165.77
t2215,2025-03-04,utilities,83.67
t11258,2025-08-30,food,24.2
t304,2025-06-27,entertainment,67.72
t8945,2025-05-20,food,23.65
t10762,2025-09-09,retail,123.41
t971,2025-04-14,retail,132.96
t10422,2025-03-14,food,11.55
t5415,2025-04-10,utilities,128.86
t211,2025-08-02,retail,136.75
t1935,2025-08-17,food,41.36
t11696,2025-05-11,food,27.75
t652,2025-02-25,retail,129.13
t11206,2025-07-24,retail,136.11
t9310,2025-05-27,entertainment,63.37
t10143,2025-10-03,entertainment,52.79
t8234,2025-08-02,food,27.5
t3614,2025-05-23,retail,182.19
t6818,2025-04-04,food,24.78
t6023,2025-04-22,gas,54.99
t3015,2025-08-23,food,31.58
a163,2025-09-09,food,996.89
t2975,2025-08-13,other,130.57
t8107,2025-10-08,entertainment,38.08
t2319,2025-07-31,retail,112.92
t1422,2025-10-02,entertainment,69.44
t3548,2025-08-05,retail,131.29
t1140,2025-03-07,food,22.61
t9756,2025-01-09,utilities,94.51
t6855,2025-04-07,retail,91.72
t7794,2025-06-20,food,20.88
t7247,2025-10-19,gas,23.13
t2880,2025-07-08,other,16.42
t750,2025-08-16,retail,86.73
t11353,2025-01-17,entertainment,81.09
t8373,2025-07-08,retail,112.45
t399,2025-01-22,utilities,66.24
t6984,2025-10-15,travel,928.27
t10450,2025-01-08,food,24.61
t322,2025-06-10,retail,97.83
t3618,2025-04-15,travel,700.64
t7349,2025-08-31,food,37.33
t10443,2025-07-22,gas,73.38
t4603,2025-09-23,gas,51.3
t6606,2025-07-02,gas,42.91
t4095,2025-05-23,retail,108.74
t7590,2025-05-25,entertainment,69.66
t10413,2025-06-15,utilities,130.53
t11479,2025-06-27,retail,111.32
t3887,2025-02-28,entertainment,36.28
t11178,2025-04-05,gas,60.04
t9165,2025-07-29,retail,90.57
t765,2025-03-16,retail,117.67
t6677,2025-10-18,food,40.82
t6163,2025-08-05,other,125.52
a74,2025-03-01,travel,5930.34
t10924,2025-05-03,utilities,134.65
t9742,2025-08-28,utilities,142.94
t8329,2025-04-11,retail,104.58
t3034,2025-03-06,entertainment,86.69
t5096,2025-09-21,food,23.77
t6358,2025-08-19,gas,54.37
t10744,2025-03-30,utilities,178.39
t1666,2025-01-31,food,33.68
t3133,2025-04-24,other,35.55
t8127,2025-06-02,entertainment,63.15
t474,2025-08-09,retail,64.11
t3995,2025-04-24,utilities,189.24
t11514,2025-05-09,utilities,102.74
t3027,2025-05-27,other,105.17
t11714,2025-02-02,retail,158.77
t4680,2025-09-10,other,143.66
t4650,2025-09-08,other,37.04
t10102,2025-10-20,retail,136.0
t7066,2025-03-10,food,11.71
t6787,2025-09-01,retail,62.87
t3835,2025-01-22,other,94.19
t2996,2025-09-14,travel,320.75
t1400,2025-05-26,food,26.15
t4732,2025-03-13,food,22.62
t1352,2025-03-17,retail,15.44
t11257,2025-04-10,entertainment,56.57
t5355,2025-06-23,gas,38.18
t5121,2025-06-21,food,27.33
t1698,2025-07-30,food,13.39
t252,2025-08-10,entertainment,71.65
t5525,2025-09-12,food,22.23
t1884,2025-04-20,retail,55.41
t10054,2025-10-19,retail,163.59
t4784,2025-04-20,food,22.03
t5211,2025-05-14,entertainment,60.15
t8682,2025-10-04,retail,94.27
t5545,2025-03-23,food,41.55
t11361,2025-09-18,retail,78.44
t7579,2025-04-02,utilities,153.99
t9804,2025-01-12,food,36.43
t11322,2025-05-08,retail,85.01
t2981,2025-10-08,gas,37.1
t5131,2025-06-13,gas,54.11
t10847,2025-04-22,food,39.05
t8147,2025-08-21,gas,72.6
t10064,2025-04-23,entertainment,9.95
t7413,2025-04-03,entertainment,114.78
t2443,2025-03-01,retail,33.22
t8899,2025-02-02,retail,150.95
t8664,2025-08-10,utilities,56.25
t6801,2025-10-04,entertainment,16.53
t10689,2025-02-13,other,60.41
t9783,2025-01-19,other,84.97
t11294,2025-01-23,gas,38.21
t9153,2025-09-19,gas,75.29
t2496,2025-07-13,food,7.44
t9003,2025-04-29,travel,638.61
t8829,2025-08-14,gas,10.0
t10047,2025-04-11,utilities,182.33
t7823,2025-03-19,utilities,20.0
t4813,2025-09-26,gas,51.47
t11639,2025-05-05,entertainment,60.54
t4509,2025-04-08,retail,81.06
t9397,2025-10-26,retail,89.03
t5980,2025-08-02,retail,67.11
t2326,2025-01-10,utilities,53.03
t2389,2025-02-08,food,25.95
t8282,2025-02-26,gas,34.2
t3652,2025-08-12,other,81.17
t2453,2025-08-23,food,14.06
t9140,2025-05-29,food,35.76
t7683,2025-03-21,utilities,172.6
t5578,2025-05-30,food,30.03
t9281,2025-01-19,utilities,132.35
t7529,2025-08-12,retail,209.18
t2847,2025-07-12,gas,51.93
t3388,2025-04-05,other,118.42
t10118,2025-04-07,retail,14.38
t6562,2025-08-05,utilities,145.96
t5567,2025-02-24,entertainment,70.93
t5338,2025-06-27,retail,81.85
t249,2025-04-21,gas,64.42
t4128,2025-04-03,other,116.7
t1796,2025-07-24,food,33.23
t1480,2025-09-30,retail,172.6
t10136,2025-05-25,food,16.3
a109,2025-07-01,gas,395.73
t4011,2025-01-06,retail,77.81
t10166,2025-05-09,gas,54.34
t563,2025-03-25,retail,97.18
t7489,2025-08-07,food,12.07
a152,2025-02-11,gas,744.19
t3245,2025-10-19,gas,43.73
t8580,2025-03-03,retail,89.86
t9323,2025-03-14,gas,58.66
t8448,2025-09-23,retail,67.93
t10057,2025-09-29,retail,16.72
t8912,2025-03-03,food,11.42
t7769,2025-07-19,utilities,136.22
t4150,2025-03-18,food,11.37
t1003,2025-06-04,retail,115.06
t6347,2025-08-16,entertainment,28.63
t6106,2025-04-10,food,30.19
t10832,2025-10-11,entertainment,59.21
t9148,2025-07-03,gas,60.15
t5801,2025-05-10,utilities,148.1
t863,2025-10-17,gas,73.7
t5614,2025-09-09,food,46.02
t7755,2025-06-26,gas,28.41
t3080,2025-07-27,food,9.97
t3852,2025-01-01,retail,110.2
t2628,2025-08-26,food,50.49
t593,2025-05-11,utilities,210.34
t8401,2025-05-12,entertainment,58.54
t3283,2025-01-20,gas,76.42
t1865,2025-09-10,gas,46.98
t5392,2025-10-03,retail,5.74
t3470,2025-06-13,utilities,95.31
t5712,2025-08-11,gas,44.78
t181,2025-06-12,food,38.72
t7713,2025-08-29,retail,252.65
t8999,2025-01-28,utilities,154.64
t6334,2025-04-13,entertainment,45.8
t6331,2025-04-14,food,20.08
t2756,2025-08-04,retail,87.62
t34,2025-01-07,food,15.44
t7564,2025-07-06,utilities,106.88
t3308,2025-06-19,utilities,174.1
t8954,2025-03-03,other,82.18
t1767,2025-07-21,gas,56.56
t5514,2025-10-13,entertainment,66.02
t4025,2025-03-28,gas,89.84
t6828,2025-01-25,food,31.03
t7449,2025-06-16,food,29.68
t6912,2025-08-09,retail,95.64
t1905,2025-08-07,utilities,121.22
t7117,2025-08-05,entertainment,58.44
t9368,2025-07-06,utilities,90.88
t6884,2025-08-11,utilities,66.62
t6962,2025-04-11,food,4.0
t9444,2025-09-24,food,28.61
t2930,2025-03-06,entertainment,22.0
t9670,2025-07-09,entertainment,62.01
t2175,2025-08-21,travel,383.78
t7827,2025-08-08,travel,25.0
t3998,2025-08-31,utilities,152.39
t5077,2025-09-18,utilities,154.39
t901,2025-01-14,entertainment,34.76
t8306,2025-05-26,entertainment,82.78
t6875,2025-06-16,entertainment,57.73
t10641,2025-08-07,gas,41.76
t9189,2025-05-02,entertainment,40.7
t9454,2025-06-25,retail,107.63
t3471,2025-04-08,entertainment,124.99
t4880,2025-05-25,utilities,170.56
t1007,2025-06-05,retail,145.28
t7055,2025-04-27,entertainment,41.91
t5806,2025-07-03,food,17.4
t4499,2025-08-09,food,11.94
t3884,2025-07-02,food,22.1
t93,2025-05-10,other,67.08
t5524,2025-01-18,entertainment,28.97
t10994,2025-08-13,gas,119.44
t2158,2025-02-08,entertainment,85.87
t6233,2025-07-18,retail,93.01
t8250,2025-09-26,other,89.44
t9435,2025-01-30,retail,58.72
t6076,2025-02-19,retail,26.7
t1419,2025-02-16,food,35.78
t3234,2025-09-19,food,39.7
t10673,2025-05-21,entertainment,39.24
t3007,2025-04-07,other,23.8
t7214,2025-08-27,food,6.9
t1656,2025-08-25,retail,157.61
t7933,2025-05-06,retail,104.61
t9613,2025-01-19,retail,138.18
t10537,2025-08-04,food,27.2
t6965,2025-06-24,retail,5.0
t2929,2025-02-09,food,22.66
t1502,2025-10-16,food,18.25
t7304,2025-02-11,other,83.42
t7841,2025-03-15,retail,5.63
t7721,2025-06-15,entertainment,88.45
t9648,2025-06-19,other,2.5
t1428,2025-02-09,retail,136.2
t6597,2025-08-12,retail,67.06
t7741,2025-02-07,retail,44.95
t8511,2025-08-15,retail,182.9
t7585,2025-06-13,travel,634.04
t2778,2025-01-23,other,73.75
t10842,2025-03-03,food,40.83
t9309,2025-05-22,entertainment,74.89
t10069,2025-09-09,entertainment,61.65
t7511,2025-05-15,retail,87.11
t409,2025-03-19,gas,66.09
t1471,2025-02-25,entertainment,93.93
t7348,2025-05-04,entertainment,110.11
t10032,2025-07-26,food,45.88
t10810,2025-03-31,utilities,93.96
t1741,2025-02-06,retail,72.7
t5122,2025-01-19,food,34.43
t4084,2025-09-18,retail,112.28
t6735,2025-09-01,food,24.19
t7554,2025-08-09,food,39.62
t8249,2025-05-25,entertainment,51.14
t6621,2025-03-26,utilities,134.94
t3036,2025-06-15,gas,76.43
t10816,2025-05-13,retail,67.49
t3974,2025-03-06,food,24.67
t1603,2025-07-21,entertainment,63.9
t10117,2025-03-02,gas,61.48
t3693,2025-08-21,food,39.96
t7497,2025-04-19,utilities,54.6
t2465,2025-10-02,retail,53.51
t11437,2025-02-19,gas,67.39
t2418,2025-06-11,utilities,135.84
t4216,2025-09-25,retail,71.72
t3414,2025-02-18,food,33.38
t9385,2025-03-17,retail,63.28
t11061,2025-02-21,gas,60.28
t8549,2025-07-01,gas,65.72
t8338,2025-08-04,food,22.91
t6572,2025-04-09,food,31.94
t3380,2025-10-18,gas,52.49
t5772,2025-03-22,other,19.52
t9907,2025-03-28,utilities,221.16
t3955,2025-08-26,entertainment,42.91
t2752,2025-04-25,entertainment,32.89
t1433,2025-05-13,retail,96.13
t3106,2025-07-01,gas,52.55
t7468,2025-08-02,food,34.4
t10783,2025-09-12,gas,44.04
t1069,2025-10-08,food,24.52
t4318,2025-03-31,entertainment,72.89
t3956,2025-02-07,gas,50.43
t1845,2025-05-16,entertainment,80.53
t11596,2025-09-08,food,31.25
t5026,2025-04-05,food,23.97
t9001,2025-07-04,food,17.58
t5504,2025-02-21,entertainment,69.07
t7253,2025-06-22,retail,15.05
t331,2025-04-18,food,21.15
t3083,2025-06-07,travel,271.64
t5509,2025-08-16,retail,134.1
t2676,2025-05-12,food,20.52
t2911,2025-08-09,retail,40.06
t8496,2025-08-06,other,100.37
t3117,2025-04-04,food,14.64
t7024,2025-09-23,retail,99.65
t6833,2025-06-01,utilities,88.53
t11678,2025-04-07,food,13.52
t10038,2025-10-01,other,148.87
t6272,2025-06-09,retail,126.66
t9925,2025-02-18,food,13.85
t1670,2025-03-02,utilities,102.61
t10468,2025-10-09,gas,43.53
t8139,2025-07-16,food,45.31
t10128,2025-04-02,gas,57.85
t42,2025-08-22,utilities,87.99
t3205,2025-09-25,food,22.06
t10987,2025-10-11,food,44.03
t5071,2025-05-24,utilities,179.07
t319,2025-06-16,food,25.76
t2253,2025-06-07,gas,85.0
t7285,2025-06-12,food,44.85
t6862,2025-04-07,food,12.33
a69,2025-01-24,retail,4998.57
t10072,2025-06-01,gas,51.36
t2475,2025-03-18,food,35.91
t6146,2025-01-27,retail,81.94
t6108,2025-01-05,retail,98.76
t7310,2025-05-26,food,42.3
t8359,2025-02-28,retail,144.29
t6537,2025-06-29,food,30.15
t86,2025-02-09,food,31.02
t6441,2025-10-20,utilities,101.73
t1211,2025-03-01,retail,83.76
t1036,2025-05-28,entertainment,54.55
t5822,2025-07-30,food,40.66
t5025,2025-09-23,retail,17.7
t2808,2025-03-23,food,32.84
t11082,2025-04-09,gas,33.27
t3413,2025-09-18,food,22.87
t7712,2025-03-10,travel,781.13
t10019,2025-01-07,retail,79.7
t3959,2025-06-17,entertainment,112.78
t8574,2025-09-12,food,29.79
t3066,2025-09-04,gas,68.26
t11537,2025-09-09,other,120.08
t5345,2025-07-10,gas,89.54
a46,2025-07-11,gas,1497.87
t10037,2025-09-07,entertainment,96.61
t9053,2025-03-01,gas,72.0
t4623,2025-04-08,utilities,138.22
t4056,2025-08-17,gas,51.8
t1167,2025-08-12,food,30.17
t11431,2025-09-09,entertainment,43.32
t959,2025-08-17,food,33.8
t10360,2025-05-19,food,22.83
t2865,2025-08-19,gas,89.38
t466,2025-03-04,entertainment,83.98
t9456,2025-05-09,travel,684.96
t5383,2025-08-27,utilities,134.75
t7646,2025-02-19,retail,159.22
t8433,2025-07-29,utilities,111.74
t869,2025-03-20,retail,70.82
t6819,2025-05-01,utilities,125.55
a183,2025-10-09,travel,7566.39
t10975,2025-09-15,food,37.4
t3108,2025-04-09,travel,461.0
t4692,2025-10-02,travel,466.1
t11668,2025-04-05,retail,171.94
t6473,2025-01-27,other,100.06
t10850,2025-09-22,utilities,237.97
t5023,2025-05-04,gas,65.5
t8978,2025-06-07,entertainment,71.21
t10521,2025-01-10,utilities,50.5
t7851,2025-04-09,retail,178.32
t4610,2025-02-12,retail,101.3
t7604,2025-04-01,retail,95.05
t7200,2025-10-07,food,16.44
t4673,2025-01-17,utilities,165.52
t5329,2025-09-02,retail,36.41
t10442,2025-03-02,food,36.94
t11057,2025-06-17,utilities,156.77
a148,2025-09-12,utilities,1503.91
t5114,2025-08-18,utilities,83.59
t6832,2025-05-29,gas,82.78
t2956,2025-08-31,food,24.16
t4848,2025-01-23,other,92.5
t7235,2025-09-18,food,27.84
t9627,2025-04-23,food,29.67
t11179,2025-10-05,other,159.53
t1663,2025-09-28,retail,143.84
t9630,2025-10-27,gas,56.6
t1143,2025-04-10,gas,69.76
t6033,2025-07-04,food,33.58
t4585,2025-02-28,other,32.38
t11278,2025-02-09,food,11.94
a21,2025-03-21,travel,10132.48
t4744,2025-10-10,gas,87.5
t5031,2025-04-11,retail,100.35
t6720,2025-08-17,other,85.55
t2743,2025-06-15,gas,52.48
t10400,2025-07-24,retail,119.4
t4140,2025-06-13,food,4.17
t9235,2025-10-26,gas,55.97
t6835,2025-02-01,entertainment,83.41
t10834,2025-06-03,food,13.37
t2488,2025-03-05,utilities,187.87
t6873,2025-03-01,travel,678.77
t2390,2025-09-09,travel,553.23
t8848,2025-09-28,food,13.46
t544,2025-10-20,food,32.59
t9289,2025-09-09,food,21.59
t3329,2025-08-05,retail,75.02
t10083,2025-05-01,food,19.94
t2993,2025-07-09,utilities,150.83
t5637,2025-04-27,other,111.27
t6885,2025-05-25,other,96.12
t2345,2025-06-20,food,36.77
t1840,2025-07-26,food,43.1
t7845,2025-09-24,gas,105.56
t2617,2025-04-02,food,32.13
t8696,2025-02-19,utilities,105.32
t6999,2025-08-18,entertainment,36.15
t1499,2025-05-28,other,29.57
t8344,2025-09-03,food,28.99
t734,2025-09-29,retail,106.89
t4097,2025-03-22,other,44.75
t5562,2025-06-15,entertainment,92.93
t10300,2025-05-12,travel,522.98
t2302,2025-07-01,entertainment,73.73
t11103,2025-01-25,travel,620.78
t2614,2025-04-29,food,40.73
t10304,2025-02-04,entertainment,67.79
t5066,2025-06-25,retail,206.33
t6559,2025-01-28,other,98.32
a204,2025-01-23,retail,1223.31
t6463,2025-01-15,retail,103.24
t4234,2025-09-02,entertainment,38.62
t5734,2025-02-12,food,23.12
t10432,2025-01-23,entertainment,82.11
t10171,2025-02-10,food,39.65
a49,2025-09-01,food,330.49
t6857,2025-03-11,other,70.35
t4960,2025-06-03,gas,38.66
t6073,2025-01-18,retail,64.49
t9396,2025-06-06,other,94.58
t4185,2025-05-15,entertainment,41.85
t11496,2025-09-02,gas,57.93
t903,2025-05-27,travel,533.92
t7880,2025-06-08,food,19.95
t5834,2025-08-11,retail,208.99
t10545,2025-09-09,gas,29.0
t11439,2025-03-26,retail,99.96
t7947,2025-04-16,utilities,150.42
t3188,2025-05-04,entertainment,81.24
t10793,2025-06-17,retail,93.14
t4210,2025-09-30,retail,148.28
t8913,2025-04-01,gas,54.4
t5502,2025-02-16,other,74.7
t9968,2025-08-18,travel,239.92
t9431,2025-04-11,entertainment,73.15
t151,2025-07-15,retail,105.54
t3686,2025-02-17,gas,87.8
t6670,2025-02-19,food,19.92
t3459,2025-07-22,utilities,130.15
t3095,2025-10-19,gas,68.09
t5200,2025-04-26,other,57.53
t10116,2025-01-15,utilities,141.32
t10940,2025-08-04,food,13.77
t3722,2025-05-24,retail,114.67
t3953,2025-07-18,other,33.96
t10767,2025-01-08,food,27.23
t8103,2025-06-20,food,44.89
t709,2025-09-22,utilities,95.14
t4065,2025-05-16,travel,563.82
t2997,2025-01-16,gas,22.24
t10262,2025-10-02,food,31.64
t4195,2025-03-18,retail,145.24
t1635,2025-05-07,travel,516.73
t5647,2025-08-30,other,79.49
t7300,2025-10-27,food,20.17
t7376,2025-03-10,entertainment,25.23
t36,2025-05-31,food,30.63
t2056,2025-09-17,food,23.77
t5007,2025-07-27,food,34.9
t3772,2025-05-11,food,36.2
t1745,2025-08-22,entertainment,46.86
t4078,2025-05-30,food,35.78
t4516,2025-07-23,entertainment,27.09
t6979,2025-01-22,gas,50.59
t429,2025-07-07,entertainment,132.24
t11593,2025-06-12,entertainment,8.68
t3017,2025-03-24,utilities,115.11
t5546,2025-06-23,utilities,154.16
t7637,2025-04-22,travel,357.72
t10005,2025-05-22,food,28.3
t4130,2025-08-06,food,13.05
t4120,2025-07-14,retail,165.41
t2612,2025-10-27,gas,76.74
t4029,2025-09-09,food,32.46
t1627,2025-04-05,retail,160.4
t8502,2025-07-13,other,5.13
t1394,2025-10-03,entertainment,29.82
t4464,2025-02-10,retail,82.98
t10755,2025-10-06,food,22.05
t2202,2025-01-20,gas,34.01
t4148,2025-03-17,travel,464.22
t705,2025-02-20,retail,148.44
t9011,2025-09-26,utilities,102.46
t7679,2025-05-03,gas,56.5
t1356,2025-08-25,food,42.11
t2686,2025-08-05,gas,56.12
t9898,2025-10-27,retail,100.92
t609,2025-03-03,entertainment,84.58
t11527,2025-09-12,entertainment,65.32
t10820,2025-05-20,food,25.94
t10518,2025-03-13,entertainment,129.72
t10196,2025-03-08,food,37.46
t7795,2025-08-23,food,36.46
t1324,2025-09-22,gas,60.78
t9490,2025-03-22,food,9.56
t1596,2025-09-28,entertainment,95.23
t1517,2025-03-27,utilities,99.72
t759,2025-08-31,food,34.57
t10645,2025-04-13,other,125.2
t3903,2025-05-25,retail,78.76
t8797,2025-08-20,food,25.5
a144,2025-06-18,retail,1255.74
t6019,2025-05-15,other,116.81
t4739,2025-01-07,retail,114.81
t4861,2025-04-08,retail,86.02
t400,2025-05-22,other,22.01
t931,2025-09-24,food,23.67
t4004,2025-10-20,entertainment,31.91
t543,2025-05-05,gas,62.21
t11337,2025-07-02,retail,98.17
t8638,2025-07-13,retail,153.85
t11712,2025-08-25,other,34.82
t6132,2025-01-31,entertainment,98.31
t4036,2025-07-02,food,22.33
t1689,2025-10-06,retail,41.92
t2129,2025-06-28,entertainment,94.01
t2289,2025-02-17,entertainment,90.79
t4689,2025-07-01,retail,93.56
t1748,2025-10-03,gas,55.0
t368,2025-05-02,entertainment,60.95
t9434,2025-06-12,entertainment,26.52
t11467,2025-07-01,food,28.96
t8482,2025-06-26,food,29.21
t3265,2025-10-23,travel,823.91
t5951,2025-09-18,entertainment,52.98
t2710,2025-09-26,utilities,76.73
t9682,2025-06-10,utilities,214.14
t64,2025-02-02,other,34.55
t2190,2025-03-16,gas,40.5
t10451,2025-05-08,food,18.6
t4773,2025-08-13,utilities,67.04
t4881,2025-01-12,entertainment,78.4
t10093,2025-09-08,food,34.54
t8060,2025-01-17,food,21.25
t10237,2025-10-23,utilities,138.53
t7733,2025-02-08,utilities,39.14
t7665,2025-07-23,food,18.47
t6249,2025-08-04,food,17.01
t2819,2025-05-13,travel,455.67
t3976,2025-07-15,retail,104.49
t428,2025-10-21,entertainment,59.39
t9247,2025-04-12,food,17.51
t9336,2025-07-21,food,7.56
t6352,2025-03-23,entertainment,68.74
t9732,2025-03-02,entertainment,66.22
t4708,2025-06-27,entertainment,80.89
t5771,2025-01-24,utilities,124.45
t4338,2025-05-19,food,26.24
t11610,2025-03-14,retail,31.45
t7678,2025-05-18,gas,64.04
t677,2025-01-30,gas,55.03
a125,2025-02-15,food,180.38
t6867,2025-02-06,food,25.16
t11150,2025-09-26,entertainment,72.38
t7076,2025-10-06,food,46.59
t10478,2025-09-29,food,38.56
t10860,2025-08-02,food,31.84
t6176,2025-01-11,food,42.94
t2003,2025-06-11,retail,187.24
t7128,2025-08-17,travel,674.08
t6837,2025-02-11,entertainment,61.42
t5569,2025-04-26,food,43.73
t9098,2025-05-02,utilities,130.13
t8982,2025-04-17,retail,161.55
t8884,2025-09-13,travel,591.74
t2291,2025-07-27,food,29.87
t8445,2025-09-12,retail,107.38
t3014,2025-09-27,other,85.27
t741,2025-10-09,entertainment,83.53
t1,2025-05-10,entertainment,36.4
t4615,2025-04-13,retail,176.14
t2518,2025-06-02,retail,65.51
t4330,2025-06-17,other,68.45
t10482,2025-05-23,travel,323.5
t5762,2025-09-22,food,34.11
t5381,2025-10-12,utilities,120.82
t4686,2025-07-28,gas,31.96
t6533,2025-08-01,food,41.31
t8731,2025-04-01,gas,54.86
t5059,2025-07-09,food,33.67
t5126,2025-04-07,entertainment,11.23
t6102,2025-04-18,food,37.58
t8669,2025-06-01,entertainment,115.46
t4336,2025-05-17,other,55.57
t5217,2025-06-07,retail,68.9
t6356,2025-08-02,gas,68.74
t5400,2025-09-14,other,99.12
t3474,2025-02-27,retail,55.84
t9424,2025-01-01,gas,49.97
t9585,2025-02-28,food,34.49
t2448,2025-05-08,other,90.07
t4606,2025-07-22,entertainment,50.96
t10347,2025-02-17,utilities,159.17
t11238,2025-02-12,gas,55.03
t3207,2025-08-10,food,14.27
t1531,2025-01-03,food,31.55
t6376,2025-04-20,retail,107.39
t4027,2025-01-01,entertainment,55.25
t217,2025-03-15,food,17.79
t3621,2025-02-06,entertainment,81.86
t6424,2025-09-05,retail,138.61
t922,2025-10-23,food,43.95
t867,2025-04-05,entertainment,99.63
t6144,2025-03-22,retail,58.25
t9563,2025-07-03,gas,68.72
t18,2025-09-07,entertainment,68.21
t4227,2025-09-22,retail,133.35
t11758,2025-04-17,entertainment,71.38
t11229,2025-02-09,other,72.1
t6465,2025-01-22,food,38.55
t2508,2025-03-16,retail,68.53
t11480,2025-05-09,utilities,45.89
t4809,2025-01-04,retail,105.41
t9055,2025-04-07,gas,42.02
t10804,2025-03-07,retail,115.09
t6686,2025-03-20,utilities,133.04
t2169,2025-04-22,retail,9.13
t796,2025-05-27,food,24.32
t11291,2025-08-13,entertainment,70.02
t11154,2025-01-17,entertainment,79.88
t2317,2025-10-09,food,26.69
t1563,2025-04-08,food,19.64
t6762,2025-03-05,entertainment,5.0
t10306,2025-03-02,retail,139.61
t2343,2025-06-17,retail,100.01
t7250,2025-07-27,food,17.19
t10088,2025-02-18,other,77.25
t2914,2025-10-13,retail,126.11
t7771,2025-01-24,food,25.43
t3782,2025-09-15,food,13.41
t11002,2025-04-10,travel,386.21
t10963,2025-09-13,other,112.04
t3483,2025-05-24,other,78.65
t684,2025-05-29,food,32.42
t7008,2025-03-02,food,16.82
t6487,2025-06-21,food,37.54
t10866,2025-02-11,food,10.39
t578,2025-04-24,entertainment,59.24
t11141,2025-02-05,food,24.6
t2969,2025-01-27,other,82.73
t11473,2025-07-07,retail,69.01
t7664,2025-08-03,food,8.92
t6754,2025-05-15,other,86.58
t6521,2025-10-08,food,26.79
t762,2025-04-01,retail,172.7
t5268,2025-03-10,retail,87.29
t8991,2025-02-10,gas,76.27
t10794,2025-06-14,gas,89.37
t1458,2025-04-07,retail,126.29
t1618,2025-05-16,gas,62.7
t4450,2025-01-19,other,114.84
t6570,2025-08-01,gas,62.08
t2251,2025-06-24,retail,122.62
t10011,2025-01-07,other,82.92
t2577,2025-09-24,food,17.39
t6522,2025-08-23,food,14.06
t2615,2025-09-05,food,28.4
t5590,2025-10-18,retail,215.71
t4399,2025-03-06,retail,34.6
t6591,2025-07-03,utilities,75.46
t8772,2025-08-06,entertainment,83.95
t9776,2025-10-09,retail,82.15
t8116,2025-03-06,food,15.96
t1808,2025-08-06,food,31.96
t6585,2025-01-15,food,24.74
t10904,2025-05-17,food,28.56
t10280,2025-04-01,food,30.87
t5715,2025-05-24,retail,29.11
t3533,2025-03-22,food,15.27
t1042,2025-04-13,gas,94.78
t3854,2025-01-03,entertainment,94.46
t4975,2025-10-05,other,89.65
t5008,2025-01-03,entertainment,52.83
t174,2025-02-27,food,33.93
t7021,2025-10-22,other,191.97
t170,2025-07-29,entertainment,63.1
t8862,2025-05-04,entertainment,91.51
t7901,2025-02-04,entertainment,88.53
t8551,2025-06-05,utilities,118.8
t3942,2025-04-03,food,34.26
t1273,2025-10-19,gas,73.65
t7154,2025-08-31,retail,46.9
t961,2025-10-06,food,23.22
t2544,2025-08-23,food,26.98
t4719,2025-04-13,travel,722.11
t7945,2025-09-20,food,26.85
t884,2025-04-12,utilities,46.19
t10438,2025-06-11,retail,144.15
t2523,2025-04-07,food,37.72
t800,2025-03-25,food,42.19
a86,2025-05-01,other,747.11
t8331,2025-05-26,gas,55.2
t4031,2025-10-15,food,26.08
t1594,2025-01-27,utilities,65.46
t2537,2025-05-17,other,46.58
t2883,2025-04-17,entertainment,60.31
t6497,2025-03-01,entertainment,89.7
t6766,2025-07-24,food,30.7
t3602,2025-02-05,food,25.38
t4419,2025-01-05,entertainment,95.08
t4783,2025-06-03,utilities,103.66
t4221,2025-03-08,utilities,113.14
t6552,2025-04-03,retail,147.39
t3679,2025-10-22,food,34.99
t1161,2025-06-04,gas,35.99
t3885,2025-04-08,food,32.72
t9625,2025-02-10,entertainment,79.76
t4481,2025-10-19,food,36.77
t10372,2025-08-18,utilities,204.44
t8453,2025-03-25,gas,27.85
t7996,2025-07-25,utilities,41.11
t587,2025-08-04,retail,173.34
t1580,2025-03-12,gas,36.51
t5397,2025-09-21,food,45.97
t6998,2025-03-21,utilities,65.45
t10668,2025-10-24,retail,152.12
t11049,2025-09-17,other,40.4
t2958,2025-01-12,other,122.78
t7517,2025-09-02,retail,138.38
t8683,2025-10-18,gas,39.92
t2586,2025-01-26,food,42.33
t1148,2025-01-27,other,112.68
t8716,2025-05-22,travel,334.69
t9620,2025-04-06,utilities,140.96
t9503,2025-06-01,entertainment,60.52
t4563,2025-06-27,gas,48.2
t11489,2025-10-15,retail,118.61
t5020,2025-01-21,utilities,168.19
t11109,2025-06-06,retail,100.88
t2535,2025-01-25,food,26.19
t9303,2025-05-24,gas,61.28
t8349,2025-10-05,retail,104.23
t3266,2025-10-05,retail,140.93
t8986,2025-05-19,other,56.75
t5107,2025-05-25,retail,172.78
t9728,2025-10-21,food,22.84
t7872,2025-07-11,food,24.17
t2677,2025-09-27,travel,556.42
t11181,2025-04-29,gas,37.04
t10265,2025-09-20,retail,101.78
t11393,2025-04-29,food,47.29
t10472,2025-03-21,retail,52.23
t104,2025-02-13,other,93.26
t11211,2025-01-09,retail,85.5
t9239,2025-09-13,travel,477.56
t9529,2025-01-30,other,74.18
t5419,2025-03-04,food,15.32
t3232,2025-06-06,retail,95.59
t5710,2025-01-29,entertainment,54.85
t5269,2025-09-26,utilities,144.71
t10992,2025-09-30,entertainment,94.62
t6046,2025-04-20,food,29.39
t3353,2025-03-31,food,38.63
t9996,2025-06-17,retail,57.23
t6307,2025-03-08,gas,39.0
t8224,2025-03-20,entertainment,48.53
t8512,2025-08-08,retail,93.57
t292,2025-09-16,food,24.55
t8164,2025-09-20,retail,153.55
t9241,2025-08-16,food,38.01
t10649,2025-06-06,food,34.15
t5147,2025-05-17,retail,139.96
t2610,2025-06-04,food,40.25
t3725,2025-02-22,retail,152.85
t8277,2025-07-27,entertainment,35.39
t7676,2025-05-06,entertainment,62.04
t8450,2025-09-12,food,26.03
t3791,2025-03-05,utilities,108.82
t3648,2025-05-30,food,16.35
t5770,2025-08-23,utilities,119.53
t3746,2025-06-12,retail,198.78
t2240,2025-06-24,food,22.73
t2517,2025-01-31,food,19.57
t6897,2025-03-16,retail,140.16
a150,2025-01-25,utilities,1257.33
t9765,2025-05-31,food,19.52
t6955,2025-08-12,food,40.0
t1714,2025-09-05,retail,260.37
t4707,2025-05-19,food,13.5
t579,2025-02-25,food,39.46
t10186,2025-01-10,gas,66.64
t1512,2025-02-11,retail,115.85
t6138,2025-02-16,retail,46.03
t11407,2025-04-27,gas,56.77
t6160,2025-06-22,travel,232.01
t2233,2025-08-06,gas,67.66
t5652,2025-09-11,utilities,153.02
t9532,2025-06-17,food,25.18
t3752,2025-01-08,food,25.03
t9822,2025-10-18,retail,177.58
t10684,2025-09-04,retail,132.49
t4455,2025-02-15,utilities,86.61
t6419,2025-05-18,retail,47.74
t1769,2025-04-18,gas,48.65
t4863,2025-02-16,food,23.71
t622,2025-05-29,gas,60.41
t8488,2025-05-29,food,26.66
t7653,2025-02-17,food,31.09
t3834,2025-09-19,food,18.87
t11210,2025-04-01,gas,63.24
t5613,2025-03-10,retail,94.84
t4537,2025-04-13,utilities,104.63
t7364,2025-10-04,food,23.49
t5226,2025-01-29,food,26.98
t266,2025-05-30,food,41.93
t834,2025-08-31,other,11.88
t8286,2025-05-19,food,30.78
t2920,2025-08-24,other,38.64
t11320,2025-09-09,retail,80.14
t1286,2025-10-03,gas,34.2
t10008,2025-07-19,other,99.47
t11498,2025-09-22,other,63.91
t4191,2025-06-16,gas,69.54
t6342,2025-07-27,utilities,196.14
t10329,2025-03-23,food,32.24
a200,2025-08-18,utilities,750.03
t9472,2025-03-10,other,86.8
t9900,2025-01-14,other,31.42
t5435,2025-01-09,food,28.71
t11566,2025-08-31,retail,80.48
t10858,2025-06-22,other,152.38
t1397,2025-08-28,food,26.93
t260,2025-03-24,travel,238.41
t10324,2025-08-09,food,25.66
t1672,2025-06-20,food,20.53
t7924,2025-08-25,food,12.04
t6974,2025-07-01,gas,45.08
t8264,2025-03-10,retail,112.07
t757,2025-06-14,travel,508.41
t4755,2025-09-25,retail,47.45
t8242,2025-07-22,travel,501.63
t11538,2025-02-06,gas,55.14
t8383,2025-07-27,travel,386.7
t9508,2025-02-11,entertainment,57.92
t4220,2025-09-02,food,13.15
t4891,2025-06-10,travel,673.08
t10236,2025-03-28,food,22.53
t10453,2025-05-03,retail,111.03
t8672,2025-10-08,entertainment,65.58
t695,2025-01-18,travel,351.55
t10188,2025-04-29,entertainment,69.15
t8072,2025-09-13,retail,57.9
t8177,2025-09-08,other,73.18
t9879,2025-08-13,entertainment,6.06
t3577,2025-07-02,gas,87.96
t6099,2025-06-28,gas,44.58
t9074,2025-04-18,food,24.93
t8883,2025-04-24,entertainment,47.42
t7703,2025-07-05,utilities,89.35
t5732,2025-03-02,gas,31.88
t2010,2025-05-31,gas,74.77
t6320,2025-07-06,other,137.48
t11543,2025-07-24,travel,441.88
t5378,2025-09-06,gas,39.41
t11722,2025-09-18,retail,150.61
t4116,2025-08-18,gas,51.56
t6367,2025-01-12,utilities,99.58
t10467,2025-04-15,gas,54.16
t11521,2025-04-15,gas,104.89
t7204,2025-09-05,gas,48.33
t3170,2025-02-10,retail,40.2
t4827,2025-01-02,entertainment,94.97
t6115,2025-05-18,other,115.62
t3888,2025-09-18,utilities,62.29
t3947,2025-02-06,food,37.88
t1238,2025-04-10,retail,152.3
t2999,2025-02-09,food,27.23
t7677,2025-07-25,travel,428.64
t2755,2025-05-09,food,26.21
t10838,2025-10-02,other,145.99
t8803,2025-04-18,utilities,115.92
t7140,2025-01-29,other,110.88
t11250,2025-03-29,retail,186.44
t11385,2025-01-20,retail,175.37
t1965,2025-07-21,food,17.08
t8508,2025-02-22,other,100.56
t10828,2025-10-18,other,74.94
t10722,2025-01-10,entertainment,48.28
t820,2025-10-19,food,25.85
t11366,2025-06-08,other,120.9
t11447,2025-04-20,utilities,50.71
t7749,2025-09-24,travel,894.02
t2541,2025-02-05,retail,49.89
t5722,2025-02-07,food,10.52
t6086,2025-03-31,gas,54.89
t7550,2025-08-17,travel,495.87
t1062,2025-09-03,entertainment,46.17
t5925,2025-07-21,gas,54.83
t8284,2025-04-24,utilities,115.34
t1255,2025-01-20,utilities,172.18
t953,2025-03-03,travel,223.15
t9134,2025-06-24,travel,426.38
t10100,2025-10-24,food,26.47
t4793,2025-07-16,gas,53.82
t7857,2025-01-31,food,19.27
t1119,2025-10-06,other,18.89
t7453,2025-07-26,retail,195.69
t9576,2025-02-22,utilities,34.52
t1955,2025-05-26,entertainment,64.52
t4059,2025-08-17,food,40.07
t10429,2025-06-11,entertainment,14.21
t4090,2025-05-06,entertainment,68.61
t6682,2025-01-18,utilities,151.03
t1719,2025-07-23,retail,163.39
t4402,2025-04-26,retail,43.24
t4239,2025-01-02,food,33.13
t8646,2025-03-21,retail,147.5
t10563,2025-07-20,entertainment,55.2
t2338,2025-06-26,retail,64.73
t3028,2025-04-22,food,29.63
t8909,2025-01-05,other,90.82
t3644,2025-07-17,retail,76.64
t2413,2025-06-06,food,32.63
t9565,2025-02-04,utilities,29.57
t4443,2025-10-09,food,20.57
a14,2025-06-10,food,1001.37
t2715,2025-04-09,utilities,112.05
t1057,2025-07-02,entertainment,59.6
t1147,2025-08-08,retail,223.46
t4454,2025-08-26,food,26.38
t3448,2025-08-26,retail,118.1
t3659,2025-03-21,entertainment,53.87
t6245,2025-03-22,food,35.93
t3899,2025-05-05,food,14.22
t9,2025-01-21,entertainment,46.27
t7160,2025-08-15,utilities,83.91
t3450,2025-02-03,food,24.24
t3681,2025-02-28,retail,144.1
t6381,2025-09-12,food,11.22
t97,2025-02-05,retail,79.85
t1460,2025-02-21,gas,23.94
t1972,2025-06-24,gas,76.21
t427,2025-10-08,other,42.86
t2955,2025-07-07,retail,56.7
t3897,2025-07-27,entertainment,85.11
t10672,2025-10-20,retail,153.43
t3774,2025-09-23,gas,61.74
t10581,2025-07-30,entertainment,27.71
t10742,2025-02-11,entertainment,62.24
t5385,2025-09-04,food,24.08
t10710,2025-09-25,other,139.23
t5639,2025-07-15,retail,165.39
t980,2025-08-05,retail,178.62
t5854,2025-01-26,entertainment,63.82
t1043,2025-09-07,food,40.13
t7218,2025-07-28,utilities,121.24
t10643,2025-07-12,food,34.42
t10397,2025-01-15,food,22.75
t3273,2025-06-10,utilities,192.1
t1966,2025-08-03,food,28.23
t2679,2025-07-17,other,58.5
t3711,2025-08-25,utilities,178.74
t2895,2025-09-01,retail,68.38
t6706,2025-06-28,entertainment,81.33
t5744,2025-03-15,retail,118.41
t11682,2025-08-31,food,10.18
t583,2025-06-09,food,11.37
a40,2025-04-26,food,357.01
t10230,2025-08-19,food,19.87
t3317,2025-04-03,other,116.55
t6859,2025-02-25,food,24.35
a61,2025-04-06,utilities,495.18
t7064,2025-01-24,food,30.55
t4,2025-08-24,food,18.61
t5791,2025-06-14,gas,29.47
t411,2025-04-02,utilities,164.03
t1733,2025-09-21,retail,121.28
t9808,2025-07-25,food,36.09
t8261,2025-02-03,food,24.81
t10342,2025-03-25,retail,60.89
t10845,2025-05-11,entertainment,99.0
t6026,2025-05-16,retail,88.0
t264,2025-02-11,retail,22.79
t5099,2025-02-28,food,28.88
t440,2025-10-22,food,25.1
t11705,2025-09-13,entertainment,82.7
t11728,2025-09-20,travel,706.34
t4542,2025-05-08,utilities,111.01
t5788,2025-08-09,other,73.43
t1108,2025-09-11,retail,103.78
t11404,2025-05-05,gas,44.66
t5889,2025-06-04,retail,102.06
t6785,2025-10-27,food,35.68
t89,2025-05-30,gas,42.82
t2974,2025-05-14,retail,5.0
t5130,2025-06-04,food,20.02
t7961,2025-10-24,utilities,157.65
t2125,2025-05-05,gas,44.04
t3575,2025-01-28,entertainment,44.39
t7878,2025-09-07,retail,199.66
t275,2025-02-23,food,34.23
t1282,2025-06-05,food,20.04
t3753,2025-10-26,other,194.71
t2076,2025-07-08,food,41.73
t11739,2025-08-11,food,35.65
t7825,2025-09-09,entertainment,82.85
t10925,2025-10-05,food,18.61
t6436,2025-01-22,food,29.1
t3316,2025-05-26,gas,67.36
t6110,2025-01-11,entertainment,52.9
t8375,2025-07-01,food,23.25
t6194,2025-04-14,food,30.93
t10988,2025-08-29,retail,45.26
t4439,2025-05-08,food,13.41
t416,2025-03-27,utilities,144.22
t7412,2025-10-09,entertainment,80.26
t2217,2025-07-03,retail,134.65
t11429,2025-01-13,travel,671.24
t10848,2025-08-22,other,44.93
t2128,2025-10-13,gas,68.8
t6348,2025-04-01,food,45.92
t4316,2025-03-14,travel,774.08
t11077,2025-10-27,gas,45.68
t7188,2025-08-24,entertainment,87.09
t711,2025-07-15,food,19.34
t7403,2025-04-11,gas,46.98
t3412,2025-10-24,utilities,108.47
t5468,2025-06-16,retail,95.67
t408,2025-05-06,utilities,97.18
t3060,2025-05-12,food,40.86
t9871,2025-01-06,food,15.68
t8937,2025-03-09,retail,81.6
t6761,2025-01-16,entertainment,32.69
t4598,2025-10-26,food,37.59
t4413,2025-08-20,retail,82.61
t3853,2025-01-27,food,32.91
t8162,2025-03-25,gas,25.07
a9,2025-03-21,food,191.53
t5881,2025-10-08,food,12.97
t3208,2025-01-20,food,45.36
t2656,2025-05-18,retail,93.87
t5240,2025-06-24,gas,52.01
t1984,2025-01-14,retail,88.43
t7840,2025-02-25,retail,157.13
t3871,2025-01-18,gas,41.61
t8274,2025-07-08,food,25.58
t7402,2025-08-30,food,23.71
t1524,2025-07-12,utilities,121.05
t11555,2025-05-28,utilities,203.61
t9081,2025-10-06,retail,163.59
t5677,2025-09-15,food,48.4
t1111,2025-07-02,food,32.49
t10071,2025-04-11,gas,79.86
t1407,2025-03-15,other,126.89
t8236,2025-10-27,other,42.72
t3039,2025-07-11,gas,52.81
t9408,2025-05-17,utilities,34.3
a129,2025-01-23,food,752.25
t3913,2025-04-18,food,31.17
t8269,2025-10-22,retail,48.29
t4561,2025-10-05,food,6.55
t6087,2025-07-18,food,17.35
t10654,2025-08-18,entertainment,64.87
t10839,2025-01-22,food,29.49
t11580,2025-04-25,food,36.77
t11050,2025-01-25,food,13.87
t4899,2025-03-10,retail,171.83
t11745,2025-05-08,entertainment,98.86
t634,2025-03-21,other,82.57
t11136,2025-04-10,entertainment,50.37
t8934,2025-07-08,other,64.62
t4123,2025-01-05,retail,22.29
t4808,2025-08-29,travel,524.65
t6212,2025-04-01,food,20.21
t7929,2025-04-14,travel,688.6
t132,2025-07-04,food,43.34
t10696,2025-06-09,gas,37.89
t456,2025-06-10,food,30.67
t7526,2025-06-25,food,20.98
t9442,2025-06-29,food,27.5
t9389,2025-06-17,food,21.64
t10878,2025-07-29,entertainment,43.21
t775,2025-02-27,other,49.21
t5036,2025-02-16,gas,54.32
t312,2025-04-06,food,29.65
t5166,2025-07-06,food,10.57
t3596,2025-06-28,utilities,76.82
t3839,2025-06-30,other,92.16
t3694,2025-02-21,other,83.26
t2070,2025-01-31,retail,56.45
t470,2025-07-16,retail,110.25
t3847,2025-05-31,other,67.9
t1351,2025-04-21,entertainment,57.82
t8656,2025-05-05,other,96.98
t4396,2025-09-02,food,19.95
t6957,2025-08-09,food,35.09
t10947,2025-05-25,utilities,154.86
t248,2025-10-05,entertainment,77.32
t994,2025-10-09,retail,109.26
t737,2025-08-14,food,22.23
t10528,2025-07-21,food,16.72
t2953,2025-03-22,food,30.86
t3350,2025-07-24,food,17.77
t4990,2025-09-19,entertainment,109.15
t3706,2025-07-09,retail,83.24
t9583,2025-05-28,gas,60.97
t564,2025-04-19,gas,76.85
t1723,2025-04-14,food,16.8
t4780,2025-07-30,entertainment,71.21
t3001,2025-03-06,other,84.87
t5254,2025-09-27,gas,64.4
t1577,2025-07-26,food,27.02
t74,2025-07-18,gas,62.5
t10908,2025-10-22,entertainment,58.64
t2239,2025-08-19,retail,166.96
t3524,2025-01-15,retail,115.51
t5665,2025-04-11,other,100.94
t2885,2025-08-06,utilities,176.42
t6852,2025-04-06,other,56.43
t6502,2025-10-24,utilities,202.5
t5891,2025-10-20,other,115.34
t8447,2025-02-08,other,78.35
t80,2025-10-19,retail,97.24
t6428,2025-05-08,other,156.05
t10435,2025-08-18,travel,406.21
t2155,2025-03-21,gas,78.64
t797,2025-06-12,utilities,151.83
t8553,2025-03-22,gas,78.17
t7081,2025-08-30,food,23.16
t3091,2025-01-29,travel,457.71
t10606,2025-09-21,retail,137.24
t2520,2025-02-08,travel,774.79
t11604,2025-09-30,food,8.91
t5693,2025-09-08,utilities,174.86
t7212,2025-07-21,entertainment,68.66
t9857,2025-03-28,entertainment,41.94
t2716,2025-02-11,gas,69.34
t5228,2025-02-24,gas,79.79
t7786,2025-05-25,retail,71.83
t10481,2025-06-16,other,86.65
t6068,2025-01-23,other,41.63
t334,2025-07-24,food,15.96
t4412,2025-10-06,travel,566.75
t10203,2025-10-03,food,50.79
t8418,2025-06-01,gas,81.16
t10111,2025-05-27,food,27.36
t1085,2025-01-28,retail,179.37
t5981,2025-03-14,food,25.74
t1473,2025-04-25,travel,735.72
t451,2025-10-08,entertainment,43.15
t1852,2025-04-13,travel,409.82
t10187,2025-09-30,other,7.22
t3747,2025-04-09,gas,63.21
t10420,2025-03-19,travel,695.7
t3324,2025-02-02,gas,64.55
t294,2025-05-10,entertainment,36.89
t1251,2025-09-13,gas,59.02
t1146,2025-02-13,other,147.26
t2456,2025-01-14,gas,42.18
t6179,2025-09-15,food,18.5
t3520,2025-04-02,travel,634.52
t7018,2025-10-16,other,144.76
t1954,2025-03-28,entertainment,66.85
t10401,2025-10-22,gas,54.72
t11509,2025-10-22,retail,58.31
t8318,2025-06-16,entertainment,100.61
t6392,2025-10-26,utilities,73.79
t10557,2025-06-20,retail,68.35
t853,2025-08-10,food,23.91
t1495,2025-04-22,utilities,109.83
t2860,2025-08-03,food,37.14
t4346,2025-06-30,gas,65.26
t7415,2025-01-15,retail,81.09
t10520,2025-04-25,gas,74.12
t1806,2025-01-01,utilities,130.3
t8531,2025-01-13,other,103.14
t6740,2025-01-14,entertainment,107.23
t10380,2025-02-23,entertainment,73.54
t7088,2025-10-05,entertainment,112.97
t10835,2025-06-17,entertainment,46.46
t189,2025-06-30,food,7.32
t1124,2025-07-12,utilities,110.76
t11363,2025-01-02,retail,176.18
a169,2025-09-13,other,1502.98
t6587,2025-02-12,retail,124.19
a232,2025-05-27,travel,7523.01
t9406,2025-04-07,utilities,96.81
t6758,2025-02-20,other,137.16
t3707,2025-08-09,entertainment,36.92
t6770,2025-10-18,gas,64.34
t5293,2025-06-07,gas,25.89
t1595,2025-05-08,food,16.73
t11732,2025-09-19,gas,86.28
t2590,2025-08-11,travel,98.0
t501,2025-06-09,other,34.58
t3600,2025-07-26,food,21.76
t291,2025-05-05,food,32.99
t5377,2025-09-18,utilities,145.9
t11711,2025-10-13,food,15.0
t10792,2025-06-03,gas,71.65
t2933,2025-02-20,retail,101.89
t3563,2025-09-29,entertainment,81.99
t4973,2025-01-25,gas,64.34
t5273,2025-05-23,retail,142.64
t8527,2025-03-28,gas,54.7
t3469,2025-08-26,travel,419.64
t591,2025-09-29,utilities,112.21
t3689,2025-05-10,food,15.34
t8601,2025-07-16,gas,65.51
t2272,2025-07-15,gas,61.88
t7443,2025-01-08,other,14.87
t5823,2025-07-24,retail,120.02
t2770,2025-02-08,food,20.8
t1092,2025-09-22,entertainment,103.48
t2772,2025-09-09,entertainment,72.51
t3255,2025-02-10,other,46.7
t5054,2025-06-22,food,19.18
t8006,2025-10-24,utilities,196.79
t778,2025-05-06,retail,89.93
t9432,2025-04-20,retail,79.0
t300,2025-01-15,food,29.07
t9884,2025-02-01,food,17.0
t1091,2025-06-20,entertainment,36.62
t1195,2025-09-20,utilities,149.01
t8181,2025-02-18,retail,183.14
t5466,2025-02-21,retail,64.68
t8742,2025-08-10,utilities,93.73
t533,2025-02-08,gas,48.92
t3264,2025-03-04,other,27.34
t972,2025-07-17,utilities,142.65
t11381,2025-02-03,retail,112.73
t4085,2025-02-24,food,33.43
t1114,2025-02-19,food,33.44
t3709,2025-03-14,gas,22.59
t6713,2025-09-01,entertainment,65.46
t1593,2025-10-17,food,34.72
t2392,2025-02-22,gas,84.85
t7925,2025-08-06,travel,739.74
t5886,2025-03-14,retail,27.2
t7308,2025-03-23,gas,65.58
t5728,2025-03-22,retail,174.58
t1083,2025-06-15,retail,173.21
t5642,2025-09-03,food,33.19
t3446,2025-09-05,retail,165.67
t11689,2025-02-04,retail,75.27
t8178,2025-06-03,retail,88.96
t8864,2025-03-18,retail,39.72
t2021,2025-10-20,utilities,155.27
t9737,2025-05-29,food,17.27
t1804,2025-03-17,utilities,134.56
t11634,2025-04-01,food,43.22
t4099,2025-01-14,food,8.88
t4890,2025-08-06,retail,5.0
t8564,2025-06-09,food,17.37
t2760,2025-01-29,retail,108.1
t1643,2025-06-03,food,27.06
t10364,2025-08-24,retail,134.44
t8758,2025-07-21,food,37.4
t8662,2025-08-25,food,24.5
t7482,2025-09-27,other,51.74
t4644,2025-10-23,food,19.15
t8262,2025-03-24,other,28.71
t5387,2025-10-18,gas,10.0
t9361,2025-10-12,food,33.64
t2089,2025-05-23,other,134.97
t4008,2025-04-22,gas,81.39
t47,2025-04-03,utilities,140.47
t10782,2025-08-28,retail,116.05
t1150,2025-04-26,other,85.86
t9187,2025-08-03,food,13.51
t9335,2025-09-17,entertainment,68.29
t896,2025-07-29,other,124.32
t11265,2025-08-06,food,29.0
t7725,2025-10-09,retail,163.88
t766,2025-07-03,entertainment,22.07
t9403,2025-09-23,entertainment,11.76
t11145,2025-05-09,entertainment,157.09
t7956,2025-08-13,retail,101.52
t3579,2025-01-09,retail,100.8
t2936,2025-06-22,retail,148.62
t1567,2025-08-14,other,103.39
a97,2025-07-16,travel,3655.62
t9519,2025-02-21,retail,86.15
t1202,2025-01-20,food,11.7
t5262,2025-04-04,food,5.08
t3756,2025-01-30,food,33.97
t5334,2025-01-24,food,47.42
t11029,2025-03-19,travel,197.37
t3038,2025-02-13,retail,77.74
t10582,2025-02-22,entertainment,99.88
t566,2025-05-14,other,131.06
t8392,2025-05-18,food,11.02
t2620,2025-10-23,food,22.3
t8956,2025-01-28,retail,220.05
t4192,2025-07-23,entertainment,88.04
t4924,2025-07-15,travel,48.22
t1012,2025-07-13,other,57.63
t11540,2025-05-17,travel,535.3
t6393,2025-07-02,food,18.36
a39,2025-03-13,travel,999.17
t3425,2025-02-24,gas,42.72
t7541,2025-01-12,entertainment,43.91
t8733,2025-01-28,gas,80.41
t10607,2025-08-12,utilities,160.86
t2109,2025-05-29,gas,79.72
t2817,2025-07-31,other,129.74
t9206,2025-08-22,travel,25.0
t2391,2025-03-03,food,34.8
a95,2025-06-21,food,470.76
t5588,2025-04-07,entertainment,92.23
t2120,2025-01-21,utilities,190.92
t9945,2025-05-14,gas,69.62
t6378,2025-09-18,other,111.07
t5838,2025-03-24,entertainment,62.52
t8630,2025-10-25,gas,69.1
t10179,2025-05-17,retail,173.95
t10379,2025-04-02,travel,688.32
t6006,2025-04-20,retail,71.28
t10652,2025-04-09,gas,52.4
t4914,2025-08-26,utilities,142.78
t7821,2025-01-07,food,30.96
t1346,2025-10-20,food,20.3
t1445,2025-03-25,food,27.55
t2626,2025-07-29,utilities,164.01
t8856,2025-09-21,food,18.77
t81,2025-03-25,food,39.52
t5428,2025-04-02,food,28.32
t2408,2025-01-16,food,31.39
t336,2025-09-15,other,35.37
t2875,2025-04-29,food,18.06
t6158,2025-07-29,gas,69.6
t3892,2025-02-22,food,26.23
t1573,2025-02-26,retail,85.82
t8218,2025-09-27,retail,21.68
t3945,2025-04-03,entertainment,8.65
t2110,2025-01-26,utilities,77.27
t10243,2025-10-03,food,20.96
t1510,2025-07-19,retail,138.08
t1897,2025-08-02,travel,307.76
t9659,2025-04-23,gas,58.14
t7822,2025-03-05,other,52.81
t9920,2025-03-22,utilities,31.59
t6045,2025-05-12,food,24.35
t1846,2025-02-07,food,23.69
t112,2025-03-16,retail,123.33
t473,2025-03-17,utilities,118.54
t9546,2025-04-09,retail,80.98
t7326,2025-07-19,entertainment,79.16
t6776,2025-03-26,entertainment,75.13
t8799,2025-06-19,gas,35.35
t9015,2025-06-03,retail,5.0
t9982,2025-04-11,entertainment,75.59
t1184,2025-03-14,food,19.82
t6598,2025-10-23,food,24.58
t7079,2025-06-12,retail,84.84
t3438,2025-09-24,food,32.1
t2311,2025-05-23,gas,65.51
t9062,2025-10-13,gas,29.64
t11043,2025-09-14,gas,52.86
t7320,2025-03-28,travel,444.7
t4342,2025-05-28,other,118.44
t2693,2025-10-13,food,20.45
t8806,2025-06-21,gas,57.0
t8597,2025-07-10,entertainment,88.99
t5529,2025-10-08,gas,54.65
t2890,2025-09-06,food,28.3
t2185,2025-07-19,retail,73.31
t5779,2025-04-04,entertainment,55.95
t4395,2025-10-05,utilities,107.14
t10278,2025-08-01,entertainment,118.27
t10388,2025-05-08,retail,51.57
t6024,2025-08-14,food,47.71
t9036,2025-06-05,food,15.35
t9422,2025-02-13,food,18.55
t1194,2025-03-29,travel,523.27
t46,2025-02-23,travel,490.33
t3650,2025-01-09,entertainment,65.2
t9731,2025-04-11,retail,84.45
t9476,2025-04-19,retail,112.34
t1579,2025-03-04,retail,47.26
t3140,2025-04-29,entertainment,38.33
t8289,2025-08-19,food,49.73
t3430,2025-07-13,gas,68.43
t1585,2025-08-04,food,49.13
t4190,2025-06-20,retail,69.14
t5973,2025-06-14,food,4.0
t10465,2025-07-26,retail,189.71
t3335,2025-04-18,utilities,130.02
t6763,2025-04-10,gas,39.27
t11228,2025-06-03,food,31.17
t10122,2025-08-20,food,30.84
t316,2025-09-25,retail,105.57
t10287,2025-03-03,gas,67.28
t6622,2025-02-17,entertainment,53.64
t6534,2025-02-21,food,47.37
t9370,2025-05-23,retail,149.03
t2145,2025-09-27,food,34.9
t6501,2025-05-05,retail,108.42
t10043,2025-06-06,food,38.7
t5863,2025-02-26,utilities,96.36
t5197,2025-02-05,entertainment,56.34
t6663,2025-05-13,entertainment,42.24
t5171,2025-02-28,food,18.12
t9027,2025-02-04,retail,149.18
t1072,2025-08-01,retail,97.57
t9213,2025-05-09,food,16.31
t7629,2025-09-15,other,53.29
t5606,2025-03-23,retail,61.32
t9964,2025-02-09,retail,136.1
t10436,2025-10-10,entertainment,36.67
t410,2025-02-07,food,32.7
t3785,2025-03-29,retail,112.45
t3442,2025-07-28,food,11.39
t577,2025-09-12,retail,151.13
t8609,2025-06-13,utilities,129.71
t5577,2025-06-21,gas,76.71
t7198,2025-02-11,gas,67.39
t714,2025-07-06,retail,56.04
t9467,2025-10-08,food,27.63
t5872,2025-09-30,retail,113.15
t1088,2025-04-19,entertainment,24.15
t3248,2025-09-13,food,30.44
t8474,2025-06-18,retail,111.34
t8761,2025-10-26,travel,194.29
t2216,2025-06-20,gas,22.52
t1455,2025-09-11,retail,201.54
t4588,2025-07-19,retail,74.9
t2421,2025-01-01,other,135.32
t2859,2025-09-27,food,36.66
t882,2025-03-17,utilities,152.85
t1711,2025-05-14,food,25.39
t3990,2025-10-05,gas,47.47
a157,2025-04-11,other,749.08
t9104,2025-01-18,food,24.0
t4717,2025-09-26,utilities,45.99
t11694,2025-02-13,retail,130.25
t2406,2025-05-27,food,17.65
t3882,2025-03-13,food,32.38
a75,2025-07-27,utilities,2485.64
t3061,2025-08-28,food,30.69
t11620,2025-03-13,other,115.58
t3354,2025-09-25,utilities,155.82
t9129,2025-10-15,gas,54.0
t10996,2025-04-03,food,33.83
t1598,2025-05-25,other,79.97
t6651,2025-02-14,retail,138.4
t3527,2025-06-20,gas,32.07
t7385,2025-06-29,food,26.17
t9660,2025-01-11,food,28.78
t4654,2025-05-04,other,68.9
t10822,2025-03-04,food,32.97
t1181,2025-02-22,utilities,129.95
t8510,2025-10-01,food,39.24
t8166,2025-07-25,retail,124.69
t5628,2025-10-17,food,11.38
t7519,2025-04-09,retail,127.34
t8822,2025-04-13,entertainment,53.91
t4772,2025-10-04,food,17.35
t7149,2025-07-06,gas,83.28
t4722,2025-07-20,other,47.6
t2639,2025-10-08,food,8.25
t8818,2025-07-19,other,33.48
t8472,2025-01-24,gas,54.97
t4388,2025-10-14,gas,48.03
t2910,2025-09-21,food,32.63
t10589,2025-02-05,entertainment,41.44
t2329,2025-06-17,food,26.89
t2761,2025-08-09,retail,88.45
t1692,2025-07-25,retail,128.92
t4193,2025-03-09,food,21.2
t124,2025-04-09,gas,36.57
t10554,2025-03-09,travel,217.41
t1953,2025-04-19,retail,76.28
t8641,2025-01-26,retail,124.91
t5490,2025-09-16,retail,152.62
t6109,2025-01-13,travel,293.38
t8823,2025-09-09,other,69.85
t2393,2025-10-02,food,24.18
t7810,2025-04-06,gas,21.28
t6698,2025-05-10,food,28.33
t3401,2025-03-26,food,27.68
t8310,2025-06-01,food,40.58
t4075,2025-07-31,entertainment,93.96
t10010,2025-08-01,utilities,156.37
t7090,2025-05-21,gas,55.57
t4642,2025-09-10,travel,320.78
t4830,2025-02-14,food,24.28
t11744,2025-08-10,gas,55.7
t1892,2025-01-02,retail,108.35
t5050,2025-03-03,retail,66.45
t6757,2025-04-19,gas,59.37
t296,2025-03-14,retail,61.16
t11457,2025-01-18,utilities,145.92
t2255,2025-08-16,gas,52.23
t10281,2025-09-24,food,34.29
t2358,2025-02-14,entertainment,38.56
t1786,2025-07-05,retail,102.7
t9957,2025-03-06,travel,449.22
t287,2025-09-13,gas,50.71
t5740,2025-09-02,gas,68.52
t1759,2025-04-26,retail,177.61
t4263,2025-08-05,retail,165.27
t1285,2025-08-02,travel,288.84
a90,2025-04-22,other,1002.02
t5009,2025-06-22,retail,48.68
t10134,2025-07-17,other,75.88
t7365,2025-06-01,utilities,245.18
t5994,2025-01-18,entertainment,65.17
t11544,2025-03-03,gas,28.16
t8361,2025-03-15,food,24.55
t6561,2025-06-29,food,28.54
t8817,2025-03-22,entertainment,57.23
t550,2025-01-14,other,30.67
t2609,2025-04-09,other,2.5
t2621,2025-01-05,travel,645.09
t4238,2025-01-21,food,24.6
t5796,2025-08-02,retail,187.81
t8204,2025-05-20,food,30.75
t5231,2025-09-01,retail,100.39
t6323,2025-01-26,gas,45.02
t10512,2025-01-12,food,14.97
t3488,2025-06-17,retail,69.24
t10854,2025-10-22,food,23.89
t8144,2025-07-15,other,30.17
t4334,2025-04-24,other,57.94
t5633,2025-03-17,gas,79.79
t11601,2025-02-28,gas,100.13
t9672,2025-07-01,entertainment,71.6
t3071,2025-06-20,utilities,148.63
t9854,2025-10-24,travel,804.04
t9963,2025-05-06,gas,50.12
t5956,2025-09-11,food,10.97
t5654,2025-09-22,other,95.41
t6799,2025-08-31,gas,54.62
t6741,2025-02-09,other,68.46
t3089,2025-09-16,food,33.41
t1304,2025-05-07,food,35.91
t3571,2025-09-19,utilities,184.51
t5617,2025-01-25,retail,113.8
t3022,2025-05-06,food,18.53
t6780,2025-03-29,other,130.47
t7826,2025-06-20,travel,570.08
t9223,2025-05-13,food,14.54
t9626,2025-01-24,gas,62.51
a192,2025-03-21,food,222.69
t7388,2025-06-23,food,21.52
t8207,2025-09-09,retail,68.67
a19,2025-02-05,retail,499.91
t9433,2025-10-10,entertainment,57.49
t3209,2025-05-14,food,34.33
t10669,2025-05-08,gas,71.19
t7723,2025-02-02,retail,208.19
t2528,2025-08-14,food,26.72
t7707,2025-04-25,retail,152.64
t2589,2025-10-05,retail,111.0
t2634,2025-04-04,utilities,207.58
t7074,2025-04-12,retail,186.94
t468,2025-02-22,entertainment,70.06
t6183,2025-03-20,food,42.51
t7311,2025-08-13,travel,415.61
t9013,2025-07-23,gas,54.93
t107,2025-05-09,food,21.36
t7205,2025-10-02,food,25.04
t10597,2025-07-21,retail,72.54
t6779,2025-03-12,retail,25.2
t5260,2025-07-05,other,92.53
t412,2025-01-06,gas,80.24
t5805,2025-09-11,food,33.83
t10309,2025-04-25,utilities,230.04
t10146,2025-10-23,other,2.5
t3468,2025-06-20,gas,69.98
t9194,2025-04-01,travel,764.23
t5667,2025-03-07,retail,96.55
t10170,2025-08-01,entertainment,70.72
t9961,2025-04-30,retail,97.04
t4094,2025-09-24,gas,46.19
t6734,2025-05-22,utilities,103.05
t5145,2025-08-23,utilities,113.15
t5713,2025-07-28,other,43.15
t6649,2025-08-31,retail,143.12
t9483,2025-01-04,food,36.96
t9775,2025-10-21,utilities,113.36
t1863,2025-09-24,retail,90.98
t11135,2025-08-31,retail,95.29
t9057,2025-08-31,entertainment,89.04
t4834,2025-06-11,entertainment,43.44
t9628,2025-03-14,other,69.32
t9022,2025-02-26,food,7.62
t8505,2025-08-27,entertainment,68.19
t30,2025-01-18,gas,57.49
t10155,2025-07-01,food,14.8
t11330,2025-08-08,retail,140.15
t3932,2025-09-25,food,31.86
t569,2025-09-19,retail,132.34
t5172,2025-02-13,gas,48.85
t5408,2025-03-21,food,27.17
t1246,2025-10-26,food,34.45
t5681,2025-06-26,retail,127.74
t11458,2025-03-08,utilities,212.13
t1459,2025-01-01,food,49.56
t7371,2025-02-26,retail,115.9
t1836,2025-04-10,food,25.22
t317,2025-01-19,food,16.39
t109,2025-08-09,gas,55.93
t3119,2025-10-25,utilities,117.08
t9265,2025-07-03,food,29.67
t6881,2025-03-11,retail,134.01
t9017,2025-09-24,retail,64.59
t11679,2025-03-31,other,101.58
t11736,2025-06-25,gas,65.96
t7714,2025-05-23,entertainment,37.58
t2665,2025-01-22,food,26.43
t2681,2025-03-22,retail,146.96
t8188,2025-04-01,retail,85.66
t3651,2025-03-12,gas,26.27
t9955,2025-03-20,entertainment,87.79
t2587,2025-05-31,utilities,87.6
t8094,2025-08-24,retail,130.32
t8841,2025-03-04,retail,170.35
t4851,2025-09-09,food,27.94
t4953,2025-05-05,food,9.61
t7513,2025-06-16,food,24.69
t3345,2025-04-30,entertainment,56.86
t974,2025-01-31,food,23.22
t4919,2025-06-14,utilities,208.45
t9175,2025-08-16,utilities,130.06
t8340,2025-06-20,gas,64.66
t3287,2025-10-11,food,36.06
t4699,2025-05-18,retail,67.35
t9377,2025-04-03,utilities,150.77
t5913,2025-07-14,entertainment,103.26
t1375,2025-04-27,entertainment,22.4
t10715,2025-07-06,gas,40.4
t8877,2025-08-06,food,11.34
t10428,2025-01-03,retail,198.99
a92,2025-09-24,gas,405.88
t11,2025-05-30,food,31.42
t4794,2025-02-04,travel,228.69
t2440,2025-03-26,gas,26.29
t1427,2025-03-21,retail,126.21
t9694,2025-06-17,utilities,104.91
t6054,2025-10-08,food,22.26
t9574,2025-04-25,retail,201.66
t719,2025-01-12,entertainment,52.59
t4534,2025-04-07,food,23.57
t10658,2025-10-03,retail,117.16
t5688,2025-10-17,food,17.53
t736,2025-03-09,gas,54.88
t6476,2025-05-02,entertainment,34.74
t3525,2025-01-25,food,32.94
t7890,2025-09-07,retail,92.68
t2141,2025-06-05,utilities,156.56
t5158,2025-05-15,gas,95.46
t4767,2025-05-09,food,26.43
t910,2025-01-12,utilities,96.49
t4521,2025-01-14,retail,38.23
t497,2025-02-12,entertainment,76.3
t9587,2025-06-09,food,39.01
t5305,2025-01-30,entertainment,127.47
a71,2025-08-12,other,749.22
t6877,2025-03-06,food,40.76
t1207,2025-02-22,entertainment,28.02
t7177,2025-07-17,gas,77.72
t4296,2025-08-06,entertainment,66.67
t7654,2025-01-01,food,47.02
t1196,2025-08-01,other,35.1
a118,2025-02-08,food,1004.67
t5422,2025-06-03,gas,56.67
t3856,2025-07-01,entertainment,115.21
t4415,2025-05-06,food,24.33
t9183,2025-08-15,entertainment,57.1
t11092,2025-07-29,entertainment,104.26
t6429,2025-02-12,entertainment,29.68
t289,2025-10-21,utilities,89.02
t2627,2025-03-09,travel,212.4
t8863,2025-04-16,retail,119.56
t3685,2025-03-07,utilities,96.8
t7972,2025-07-24,entertainment,61.99
t6951,2025-07-29,travel,533.18
t389,2025-06-17,other,35.36
t837,2025-08-23,retail,90.32
t9024,2025-07-11,gas,55.96
t3182,2025-04-27,utilities,183.63
t281,2025-04-06,food,33.81
t8114,2025-10-10,food,20.95
t4460,2025-01-16,food,41.7
t6299,2025-09-18,gas,72.75
t5861,2025-02-20,retail,62.25
t1113,2025-09-29,entertainment,93.77
t3799,2025-03-08,food,7.36
t11184,2025-08-16,retail,105.88
t10042,2025-10-13,retail,145.78
t9855,2025-05-28,retail,124.1
t4769,2025-03-30,travel,456.04
t3422,2025-09-17,retail,130.23
t8694,2025-02-25,food,31.44
t268,2025-01-06,retail,113.43
t1599,2025-03-05,gas,57.02
t4930,2025-07-12,retail,16.81
t9564,2025-04-05,retail,206.91
t7170,2025-01-17,food,27.2
t11563,2025-03-01,food,36.44
t2499,2025-01-11,entertainment,122.58
t7434,2025-05-06,food,23.2
t11222,2025-10-06,food,28.02
t3843,2025-09-28,entertainment,82.98
t8730,2025-01-07,entertainment,80.86
t1380,2025-09-30,other,107.4
t9489,2025-09-07,retail,59.47
t10490,2025-01-03,utilities,57.53
t417,2025-06-13,food,32.2
t5968,2025-05-31,utilities,59.28
t6796,2025-08-04,utilities,185.2
t1963,2025-07-07,food,16.44
t621,2025-05-21,food,6.75
t1704,2025-08-31,gas,26.31
t6293,2025-02-13,utilities,115.07
t11314,2025-06-02,utilities,84.93
t3129,2025-05-20,gas,47.82
t4976,2025-01-25,gas,72.75
t6274,2025-04-09,gas,62.66
t5953,2025-04-07,retail,120.57
t5999,2025-02-13,gas,26.14
t9214,2025-06-05,retail,163.94
t1191,2025-04-29,entertainment,104.09
t9133,2025-01-28,entertainment,67.75
t6361,2025-04-10,food,34.99
t4124,2025-03-04,food,21.91
t3195,2025-02-16,travel,439.83
t9076,2025-09-29,food,37.41
t6349,2025-08-09,food,34.18
t6287,2025-03-14,utilities,153.64
t1507,2025-03-23,food,27.25
t5517,2025-04-05,gas,76.61
t10392,2025-02-27,utilities,158.66
t6612,2025-08-24,other,76.15
t4111,2025-03-30,food,15.91
t8769,2025-03-25,other,126.33
t11528,2025-05-28,food,27.1
t11700,2025-08-09,food,35.01
t795,2025-07-26,food,28.02
t731,2025-02-28,food,26.13
t7147,2025-02-28,travel,680.68
t6422,2025-07-11,retail,127.05
t6014,2025-06-30,other,118.78
t9893,2025-08-27,other,74.34
t3781,2025-05-19,other,2.5
t1746,2025-08-12,food,22.4
t10705,2025-02-26,retail,129.41
t7515,2025-05-15,gas,32.15
t6261,2025-05-15,other,56.66
t11706,2025-10-13,retail,154.09
t4895,2025-07-15,retail,31.61
t1200,2025-03-22,travel,205.32
t9676,2025-10-04,entertainment,87.04
t5752,2025-01-27,retail,173.1
t11200,2025-03-12,food,18.5
t5406,2025-07-06,entertainment,13.47
t9278,2025-02-06,food,19.29
t1890,2025-06-20,food,30.45
t11261,2025-05-05,food,23.18
t11619,2025-08-17,food,20.35
t33,2025-04-11,entertainment,46.8
t8036,2025-07-08,gas,37.12
t7109,2025-10-26,other,101.36
t4964,2025-08-03,food,27.36
t6988,2025-05-10,entertainment,76.79
t10657,2025-08-25,food,20.61
t6085,2025-09-17,entertainment,86.46
t10239,2025-03-07,utilities,178.02
t7499,2025-04-09,gas,65.36
t8098,2025-05-23,food,16.16
t8814,2025-07-17,travel,149.9
t8378,2025-03-05,gas,69.56
t3950,2025-01-05,food,12.72
t6866,2025-04-23,food,29.02
t8858,2025-05-07,food,37.44
t3616,2025-07-05,travel,76.79
t11182,2025-07-16,gas,59.71
t1487,2025-08-12,food,29.41
t606,2025-03-24,gas,54.6
t11008,2025-10-12,food,40.27
t6707,2025-05-11,travel,200.04
t1534,2025-07-06,retail,17.01
t5563,2025-04-15,travel,323.41
t9449,2025-07-22,retail,61.24
t10387,2025-09-12,food,22.42
t6291,2025-10-27,other,174.52
t3500,2025-09-21,travel,695.7
t1331,2025-10-08,gas,48.0
t4790,2025-02-15,food,32.65
t958,2025-02-02,food,22.91
t3593,2025-05-28,travel,573.38
t5207,2025-09-13,utilities,127.61
t6652,2025-05-28,retail,143.18
t9237,2025-07-04,gas,57.17
a33,2025-02-04,entertainment,1255.33
t1661,2025-10-12,food,19.42
t1027,2025-08-23,entertainment,69.0
t4437,2025-09-24,food,44.84
t10780,2025-04-03,travel,335.67
t1248,2025-08-02,travel,292.85
t10496,2025-03-15,food,48.81
t656,2025-10-11,gas,106.0
t624,2025-02-02,food,33.43
t8651,2025-06-18,food,26.9
t3394,2025-08-10,gas,13.22
t2200,2025-10-19,retail,134.09
t11640,2025-10-09,utilities,97.32
t9516,2025-04-14,retail,134.19
t10507,2025-09-09,gas,49.15
t10425,2025-06-15,retail,156.37
t9167,2025-08-01,entertainment,61.17
t8835,2025-05-26,utilities,147.69
t2685,2025-05-31,retail,5.0
t4247,2025-07-11,gas,53.27
t6511,2025-10-17,food,24.03
t11534,2025-01-20,gas,69.0
t1747,2025-06-15,retail,70.69
t5039,2025-09-20,food,28.07
t3069,2025-03-08,entertainment,69.47
t2458,2025-10-24,retail,135.61
t10920,2025-04-04,gas,82.67
t4688,2025-02-08,food,38.31
t77,2025-08-13,entertainment,60.06
t4715,2025-04-12,food,36.36
t10227,2025-07-03,food,21.1
t8930,2025-03-27,food,39.29
t8521,2025-09-01,other,43.28
t6311,2025-08-04,entertainment,72.67
t7584,2025-02-09,utilities,210.24
t2261,2025-01-14,food,31.21
t1776,2025-03-13,entertainment,5.0
t2789,2025-05-02,utilities,103.64
t94,2025-05-21,entertainment,73.68
t5333,2025-03-01,food,17.85
t8169,2025-02-05,retail,129.63
t4203,2025-10-14,food,8.98
t715,2025-07-05,food,15.62
t1077,2025-05-07,other,87.22
t6791,2025-05-21,retail,43.76
t9306,2025-05-11,utilities,158.1
t8689,2025-08-03,retail,121.47
t2016,2025-10-07,gas,57.2
t1886,2025-10-24,food,34.65
t3545,2025-04-02,other,76.67
t5480,2025-09-10,entertainment,48.99
t8414,2025-03-08,retail,51.54
t3426,2025-01-05,gas,69.89
t1489,2025-05-25,retail,22.62
t7368,2025-06-25,utilities,114.61
t9877,2025-07-03,food,36.5
t8957,2025-01-14,entertainment,98.72
t5749,2025-02-11,other,94.61
t7478,2025-02-18,utilities,144.45
t8168,2025-08-12,other,111.44
t7151,2025-09-26,other,84.28
t1438,2025-09-23,utilities,118.01
t1234,2025-08-02,utilities,186.69
t186,2025-02-10,food,36.46
t9543,2025-08-06,gas,44.07
t2466,2025-03-06,retail,118.78
t8958,2025-05-22,retail,95.54
t11234,2025-01-29,food,23.83
t5080,2025-03-30,retail,99.5
t1298,2025-07-12,utilities,111.18
t11019,2025-07-06,retail,159.17
t9617,2025-03-01,food,37.62
t8847,2025-03-04,retail,26.52
t450,2025-07-21,gas,67.26
t11172,2025-08-27,entertainment,27.65
t4337,2025-05-27,other,55.3
t3026,2025-02-04,food,4.89
t8789,2025-03-01,food,14.14
t6970,2025-02-03,food,27.58
t382,2025-02-19,retail,50.33
t7739,2025-02-07,entertainment,44.78
t1156,2025-02-16,food,39.16
t5736,2025-09-09,food,21.01
t5112,2025-08-06,entertainment,86.97
t4106,2025-08-01,entertainment,54.92
t1729,2025-08-02,retail,158.08
t9595,2025-02-13,utilities,206.45
t8523,2025-03-20,retail,147.05
t2426,2025-02-09,travel,475.79
t1254,2025-02-12,utilities,185.72
t4353,2025-04-30,food,4.0
t10670,2025-02-04,retail,179.86
t2504,2025-06-30,food,25.88
t7279,2025-01-23,entertainment,22.83
t6729,2025-09-14,food,16.37
t6148,2025-07-21,retail,122.24
t5658,2025-08-12,utilities,145.9
t3523,2025-08-01,food,4.0
t7077,2025-09-29,retail,90.53
t4871,2025-09-27,utilities,181.74
t2192,2025-04-02,food,31.91
t8138,2025-06-18,food,28.96
t11402,2025-03-10,food,24.45
t10888,2025-05-12,entertainment,65.13
t3636,2025-04-01,food,14.61
t9126,2025-05-28,food,17.7
t10211,2025-10-14,utilities,91.43
t5324,2025-02-05,entertainment,87.02
t6792,2025-10-26,retail,163.36
t531,2025-07-11,retail,93.07
t10807,2025-06-11,food,10.57
t4467,2025-09-27,food,21.16
t11737,2025-02-04,gas,54.8
t8294,2025-02-01,food,13.15
t8029,2025-03-02,entertainment,65.17
t7975,2025-06-17,retail,95.38
t8369,2025-01-07,food,41.08
a164,2025-09-26,travel,5002.83
t5380,2025-04-22,food,21.45
t10892,2025-03-30,travel,848.44
t9391,2025-03-04,gas,33.84
t3012,2025-06-29,other,29.59
t145,2025-09-03,gas,59.08
t3102,2025-10-24,food,22.71
t4706,2025-04-24,entertainment,46.55
t8012,2025-09-07,utilities,174.17
t6889,2025-04-13,food,38.29
t2493,2025-09-14,utilities,205.36
t9798,2025-04-02,retail,38.63
t11468,2025-09-24,utilities,161.05
t11143,2025-07-30,food,14.52
t11155,2025-03-26,retail,228.94
t5251,2025-10-08,gas,10.0
t11522,2025-03-12,entertainment,38.85
t6118,2025-10-05,food,40.43
t5741,2025-05-29,entertainment,5.0
t789,2025-07-21,food,9.82
t2728,2025-10-09,other,61.64
t2821,2025-03-29,gas,57.38
t5390,2025-07-16,food,32.9
t4562,2025-06-25,food,27.09
t2031,2025-08-28,retail,71.91
t6380,2025-10-05,food,21.66
t7926,2025-06-01,food,4.0
t10252,2025-03-20,other,98.8
t8066,2025-10-17,gas,64.37
t6399,2025-09-26,food,4.0
t432,2025-06-25,gas,80.45
t7418,2025-01-02,food,14.36
t1781,2025-03-05,retail,134.02
t10647,2025-06-15,utilities,169.3
t11613,2025-07-28,utilities,112.14
t6490,2025-09-11,other,7.07
t350,2025-02-09,food,30.43
t9679,2025-02-03,retail,60.83
t6691,2025-02-10,other,115.56
t43,2025-05-15,food,17.71
t6248,2025-01-06,retail,10.53
t982,2025-02-27,gas,44.91
t2313,2025-09-23,entertainment,104.52
t11310,2025-09-13,retail,67.25
t8202,2025-05-03,entertainment,132.91
t8022,2025-08-14,retail,198.02
t9717,2025-09-27,gas,18.1
t3405,2025-06-27,food,39.97
t3699,2025-09-20,food,18.42
t5129,2025-08-20,retail,89.55
t6509,2025-08-12,gas,45.63
t4265,2025-04-26,food,18.96
t917,2025-02-14,food,30.92
t8569,2025-09-19,gas,31.46
t9910,2025-07-31,food,16.01
t6926,2025-08-06,entertainment,73.46
t8255,2025-06-15,entertainment,78.42
t1617,2025-10-07,retail,66.72
t7535,2025-10-27,utilities,126.6
t11677,2025-09-08,retail,122.84
t11237,2025-07-07,retail,106.48
t7614,2025-04-17,entertainment,48.63
t1834,2025-07-11,travel,105.5
t11425,2025-02-02,other,119.8
t7363,2025-05-01,food,18.38
t8671,2025-09-23,food,22.77
a64,2025-01-24,utilities,5001.35
t10636,2025-09-19,gas,57.83
t783,2025-08-07,food,10.6
t8247,2025-08-20,food,28.57
t1157,2025-08-22,food,18.9
t1537,2025-02-13,food,42.98
t4119,2025-07-22,retail,141.45
t4177,2025-06-06,retail,132.74
t3823,2025-10-26,food,24.4
t7909,2025-05-13,other,25.74
a81,2025-05-14,other,1995.43
t5203,2025-02-08,utilities,165.31
t2402,2025-02-10,retail,119.91
t8888,2025-09-22,utilities,93.04
t8118,2025-10-21,entertainment,138.73
t4636,2025-09-01,gas,47.79
t4831,2025-08-10,food,11.77
t2153,2025-01-08,other,120.69
t8615,2025-04-23,travel,796.27
t6223,2025-02-02,gas,20.1
t7158,2025-02-18,food,29.1
t8068,2025-05-18,utilities,148.86
t4082,2025-06-24,other,92.73
t10533,2025-08-27,entertainment,27.11
t2949,2025-09-14,travel,726.41
t4711,2025-03-19,entertainment,67.9
t8413,2025-08-25,food,29.13
t3131,2025-07-30,gas,45.13
t10912,2025-07-11,gas,62.89
t8711,2025-08-06,gas,106.06
t10706,2025-08-11,gas,25.74
t8878,2025-09-19,food,32.22
t4743,2025-07-14,entertainment,104.83
t2985,2025-07-28,food,23.27
t5624,2025-08-22,food,14.16
t1732,2025-05-23,retail,82.31
t9619,2025-04-30,food,23.69
t11476,2025-05-08,retail,199.98
t9351,2025-09-25,food,25.59
t3220,2025-06-23,utilities,208.12
t1871,2025-08-12,retail,99.51
t11293,2025-04-29,food,22.95
t2212,2025-10-22,utilities,57.9
t10109,2025-02-26,gas,55.06
t5313,2025-07-11,entertainment,52.35
t5072,2025-06-17,utilities,101.74
t4047,2025-05-28,gas,52.73
t7051,2025-10-15,gas,22.61
t9005,2025-04-25,food,26.56
t3493,2025-10-06,entertainment,49.71
a45,2025-08-18,gas,621.23
t2108,2025-04-29,food,29.53
t5152,2025-08-24,retail,87.39
t9091,2025-09-01,retail,59.95
t8887,2025-10-03,gas,45.09
t10285,2025-06-27,other,89.8
t568,2025-03-03,other,99.35
t9851,2025-09-02,food,37.54
t5322,2025-09-06,retail,44.19
t2368,2025-03-27,retail,114.91
t9242,2025-09-05,food,25.47
t10419,2025-04-12,food,26.03
a41,2025-07-29,retail,2359.14
t441,2025-05-23,entertainment,66.7
t2019,2025-02-05,gas,72.31
t10110,2025-10-24,food,33.48
t8451,2025-07-26,retail,135.26
t4697,2025-05-21,travel,124.54
t4206,2025-09-21,food,41.23
t4074,2025-01-14,other,64.58
t10099,2025-01-31,entertainment,73.0
t4666,2025-03-09,food,26.14
t7581,2025-06-29,travel,653.29
t1225,2025-02-23,travel,362.09
t5684,2025-09-23,other,158.28
t2593,2025-10-11,retail,49.37
t2754,2025-09-25,retail,178.95
t9064,2025-03-01,food,21.14
t4418,2025-02-11,food,47.02
t2692,2025-07-09,retail,93.09
t37,2025-03-13,retail,100.32
t4343,2025-04-03,food,6.74
t3729,2025-08-21,retail,146.63
t2250,2025-09-18,gas,33.79
t8996,2025-04-27,utilities,75.11
t5612,2025-04-21,retail,101.75
t5560,2025-07-25,other,59.39
t2928,2025-02-08,food,16.06
t10126,2025-07-31,food,11.85
t6430,2025-02-03,other,101.3
t5564,2025-03-24,other,49.9
t6224,2025-09-06,retail,53.46
t7650,2025-02-17,retail,54.06
t4366,2025-07-25,retail,131.32
t3670,2025-09-05,food,21.76
t5280,2025-03-18,food,27.26
t4864,2025-02-11,entertainment,86.72
t1361,2025-09-28,retail,88.61
t10559,2025-02-22,travel,748.19
t6890,2025-08-18,retail,67.8
t487,2025-01-09,food,17.93
t11272,2025-05-19,utilities,167.53
t10605,2025-06-26,utilities,145.38
a172,2025-06-29,travel,5002.29
t4522,2025-02-16,food,36.44
t5229,2025-04-03,entertainment,68.16
t9849,2025-06-09,entertainment,97.57
t638,2025-05-10,food,24.47
t4639,2025-08-23,food,33.85
t8108,2025-10-14,utilities,166.6
t3326,2025-06-24,gas,66.56
t4105,2025-09-26,utilities,84.55
t3356,2025-07-17,entertainment,71.95
t2944,2025-02-18,retail,81.19
t3920,2025-10-02,retail,103.13
t10719,2025-03-27,retail,141.38
a208,2025-05-11,food,5002.73
t3509,2025-02-22,retail,77.27
t6602,2025-10-01,food,4.0
t7255,2025-01-22,food,40.32
t168,2025-09-12,food,33.43
t1916,2025-07-24,entertainment,88.89
t8759,2025-05-28,other,18.89
t6730,2025-08-15,food,32.45
t8747,2025-03-07,food,17.44
t8880,2025-05-07,food,23.71
a121,2025-04-07,entertainment,751.44
t2902,2025-04-28,other,135.83
t5062,2025-07-28,food,30.57
t802,2025-02-02,food,41.07
t2139,2025-07-05,retail,140.18
t9622,2025-01-27,food,18.25
t5675,2025-04-08,utilities,50.26
t743,2025-10-16,other,104.59
t10462,2025-08-16,gas,45.66
t5330,2025-06-20,food,31.1
t11225,2025-04-06,food,28.7
a235,2025-01-22,travel,9736.77
t8299,2025-07-19,gas,65.97
t11215,2025-04-21,retail,113.83
t8050,2025-08-28,entertainment,57.46
t9331,2025-01-25,entertainment,65.73
t5485,2025-04-04,food,26.28
t2848,2025-04-08,food,22.79
t9360,2025-03-02,food,27.29
t2479,2025-10-24,other,83.83
t716,2025-07-22,utilities,82.43
t9050,2025-05-21,retail,38.73
a37,2025-08-01,other,1632.06
t6281,2025-02-18,other,82.86
t8626,2025-08-21,entertainment,25.94
t6038,2025-08-31,gas,67.77
t4721,2025-07-08,entertainment,69.03
t2090,2025-10-14,travel,197.9
t3147,2025-08-07,retail,72.29
t8732,2025-08-12,other,26.99
t4765,2025-03-07,retail,118.88
t7931,2025-10-25,gas,47.63
t1835,2025-09-18,retail,142.3
t7031,2025-07-01,retail,131.41
t6187,2025-07-11,entertainment,80.5
t9491,2025-06-17,utilities,188.94
t8746,2025-05-06,retail,150.56
t7496,2025-06-29,entertainment,71.83
t5220,2025-09-12,retail,102.64
t3529,2025-05-06,food,23.74
t8317,2025-02-13,gas,68.46
t2486,2025-03-08,retail,92.44
t10541,2025-05-21,gas,61.47
t3275,2025-01-14,retail,165.66
a91,2025-03-10,entertainment,497.56
t3134,2025-07-05,entertainment,62.09
t1887,2025-05-25,retail,102.99
t24,2025-02-04,utilities,173.57
t5611,2025-07-12,utilities,91.4
t9667,2025-03-29,gas,73.03
t1310,2025-03-18,other,30.45
t5782,2025-10-02,food,30.7
t790,2025-07-22,gas,39.75
t3144,2025-06-17,food,30.57
t4677,2025-06-15,utilities,189.99
t11151,2025-04-09,food,25.29
t6826,2025-07-01,food,28.79
t2515,2025-07-06,utilities,120.06
t10995,2025-03-21,entertainment,17.7
t8396,2025-06-11,food,22.69
t10386,2025-05-24,entertainment,41.34
t8795,2025-01-17,utilities,105.2
t7667,2025-02-04,entertainment,98.1
t4886,2025-03-09,retail,102.29
t9797,2025-06-30,food,18.48
t1958,2025-02-26,travel,374.91
t3306,2025-09-06,food,30.7
t11456,2025-06-22,retail,50.86
t5164,2025-02-05,food,26.34
t6830,2025-09-18,other,19.25
t10514,2025-03-31,entertainment,48.68
t9956,2025-10-07,gas,72.25
t1396,2025-08-18,retail,196.44
t10367,2025-07-18,retail,127.94
t7521,2025-07-30,travel,786.47
t7949,2025-03-31,food,8.7
a170,2025-10-05,entertainment,497.96
t9469,2025-06-26,entertainment,65.55
t9347,2025-06-18,utilities,164.98
t6518,2025-09-26,food,30.61
t4683,2025-10-16,food,33.31
t10144,2025-08-20,entertainment,18.73
t5630,2025-01-26,food,19.94
t1227,2025-04-07,food,19.45
t3929,2025-10-27,travel,480.05
t3296,2025-04-05,food,18.8
t8314,2025-09-05,food,8.03
t5527,2025-09-07,other,110.24
t8616,2025-05-22,entertainment,36.79
t5501,2025-09-28,travel,353.17
t4601,2025-09-08,retail,122.61
t7746,2025-01-10,food,21.5
t9571,2025-09-23,retail,82.92
t1311,2025-03-03,food,13.06
t4527,2025-04-18,food,18.03
t3496,2025-10-12,gas,93.29
t7488,2025-10-23,entertainment,71.66
t7056,2025-09-26,food,17.71
t4394,2025-06-26,retail,5.0
t7026,2025-06-12,gas,79.38
t3423,2025-05-19,food,27.65
t1823,2025-03-06,other,44.75
t6917,2025-05-29,food,22.2
t1316,2025-01-31,food,28.9
t11241,2025-07-21,food,29.28
t8292,2025-08-19,travel,604.95
t2316,2025-09-20,retail,159.37
t2827,2025-05-27,utilities,121.4
a165,2025-06-05,utilities,2286.43
t11174,2025-09-21,food,27.03
t2596,2025-02-17,gas,30.51
t9549,2025-09-24,food,36.1
t1340,2025-10-02,retail,149.62
t5970,2025-05-17,food,27.93
t739,2025-05-01,utilities,35.15
t966,2025-10-15,retail,136.76
t253,2025-03-12,food,39.92
t8654,2025-05-08,food,42.34
t7709,2025-01-28,other,46.24
t2099,2025-10-24,utilities,125.86
t4081,2025-03-24,entertainment,79.1
t873,2025-03-19,other,85.63
t5493,2025-09-03,entertainment,68.98
t4897,2025-03-05,other,2.5
t8709,2025-04-28,food,19.59
t6638,2025-10-05,other,76.62
t11298,2025-01-20,retail,5.0
t4386,2025-04-26,other,154.37
t7131,2025-03-26,utilities,146.0
t5815,2025-10-22,retail,71.69
t4133,2025-10-01,entertainment,89.37
t9283,2025-07-20,retail,138.91
t9527,2025-04-15,other,119.54
t9749,2025-10-20,food,30.5
t6434,2025-04-27,entertainment,82.37
t5512,2025-10-27,retail,77.03
t10357,2025-05-24,gas,73.21
t6786,2025-02-24,travel,690.94
t10028,2025-04-06,food,27.44
t5465,2025-07-09,food,24.26
t4229,2025-09-21,food,17.08
t8268,2025-01-09,utilities,188.61
t8216,2025-10-22,food,44.95
t7523,2025-07-11,food,11.57
a6,2025-03-03,entertainment,621.26
t448,2025-10-20,gas,74.78
t9809,2025-09-11,food,5.79
t57,2025-06-12,other,41.63
t11028,2025-03-31,food,15.37
t2856,2025-01-13,food,42.04
t6235,2025-01-25,food,20.32
t477,2025-03-28,retail,99.45
t8898,2025-08-31,food,25.7
t6628,2025-09-11,entertainment,95.43
t5360,2025-08-24,food,34.46
t4760,2025-09-26,food,25.75
t5599,2025-07-14,retail,232.29
t9009,2025-01-15,retail,47.94
t7745,2025-06-10,travel,311.21
a51,2025-02-23,food,487.15
t751,2025-03-18,gas,43.77
t8095,2025-09-19,food,31.08
t8559,2025-02-19,food,33.87
t377,2025-04-09,travel,353.57
t2459,2025-04-27,food,16.77
t11676,2025-01-03,retail,109.12
t10951,2025-09-22,retail,9.75
t4257,2025-06-25,other,70.78
t10089,2025-10-17,gas,37.6
t9031,2025-10-16,other,134.15
t9678,2025-02-11,food,28.72
a225,2025-03-10,food,1995.88
t11577,2025-03-01,other,40.44
t10202,2025-10-05,food,26.06
t9700,2025-10-18,food,19.72
t2401,2025-10-08,food,31.81
t4763,2025-06-30,food,41.02
t10404,2025-06-10,entertainment,39.34
t5361,2025-01-03,other,134.75
t11724,2025-05-17,entertainment,9.04
t7768,2025-09-22,gas,80.24
t11430,2025-07-28,food,28.77
t9757,2025-09-29,retail,158.23
t9386,2025-07-16,gas,44.07
t8128,2025-04-27,other,32.83
t6211,2025-09-05,gas,38.18
t4451,2025-02-25,entertainment,110.63
t9538,2025-09-28,retail,70.7
t228,2025-09-13,gas,39.45
t5494,2025-10-01,gas,66.48
t2318,2025-04-10,food,35.87
t11649,2025-07-29,retail,103.14
t4163,2025-09-12,food,13.55
t10338,2025-03-01,gas,47.29
t2649,2025-05-18,travel,701.37
t1509,2025-05-16,food,30.71
t5936,2025-09-16,entertainment,123.66
t11196,2025-01-19,food,40.57
t1685,2025-06-30,food,39.95
t500,2025-06-23,entertainment,49.89
t9295,2025-01-25,retail,73.45
t1700,2025-09-26,food,23.1
t1878,2025-01-15,food,27.12
t4112,2025-08-06,entertainment,37.34
t514,2025-04-27,food,22.36
t9708,2025-09-08,retail,171.0
t3298,2025-10-03,travel,187.63
t2705,2025-01-28,travel,90.28
t7919,2025-09-06,entertainment,57.42
t7750,2025-08-18,travel,674.23
t10434,2025-08-02,retail,134.69
t7230,2025-08-03,gas,43.25
t7900,2025-01-18,gas,56.9
t6736,2025-10-19,retail,148.99
t7775,2025-07-03,entertainment,78.22
t475,2025-05-20,entertainment,114.55
t5704,2025-02-09,food,16.9
t3669,2025-04-07,utilities,155.26
t3609,2025-03-18,retail,139.2
a18,2025-04-14,other,1161.08
t6751,2025-07-07,utilities,101.49
t2917,2025-08-03,retail,116.98
t9034,2025-09-23,utilities,113.85
t4374,2025-09-12,other,114.56
t481,2025-09-11,retail,66.99
t7347,2025-06-07,gas,54.48
t4795,2025-09-24,food,22.12
t2578,2025-06-22,entertainment,58.54
t10857,2025-10-22,travel,704.37
t10509,2025-06-05,food,13.21
t8288,2025-10-12,retail,89.55
t9919,2025-07-13,food,27.02
t3551,2025-08-20,gas,79.64
a53,2025-03-10,entertainment,1286.96
t5825,2025-07-04,food,34.01
t7599,2025-09-19,other,56.69
t4846,2025-09-20,retail,105.12
t1350,2025-06-07,other,79.82
t11542,2025-07-16,food,26.52
t4631,2025-05-04,food,41.1
t3161,2025-09-02,entertainment,58.54
t8889,2025-10-27,retail,127.6
t2923,2025-10-15,food,17.14
t7038,2025-01-21,gas,68.08
t9994,2025-07-29,travel,410.84
t1607,2025-07-16,retail,65.63
t4908,2025-04-25,food,19.32
t3032,2025-07-30,entertainment,21.17
t2763,2025-09-04,other,115.58
t7977,2025-04-17,food,42.98
t3112,2025-07-30,retail,63.69
t7336,2025-10-17,other,122.21
t1660,2025-10-03,entertainment,127.6
t5849,2025-09-29,food,37.61
t9868,2025-01-16,retail,144.69
t1447,2025-10-10,travel,627.44
t3845,2025-04-05,gas,50.31
t1021,2025-08-29,retail,94.78
t706,2025-05-21,food,18.92
t4774,2025-04-25,retail,67.71
t1867,2025-03-20,food,33.5
t9712,2025-08-21,travel,269.04
t5949,2025-08-04,travel,419.88
t3435,2025-09-14,other,56.97
t2123,2025-03-30,utilities,115.97
t2575,2025-10-03,retail,106.44
t9695,2025-08-09,retail,165.9
t1922,2025-07-16,food,23.8
t2957,2025-08-11,retail,159.75
t9135,2025-04-18,food,24.4
t9938,2025-02-16,other,18.61
t10073,2025-08-31,food,28.07
t5413,2025-08-17,entertainment,75.52
t1420,2025-01-23,entertainment,81.35
t3371,2025-08-27,food,21.75
t3860,2025-01-24,retail,91.09
t5046,2025-03-15,travel,578.14
t2026,2025-09-09,food,12.07
t595,2025-07-08,gas,63.04
t1559,2025-07-30,retail,100.82
t10646,2025-07-07,retail,101.73
t6891,2025-02-27,gas,32.66
t10250,2025-09-24,gas,93.35
t10331,2025-06-10,travel,645.52
t6021,2025-10-27,gas,79.35
t3400,2025-05-01,other,93.88
t2059,2025-02-02,utilities,127.8
t7249,2025-05-13,food,33.26
t9933,2025-02-22,gas,20.31
t8120,2025-09-10,gas,68.93
t10426,2025-04-25,utilities,225.92
t11500,2025-02-03,entertainment,88.81
t7785,2025-10-10,retail,109.49
t9416,2025-01-19,food,25.09
t11478,2025-09-16,retail,102.9
t3586,2025-04-20,retail,50.04
t5341,2025-07-02,food,27.28
t7050,2025-09-16,travel,817.12
t6958,2025-08-27,retail,96.06
t536,2025-09-20,food,29.98
t10613,2025-08-29,gas,56.46
t293,2025-05-04,retail,30.73
t2837,2025-02-21,retail,53.33
t4475,2025-06-06,retail,229.21
t2871,2025-01-03,other,74.4
t8281,2025-06-27,entertainment,58.44
t6175,2025-08-21,retail,93.6
t8458,2025-02-18,entertainment,41.19
t10108,2025-07-25,gas,81.95
t3647,2025-08-10,food,20.44
t5182,2025-08-23,utilities,196.19
t1319,2025-01-28,entertainment,70.11
t10957,2025-07-21,retail,115.43
t7429,2025-01-05,gas,70.49
t4013,2025-03-11,food,29.12
t5653,2025-06-17,other,54.88
t7542,2025-03-27,gas,37.25
t6578,2025-04-13,food,22.51
t9657,2025-07-20,food,22.39
t6460,2025-01-25,other,72.63
t8420,2025-05-12,entertainment,88.24
t8537,2025-08-17,entertainment,112.12
t2229,2025-03-25,food,17.38
t10039,2025-10-27,entertainment,9.95
t5946,2025-05-13,food,31.25
a194,2025-08-03,gas,4999.38
t8423,2025-03-06,gas,53.34
t4251,2025-01-23,other,57.88
t3874,2025-04-23,entertainment,42.5
t11343,2025-01-09,food,6.56
t357,2025-09-23,utilities,44.86
a155,2025-04-05,utilities,942.21
t7753,2025-04-07,gas,34.98
t7969,2025-01-18,entertainment,110.73
t9991,2025-07-10,retail,74.07
t838,2025-02-23,retail,103.46
t8924,2025-08-15,entertainment,70.0
t6308,2025-07-10,retail,28.3
t7290,2025-05-31,food,33.46
t2007,2025-03-05,gas,50.37
t10604,2025-10-01,entertainment,18.51
t10712,2025-07-04,entertainment,19.03
t8697,2025-06-25,other,186.6
t2363,2025-01-26,utilities,149.73
t8966,2025-04-12,retail,108.98
t9658,2025-05-25,utilities,197.72
t9872,2025-01-27,food,22.49
t8770,2025-10-01,food,19.42
t7533,2025-09-08,retail,138.82
t2900,2025-10-19,retail,145.03
t1891,2025-07-14,utilities,136.55
t7256,2025-01-25,entertainment,107.49
t158,2025-04-01,other,87.51
t9240,2025-10-03,utilities,112.22
t128,2025-07-15,entertainment,56.84
t6919,2025-08-27,retail,122.17
t8815,2025-02-08,food,31.49
t1442,2025-09-04,food,35.07
t6659,2025-07-03,other,66.94
t7280,2025-01-30,food,32.98
t2749,2025-09-20,retail,193.93
t9952,2025-08-31,travel,609.21
t8455,2025-07-18,retail,132.97
t8964,2025-09-02,gas,62.22
t5498,2025-04-08,utilities,86.42
t3062,2025-09-14,gas,32.21
t9558,2025-01-06,travel,320.85
t6031,2025-08-09,entertainment,59.83
t5615,2025-03-31,retail,175.86
t10045,2025-02-03,other,42.78
t1058,2025-01-22,retail,25.77
t1964,2025-03-10,food,19.71
t3126,2025-03-31,food,21.93
t11415,2025-09-21,gas,25.97
t10500,2025-10-13,entertainment,108.09
t1128,2025-06-26,food,30.06
t6569,2025-08-09,retail,111.01
t9460,2025-08-30,retail,29.49
t11575,2025-06-06,other,82.22
t10290,2025-05-18,food,44.15
t9555,2025-07-17,entertainment,60.68
t11655,2025-08-12,food,27.89
t7245,2025-08-22,retail,170.59
t11047,2025-05-20,utilities,110.02
t1544,2025-06-06,other,2.5
t5991,2025-05-30,retail,84.43
t5307,2025-09-29,gas,88.34
t7479,2025-04-20,food,33.04
t2269,2025-04-10,food,27.96
t7169,2025-03-15,gas,79.48
a107,2025-06-10,entertainment,1002.49
t133,2025-08-06,food,11.96
t8061,2025-02-04,food,17.18
t4668,2025-10-12,food,29.35
t9381,2025-06-10,other,104.69
t604,2025-08-01,food,34.62
t5640,2025-06-25,utilities,122.93
t4803,2025-07-31,gas,57.73
t9823,2025-10-03,retail,81.63
t394,2025-01-01,other,68.23
a12,2025-08-29,utilities,1879.59
t9405,2025-05-13,gas,72.89
t7110,2025-08-15,other,95.9
t4950,2025-03-19,retail,19.74
t6113,2025-05-30,gas,56.69
t5683,2025-04-04,gas,56.72
t7380,2025-02-23,food,32.88
t3406,2025-05-26,utilities,144.93
t3617,2025-10-23,other,21.41
t5287,2025-10-03,entertainment,130.89
t182,2025-04-01,retail,155.69
t2278,2025-07-12,entertainment,71.31
t10406,2025-10-27,retail,90.62
t3235,2025-06-20,gas,51.81
t6302,2025-01-18,entertainment,13.06
t8371,2025-03-24,gas,64.3
t3801,2025-01-04,entertainment,100.17
t8266,2025-08-02,food,38.24
t8001,2025-02-14,retail,83.17
t9066,2025-02-01,retail,108.97
t402,2025-09-11,food,13.51
t3594,2025-05-24,entertainment,118.18
t4792,2025-03-29,gas,104.51
t1632,2025-08-19,food,13.95
a3,2025-10-10,other,2000.37
t10346,2025-07-02,food,26.85
t3583,2025-04-09,gas,58.57
t11058,2025-06-24,travel,290.3
t5350,2025-07-19,food,32.68
t5272,2025-02-22,food,24.62
a101,2025-05-18,travel,10551.15
t11631,2025-06-02,other,76.74
t5523,2025-01-05,utilities,112.26
t10812,2025-03-01,food,24.36
t8501,2025-02-17,food,26.83
t8431,2025-04-23,food,27.78
t9337,2025-02-08,retail,44.82
t6886,2025-04-15,retail,90.52
t3464,2025-08-17,food,32.48
t5986,2025-04-21,other,85.04
t5585,2025-10-18,other,67.79
t6135,2025-02-16,travel,556.01
t2068,2025-05-15,gas,63.91
t4478,2025-05-31,other,88.82
t7073,2025-07-14,other,66.71
t4963,2025-01-23,utilities,107.83
t1600,2025-06-13,food,28.33
t5786,2025-10-05,travel,172.0
t1386,2025-02-08,entertainment,34.59
t9144,2025-08-17,food,22.37
t6658,2025-07-14,travel,623.59
t11129,2025-06-12,food,25.83
t1406,2025-04-10,retail,128.34
t3276,2025-01-26,entertainment,47.58
t810,2025-08-25,utilities,106.11
t8827,2025-09-13,travel,299.88
t2030,2025-06-01,retail,92.75
t5900,2025-09-11,gas,88.61
t2651,2025-04-21,travel,708.61
t6530,2025-01-14,retail,84.73
t3025,2025-04-19,travel,740.08
a124,2025-01-01,other,1607.51
t9343,2025-10-04,utilities,148.2
t4844,2025-08-05,food,43.91
t9215,2025-08-06,other,80.97
t1703,2025-06-05,food,38.32
t9488,2025-06-13,gas,64.51
t62,2025-02-02,utilities,127.58
t3657,2025-04-25,gas,36.99
t4935,2025-02-17,retail,105.42
t4581,2025-05-10,retail,167.12
t2095,2025-08-23,gas,29.1
t8720,2025-08-27,retail,93.25
t10127,2025-05-03,gas,29.44
t1881,2025-06-24,food,16.94
t11059,2025-08-21,food,29.48
t6595,2025-01-13,food,24.29
t7797,2025-01-27,utilities,105.88
t10376,2025-03-16,food,26.8
t8065,2025-04-20,food,22.52
t2288,2025-04-18,retail,177.17
t6748,2025-07-29,other,24.96
t8939,2025-10-05,gas,89.14
t5364,2025-02-02,other,104.52
t4476,2025-09-13,utilities,130.78
t8167,2025-08-04,food,11.42
t5906,2025-07-12,food,28.33
t665,2025-02-26,retail,105.39
t2907,2025-10-18,other,82.47
t1047,2025-10-25,utilities,126.09
t10145,2025-08-14,gas,39.35
t2405,2025-04-03,gas,102.43
t5201,2025-09-15,food,12.06
t11589,2025-01-01,food,23.69
t1569,2025-07-20,other,92.63
t463,2025-03-02,food,26.84
t744,2025-03-22,gas,62.26
t223,2025-08-06,entertainment,70.59
t7537,2025-05-10,utilities,131.15
t6605,2025-02-10,gas,48.91
t3521,2025-02-13,food,14.5
t626,2025-09-19,travel,653.48
t10738,2025-06-23,other,14.1
t10018,2025-09-02,food,23.36
t2189,2025-03-27,retail,37.43
t2178,2025-07-18,food,21.41
t6887,2025-07-22,retail,116.35
t9606,2025-08-09,retail,78.86
t9314,2025-05-11,retail,188.72
t9916,2025-01-10,utilities,173.49
t439,2025-03-28,retail,77.14
t4339,2025-06-06,other,96.75
t10523,2025-08-11,other,141.04
t354,2025-03-02,food,22.74
t5911,2025-01-07,gas,75.66
t457,2025-09-13,food,19.56
t9681,2025-02-26,food,31.51
t7493,2025-01-14,food,31.25
t240,2025-06-15,utilities,202.5
t7829,2025-06-26,food,35.43
t9070,2025-03-09,food,30.4
t4054,2025-08-10,food,20.7
t5363,2025-01-29,food,23.68
t8794,2025-02-06,entertainment,87.11
t7932,2025-07-27,gas,68.97
t9465,2025-05-27,other,49.08
t4922,2025-03-31,retail,98.09
t4354,2025-09-26,retail,190.35
t1019,2025-07-12,food,21.07
t8043,2025-06-20,food,7.54
t8539,2025-03-21,retail,98.34
t1761,2025-02-16,food,22.14
t8871,2025-08-04,food,36.35
t10534,2025-08-25,other,138.29
t10176,2025-06-25,retail,177.75
t1104,2025-03-06,utilities,103.66
t9838,2025-01-29,utilities,136.43
t7587,2025-09-27,retail,138.3
t8779,2025-08-07,other,137.83
t6222,2025-05-10,utilities,216.35
t7964,2025-04-21,gas,59.02
t3252,2025-10-22,food,19.16
t4375,2025-10-01,entertainment,53.99
t5124,2025-05-23,entertainment,123.26
t3064,2025-02-15,utilities,103.58
t4731,2025-04-22,retail,86.25
t4171,2025-04-08,retail,88.76
t9367,2025-06-27,retail,86.58
t2948,2025-04-18,food,16.87
t10991,2025-08-22,gas,72.68
t11076,2025-05-20,retail,107.33
t6909,2025-02-01,gas,66.82
t11301,2025-08-07,retail,121.16
t4550,2025-07-07,food,17.95
t10446,2025-08-03,entertainment,88.72
t9448,2025-01-04,gas,78.33
t9661,2025-10-03,food,23.71
t10091,2025-10-06,travel,110.23
t5445,2025-08-21,travel,739.22
t1035,2025-06-08,travel,382.85
t2265,2025-09-24,retail,101.08
t5033,2025-03-16,retail,161.24
t6538,2025-02-19,gas,51.58
t11612,2025-01-28,other,96.68
t8372,2025-01-27,food,46.05
t907,2025-02-28,food,23.68
t11107,2025-07-12,retail,164.98
t8577,2025-09-22,other,55.15
t369,2025-05-03,food,20.74
t10060,2025-02-10,retail,67.57
t1416,2025-04-03,entertainment,58.48
t4050,2025-07-28,food,35.33
t2287,2025-10-11,retail,137.02
t11488,2025-08-19,retail,79.6
t6822,2025-09-22,entertainment,99.04
a134,2025-08-25,retail,1911.14
t8490,2025-07-09,food,23.45
t7408,2025-05-29,retail,95.95
t10948,2025-02-28,entertainment,79.34
t10570,2025-06-09,travel,633.12
t5156,2025-10-24,food,50.46
t2901,2025-05-26,food,34.91
t1722,2025-02-08,food,16.13
t7627,2025-09-18,retail,60.87
t4640,2025-07-15,retail,58.33
t3185,2025-08-21,food,4.43
t3486,2025-09-03,travel,736.01
t1825,2025-07-13,retail,82.27
t3081,2025-04-03,food,22.26
t7183,2025-10-25,entertainment,37.44
t3024,2025-09-09,retail,156.73
t10709,2025-02-02,other,31.19
t11539,2025-09-26,food,37.4
t1902,2025-05-24,entertainment,67.77
t3972,2025-08-06,food,30.59
t3795,2025-01-07,utilities,83.79
t1919,2025-07-14,travel,399.22
t8494,2025-01-30,retail,23.63
t6384,2025-02-26,retail,146.66
t1570,2025-02-01,gas,64.85
t11242,2025-09-23,retail,169.47
t348,2025-10-08,retail,148.16
t1243,2025-06-18,entertainment,132.97
t421,2025-06-11,utilities,151.83
t4701,2025-08-06,entertainment,97.85
t9067,2025-03-23,retail,59.76
t5454,2025-04-11,gas,71.01
t8402,2025-01-21,gas,49.28
t9764,2025-10-21,other,110.87
t10698,2025-02-26,other,61.02
t8643,2025-07-14,food,25.42
t10460,2025-06-07,entertainment,46.97
t1032,2025-05-18,entertainment,51.6
t4166,2025-08-23,retail,76.11
t9935,2025-09-05,retail,150.9
t6992,2025-03-22,food,41.79
t7508,2025-08-19,food,11.66
t7873,2025-03-25,food,23.63
t11244,2025-02-24,utilities,169.83
t764,2025-04-16,utilities,134.57
t8411,2025-09-19,gas,65.34
t10665,2025-07-08,travel,655.7
t3462,2025-04-19,food,23.5
t10612,2025-02-27,food,35.53
t2485,2025-01-21,food,44.99
t1223,2025-05-20,gas,45.08
t6609,2025-01-27,entertainment,78.88
t2135,2025-01-17,food,12.74
t2424,2025-03-20,other,93.36
t3777,2025-02-01,food,14.43
t6642,2025-05-28,travel,400.54
t6197,2025-07-06,retail,100.7
t5196,2025-01-16,food,34.28
t8544,2025-07-08,food,40.69
t6303,2025-04-07,food,29.64
t4340,2025-08-16,other,144.2
t1576,2025-03-01,food,37.93
t510,2025-06-20,retail,119.34
t9341,2025-09-28,food,17.49
t6192,2025-03-15,retail,96.82
t8992,2025-07-09,entertainment,49.3
t2305,2025-08-22,entertainment,56.64
t4449,2025-03-16,utilities,217.42
t749,2025-02-01,retail,8.21
t8752,2025-02-03,entertainment,45.39
t11529,2025-02-14,food,17.37
t1260,2025-04-20,food,26.91
t3078,2025-07-10,food,38.94
t11433,2025-05-11,food,30.48
t1889,2025-01-26,food,24.31
t11559,2025-08-23,entertainment,18.5
t3510,2025-10-20,gas,49.2
t712,2025-09-30,gas,45.1
t9414,2025-05-03,other,42.27
t10946,2025-05-13,gas,40.61
t4635,2025-04-01,retail,138.02
t7552,2025-10-08,other,82.68
t7406,2025-05-09,retail,154.3
t1373,2025-04-15,retail,73.23
t11201,2025-07-09,food,38.82
t713,2025-03-27,gas,66.0
t3330,2025-08-16,other,40.04
t7717,2025-05-16,utilities,123.89
t7812,2025-04-06,food,12.23
t10131,2025-02-25,entertainment,65.59
t3695,2025-02-08,gas,62.36
t6953,2025-06-09,entertainment,65.47
t4747,2025-06-29,retail,76.68
t9816,2025-03-27,retail,55.48
t6426,2025-03-14,other,69.05
t9703,2025-01-11,food,14.24
t1483,2025-05-19,retail,139.16
t1490,2025-03-20,food,31.37
t105,2025-05-17,gas,52.66
t7798,2025-07-30,retail,115.27
t1795,2025-10-18,retail,37.47
t9669,2025-06-04,gas,56.44
t1822,2025-08-07,food,23.54
t2387,2025-07-31,entertainment,100.23
t5184,2025-03-26,retail,137.11
t5091,2025-08-11,entertainment,79.57
t4258,2025-01-09,entertainment,56.07
t1742,2025-08-17,retail,84.01
t1659,2025-05-27,utilities,52.77
t213,2025-08-29,retail,62.83
t5318,2025-05-16,gas,67.02
t9250,2025-07-09,retail,111.01
t6015,2025-07-29,food,12.73
t3059,2025-05-18,entertainment,56.28
t324,2025-03-30,utilities,49.6
t11304,2025-02-26,other,51.06
t1098,2025-10-25,food,25.45
t10586,2025-08-30,retail,150.79
t1360,2025-09-21,other,107.43
t335,2025-10-03,food,39.8
t5492,2025-02-17,food,15.55
t3111,2025-01-14,gas,41.19
t3475,2025-09-09,food,34.96
t4903,2025-03-12,food,33.26
t1614,2025-02-24,gas,50.56
t6667,2025-05-11,gas,74.99
t793,2025-01-11,retail,56.33
t234,2025-03-25,utilities,138.54
t10294,2025-06-01,other,59.38
t9114,2025-01-05,entertainment,21.06
t1065,2025-08-11,entertainment,105.32
t210,2025-07-12,food,33.81
t10409,2025-07-24,travel,484.02
t8184,2025-04-25,utilities,118.8
t5460,2025-01-04,entertainment,105.45
t6316,2025-06-20,food,20.72
t4841,2025-04-04,gas,37.76
t8119,2025-04-22,food,33.37
t4520,2025-05-05,utilities,67.95
t2414,2025-05-28,food,9.63
t4345,2025-09-05,retail,80.14
a29,2025-03-18,entertainment,1298.17
t4885,2025-05-31,retail,120.06
t9273,2025-10-05,entertainment,84.77
t3543,2025-10-10,entertainment,101.05
t11552,2025-04-02,retail,117.2
t872,2025-03-19,utilities,91.9
t3622,2025-06-26,food,15.69
t1264,2025-09-17,food,33.43
t1619,2025-05-21,utilities,89.14
t6836,2025-01-02,gas,63.14
t11656,2025-10-08,other,48.95
t5769,2025-01-06,other,28.42
t2415,2025-01-16,utilities,90.01
t10789,2025-04-17,food,37.7
t5793,2025-04-08,retail,37.04
t1221,2025-03-16,food,48.33
t11223,2025-04-09,retail,76.42
t1766,2025-07-16,utilities,121.02
t9218,2025-09-16,entertainment,13.57
t2457,2025-10-17,food,15.43
t6947,2025-06-08,food,21.07
t7888,2025-10-06,food,38.4
t2002,2025-10-22,food,32.82
t1514,2025-05-09,food,32.99
t4442,2025-07-04,entertainment,97.29
t2802,2025-04-02,retail,47.83
t4949,2025-10-21,food,26.5
t6848,2025-05-09,gas,60.11
t2524,2025-07-31,gas,68.32
t4266,2025-03-06,entertainment,66.92
t5966,2025-02-04,gas,32.88
t9200,2025-07-27,other,72.57
t7782,2025-03-26,retail,107.74
t11749,2025-06-22,gas,20.07
t4061,2025-08-31,food,24.71
t3079,2025-10-10,gas,74.0
t6932,2025-07-14,food,34.52
t5153,2025-03-09,retail,138.5
t9635,2025-08-18,gas,44.35
t7041,2025-05-27,gas,47.48
t10319,2025-03-07,food,29.1
t2111,2025-06-09,food,24.47
a228,2025-07-11,other,1002.08
t2376,2025-04-24,other,116.4
t9137,2025-09-12,other,96.74
t9170,2025-08-22,travel,516.46
t9420,2025-10-26,retail,71.12
t3818,2025-10-12,utilities,103.61
t6346,2025-10-27,retail,75.68
t7730,2025-05-11,food,32.3
t3547,2025-09-29,utilities,165.57
t3528,2025-03-13,gas,65.36
t10160,2025-02-09,retail,14.07
t6960,2025-07-05,gas,75.39
t3718,2025-06-22,food,37.91
t618,2025-09-18,other,2.5
t7885,2025-07-20,food,18.46
t4404,2025-05-30,food,15.96
t5829,2025-08-07,food,30.85
t8210,2025-07-24,retail,85.81
t10070,2025-06-15,gas,48.65
t2653,2025-06-21,food,23.81
t6221,2025-07-18,other,87.37
t8628,2025-09-07,other,59.2
t746,2025-07-11,gas,80.87
t3542,2025-03-26,food,35.34
t11755,2025-06-29,travel,187.81
t2005,2025-06-02,retail,25.62
t7414,2025-07-30,utilities,69.85
t6573,2025-08-12,utilities,85.65
t11466,2025-05-29,utilities,180.87
t3048,2025-04-21,food,20.86
t11267,2025-07-30,other,31.34
t10626,2025-01-05,food,28.45
t1337,2025-09-18,travel,351.11
t9748,2025-02-18,food,25.65
t7820,2025-04-22,food,26.77
t5271,2025-09-25,food,36.53
t9596,2025-04-03,gas,33.07
t3096,2025-01-10,food,29.55
t4748,2025-05-16,food,32.85
t3286,2025-05-01,other,121.54
t5279,2025-05-05,retail,84.67
t7319,2025-08-31,retail,88.78
t11756,2025-03-11,other,72.43
t1314,2025-06-13,retail,140.21
t4510,2025-07-14,food,30.51
a229,2025-03-09,food,483.12
t7146,2025-02-25,food,35.21
t2904,2025-05-09,food,32.16
a85,2025-09-24,retail,821.06
t7034,2025-03-24,retail,124.19
t3334,2025-08-02,travel,280.3
t6326,2025-09-21,food,15.58
t3985,2025-05-15,gas,31.88
t4393,2025-05-14,retail,53.3
t3054,2025-05-09,retail,125.63
t9409,2025-08-07,retail,75.74
t977,2025-04-24,entertainment,95.52
t5860,2025-09-11,gas,57.34
t4703,2025-10-09,food,16.31
t654,2025-08-29,food,24.17
t9704,2025-05-06,food,34.69
t2270,2025-01-20,food,24.77
a223,2025-10-13,food,4999.64
t7793,2025-05-23,food,27.41
a234,2025-08-18,utilities,996.6
t11642,2025-06-06,food,26.55
t6863,2025-02-24,food,24.82
t8444,2025-08-26,retail,111.7
t4100,2025-04-28,entertainment,54.51
t9593,2025-08-02,utilities,162.18
t10803,2025-09-18,gas,58.68
t7153,2025-02-15,gas,21.52
t612,2025-05-21,gas,18.12
t3754,2025-03-02,retail,134.91
t2115,2025-03-26,food,14.14
t4685,2025-01-22,entertainment,56.39
t10503,2025-10-02,retail,114.11
t5943,2025-06-18,gas,33.52
t8400,2025-08-08,food,23.55
t3167,2025-09-02,travel,607.41
t2603,2025-04-18,utilities,79.16
t10221,2025-05-25,entertainment,98.11
t512,2025-04-14,gas,85.44
t8588,2025-10-10,retail,115.61
t9890,2025-08-04,utilities,170.85
t3016,2025-09-26,entertainment,25.23
t6743,2025-04-28,retail,78.86
t9771,2025-02-19,retail,104.13
t4103,2025-03-11,retail,71.04
a5,2025-02-25,retail,1588.92
t7732,2025-08-30,entertainment,46.82
t521,2025-02-15,food,37.54
t8397,2025-09-08,utilities,111.8
t5027,2025-07-12,food,18.18
t6941,2025-06-13,entertainment,39.52
t6154,2025-04-21,retail,80.96
t7626,2025-06-04,other,114.93
t5222,2025-04-17,food,29.04
t10617,2025-04-01,retail,72.91
t7692,2025-05-28,food,32.14
t10938,2025-10-14,food,17.07
a130,2025-05-06,retail,1069.99
t5598,2025-09-17,other,134.51
t4076,2025-10-14,food,31.31
t1110,2025-08-20,other,127.96
t11519,2025-10-13,food,27.42
t7325,2025-01-09,food,18.82
t1039,2025-04-16,travel,757.23
t4289,2025-08-12,food,19.83
t21,2025-05-22,entertainment,82.36
t6563,2025-03-29,other,115.05
t4675,2025-05-25,gas,61.59
t9037,2025-02-24,utilities,206.85
t6052,2025-02-07,other,48.82
t4656,2025-08-16,travel,668.61
t935,2025-06-21,other,86.98
t5154,2025-05-08,entertainment,71.7
t10836,2025-09-28,other,134.93
t7498,2025-09-18,food,4.0
t8753,2025-10-26,other,148.48
t395,2025-08-28,food,35.05
t8251,2025-01-23,food,8.12
t6093,2025-06-23,food,36.74
t1738,2025-04-07,food,39.53
t2166,2025-07-25,food,33.86
t562,2025-10-19,utilities,20.0
t3070,2025-08-25,retail,82.3
t4605,2025-10-10,gas,34.79
t11060,2025-04-20,gas,63.25
t9521,2025-04-29,food,45.0
t1163,2025-08-25,travel,596.6
t6188,2025-06-14,retail,70.29
t7863,2025-08-01,food,38.85
t7643,2025-05-12,utilities,147.16
t1730,2025-03-14,retail,118.86
t1528,2025-04-28,retail,148.92
t4982,2025-10-02,retail,187.2
t843,2025-04-09,gas,38.99
t2931,2025-07-14,travel,456.92
t9937,2025-03-04,utilities,141.86
t59,2025-03-27,retail,75.93
t5299,2025-05-09,entertainment,58.36
t2866,2025-03-01,gas,100.69
t4852,2025-09-04,travel,752.4
t6553,2025-04-04,retail,182.88
t2292,2025-08-01,retail,16.58
t10195,2025-02-27,gas,50.28
t84,2025-06-24,food,23.41
t5290,2025-08-30,retail,72.82
t7979,2025-03-13,other,5.87
t1946,2025-07-24,food,4.0
t9301,2025-10-14,food,9.24
t1650,2025-03-04,retail,124.73
t6443,2025-05-15,other,84.89
t6439,2025-02-02,travel,210.88
t2725,2025-10-19,gas,69.02
t9582,2025-03-12,gas,51.37
t5539,2025-03-22,entertainment,90.42
t415,2025-03-26,food,23.38
t7181,2025-03-19,food,19.93
t11397,2025-06-15,gas,55.89
t2451,2025-07-25,entertainment,79.95
a147,2025-04-11,entertainment,1391.94
t5478,2025-05-04,food,42.07
t7221,2025-10-10,retail,73.38
t5917,2025-01-16,food,23.17
t9754,2025-02-02,food,17.26
t6773,2025-05-18,food,22.57
t4440,2025-02-18,retail,102.08
t7609,2025-08-18,other,87.35
t11406,2025-05-18,food,21.87
t2908,2025-05-27,food,28.55
t8636,2025-06-13,gas,69.66
t6608,2025-06-03,utilities,113.17
t3539,2025-03-17,retail,77.2
t2134,2025-03-07,utilities,151.92
t1898,2025-08-13,food,22.37
t7659,2025-03-09,utilities,150.55
t6672,2025-08-21,retail,142.86
t8831,2025-09-24,gas,62.69
t4270,2025-05-07,retail,78.99
t9297,2025-06-06,food,35.48
t8243,2025-01-22,food,35.27
t7963,2025-09-29,food,23.39
t1818,2025-09-12,other,91.61
t11713,2025-06-21,utilities,74.13
t1938,2025-07-28,gas,10.0
t338,2025-09-21,gas,52.94
t9697,2025-01-04,gas,51.0
t2336,2025-03-20,food,29.5
t8699,2025-02-07,retail,73.16
t2073,2025-10-20,food,34.73
t6914,2025-03-17,other,43.69
t1727,2025-03-13,food,30.96
t10181,2025-04-09,food,9.97
t1048,2025-06-22,travel,686.3
t5379,2025-02-22,travel,587.51
t7776,2025-08-01,travel,25.0
t2816,2025-06-20,gas,57.02
a141,2025-06-15,gas,5004.89
t9629,2025-10-11,retail,65.13
t2321,2025-09-12,entertainment,135.68
t7672,2025-08-15,utilities,103.67
t9612,2025-05-02,retail,146.33
t4872,2025-07-08,utilities,120.48
t3387,2025-03-28,food,25.61
t11532,2025-02-13,food,32.29
t6071,2025-03-26,utilities,127.78
t767,2025-09-17,utilities,176.1
t2862,2025-06-07,food,31.79
t3783,2025-09-19,food,46.57
t5010,2025-06-04,gas,60.37
t6126,2025-02-24,food,28.39
t1145,2025-02-28,food,26.58
t9895,2025-02-23,food,26.43
t9803,2025-10-25,retail,103.64
t2511,2025-06-25,gas,48.33
t6662,2025-06-15,utilities,142.81
t2274,2025-09-23,utilities,143.0
t5929,2025-05-02,gas,50.12
t5372,2025-01-07,food,19.75
t10511,2025-09-11,entertainment,51.99
t11119,2025-08-01,food,17.58
t8495,2025-07-17,other,133.37
t11545,2025-01-03,retail,92.78
t103,2025-10-05,entertainment,37.86
t1990,2025-05-12,other,2.5
t4304,2025-05-28,gas,53.07
t4458,2025-05-19,entertainment,113.39
t9354,2025-06-29,entertainment,39.08
t829,2025-01-17,gas,37.6
t8744,2025-10-26,entertainment,34.16
t4787,2025-03-05,other,76.79
t1673,2025-03-18,food,17.25
t5932,2025-01-27,entertainment,36.03
t9086,2025-01-10,food,22.06
t7475,2025-03-11,retail,205.77
t8248,2025-05-29,food,33.32
t7920,2025-09-12,utilities,139.97
t2857,2025-10-10,retail,85.73
t7728,2025-03-13,food,27.73
t1809,2025-01-03,other,54.96
t7466,2025-05-29,retail,46.99
t2276,2025-07-03,utilities,147.03
t3762,2025-07-12,retail,64.99
t8222,2025-09-08,food,44.27
t8480,2025-07-17,entertainment,45.61
t7622,2025-06-08,utilities,69.83
t5170,2025-07-03,other,44.66
t2046,2025-04-01,other,36.75
t7199,2025-10-13,retail,137.89
t7439,2025-01-22,other,109.22
t4514,2025-04-12,retail,32.01
t5602,2025-06-01,food,24.0
t1296,2025-08-18,other,73.3
t5821,2025-03-31,food,25.2
t592,2025-05-09,utilities,233.48
t4225,2025-06-15,food,11.26
t222,2025-07-11,utilities,118.6
t7911,2025-08-20,gas,36.72
t8140,2025-07-18,gas,29.52
t7094,2025-10-16,gas,53.21
t6389,2025-03-26,travel,890.74
t859,2025-08-16,travel,639.16
t6271,2025-10-05,other,109.34
t6065,2025-08-25,retail,113.89
t8704,2025-01-08,food,35.98
t6747,2025-03-17,food,21.93
t842,2025-02-27,gas,55.94
t6400,2025-02-12,food,18.53
t11268,2025-03-04,food,29.54
t5425,2025-04-10,food,34.94
t10257,2025-04-06,food,13.05
t9262,2025-07-24,gas,41.84
t3704,2025-04-04,food,26.2
t995,2025-09-19,retail,76.28
t9365,2025-09-05,food,40.92
t6335,2025-08-15,utilities,225.13
t1555,2025-03-23,travel,930.48
t4672,2025-02-26,utilities,129.55
t9145,2025-06-02,gas,36.11
t3773,2025-09-05,food,31.82
t9230,2025-06-11,retail,71.41
t11300,2025-01-28,retail,123.41
t10961,2025-01-10,food,33.64
t7045,2025-10-05,other,29.62
t3560,2025-10-03,utilities,129.92
t6067,2025-04-04,retail,78.66
t2849,2025-07-27,retail,112.21
t6193,2025-05-06,food,21.27
t9810,2025-04-19,food,26.19
t6811,2025-04-01,utilities,141.98
t2514,2025-03-27,utilities,168.47
t8337,2025-06-07,travel,379.61
t1464,2025-06-30,food,33.78
t10485,2025-02-25,entertainment,51.69
t4202,2025-08-08,entertainment,93.26
t10270,2025-03-20,travel,620.68
t6632,2025-07-14,retail,49.96
t2836,2025-10-14,food,22.37
t11083,2025-08-17,food,40.85
t8631,2025-02-18,entertainment,43.71
t2234,2025-02-23,gas,16.06
t3051,2025-03-13,entertainment,91.68
t11031,2025-05-29,food,21.22
t4682,2025-05-26,utilities,144.81
t401,2025-10-23,food,33.3
t3861,2025-03-24,food,4.0
t11645,2025-07-13,retail,166.97
t3873,2025-09-19,utilities,174.34
t4882,2025-05-21,travel,812.73
t5187,2025-09-30,gas,30.24
t6201,2025-04-13,other,56.09
t2805,2025-04-29,entertainment,42.0
t6985,2025-01-12,other,76.02
t4092,2025-03-07,food,10.25
t4609,2025-08-21,retail,34.87
t1024,2025-01-24,food,25.85
t3299,2025-01-09,gas,59.42
t9536,2025-07-26,food,5.57
t8470,2025-08-19,food,31.3
t60,2025-01-07,entertainment,69.32
t9481,2025-07-08,gas,39.94
t7640,2025-06-28,food,24.05
t5759,2025-06-24,gas,44.05
t4983,2025-08-01,retail,122.91
t9841,2025-08-31,retail,169.82
t1329,2025-09-26,food,8.77
t6661,2025-04-12,other,79.28
t3352,2025-02-15,other,71.45
a226,2025-03-12,entertainment,639.45
t169,2025-09-11,other,84.67
t3280,2025-02-17,other,46.01
t10224,2025-09-21,travel,590.37
t5666,2025-07-07,food,18.53
t11090,2025-07-15,other,27.22
t7767,2025-07-07,gas,58.11
t1551,2025-03-27,retail,163.52
t1010,2025-02-21,gas,41.67
t8491,2025-07-07,entertainment,124.03
t2555,2025-05-12,gas,81.01
t7591,2025-10-18,entertainment,77.99
t1613,2025-09-22,utilities,99.92
t2738,2025-04-22,entertainment,105.51
t3456,2025-01-02,food,15.65
t7624,2025-06-20,gas,71.58
t10700,2025-10-03,retail,152.01
t8328,2025-08-22,utilities,175.29
t649,2025-10-25,other,134.69
t6062,2025-09-08,utilities,119.86
t2863,2025-03-13,food,29.03
t880,2025-04-17,retail,90.77
t9321,2025-09-25,food,26.48
t3838,2025-05-02,retail,88.43
t4829,2025-02-12,food,31.82
t2304,2025-07-31,entertainment,75.62
t6254,2025-07-26,food,17.33
t1625,2025-06-03,retail,172.91
t551,2025-01-02,food,33.18
t3949,2025-07-05,food,15.22
t6936,2025-06-20,food,22.92
t9975,2025-04-25,gas,68.77
t6701,2025-10-21,entertainment,124.67
t4503,2025-07-23,gas,55.31
t5295,2025-06-23,gas,43.84
t8199,2025-06-03,utilities,184.08
t212,2025-02-19,entertainment,109.8
t10029,2025-09-25,retail,89.07
t5678,2025-01-24,food,16.9
t9623,2025-02-07,retail,132.54
t3233,2025-03-17,retail,31.77
t10529,2025-02-06,other,53.26
t6386,2025-04-28,retail,79.79
t3544,2025-03-07,food,15.53
t69,2025-06-09,other,93.67
t1439,2025-08-15,food,41.35
t2516,2025-10-03,entertainment,88.33
t2869,2025-05-19,retail,92.97
t3964,2025-05-25,utilities,180.87
t8171,2025-09-01,food,24.27
t6577,2025-01-07,travel,819.72
t10074,2025-04-21,food,34.13
t697,2025-07-23,other,82.09
t8726,2025-05-09,gas,84.11
t3943,2025-03-01,food,25.65
t4552,2025-10-14,travel,57.09
t11731,2025-10-26,retail,160.48
t10213,2025-06-05,utilities,108.85
t4382,2025-01-25,gas,46.71
t9054,2025-10-12,travel,528.61
t1315,2025-09-18,food,15.85
t6783,2025-09-09,other,131.4
t8422,2025-04-10,other,40.03
t5554,2025-07-30,food,30.24
t9636,2025-02-15,entertainment,101.62
t3980,2025-06-10,food,11.28
t5024,2025-01-29,utilities,210.74
t13,2025-05-04,entertainment,53.82
t773,2025-06-02,other,35.42
t819,2025-10-24,other,78.03
t11282,2025-04-12,gas,61.33
t2785,2025-03-22,food,17.18
t1347,2025-08-07,other,105.55
t10378,2025-04-14,travel,681.46
t454,2025-09-25,food,27.23
t10085,2025-09-24,utilities,168.03
t11626,2025-04-04,food,37.12
t1657,2025-07-23,other,80.32
t3458,2025-01-12,entertainment,12.67
t4246,2025-05-30,food,32.95
t11088,2025-07-27,retail,68.11
t9896,2025-08-27,gas,52.79
t38,2025-04-01,utilities,54.07
t11122,2025-01-15,food,29.54
t5004,2025-06-06,food,22.88
t1044,2025-09-24,utilities,147.16
t2909,2025-07-09,retail,121.04
t6505,2025-09-17,food,26.68
t941,2025-01-13,food,4.45
t4321,2025-08-10,food,34.19
t7593,2025-10-03,food,39.27
t10317,2025-08-30,food,20.39
t9249,2025-09-22,entertainment,53.18
t5119,2025-06-03,retail,132.93
t11068,2025-03-15,gas,46.6
t8096,2025-02-18,food,8.18
t7164,2025-04-26,utilities,109.72
t539,2025-06-24,retail,115.87
t5340,2025-04-15,food,24.47
t1154,2025-07-31,food,20.76
t1401,2025-07-08,retail,138.45
t5884,2025-03-24,travel,141.57
t10688,2025-05-19,entertainment,70.1
t31,2025-06-01,utilities,110.77
t11074,2025-02-22,food,19.55
t2268,2025-09-05,other,39.26
t10391,2025-04-12,food,34.74
t8020,2025-10-04,gas,61.18
t8493,2025-04-20,retail,102.47
t3678,2025-06-30,food,36.22
t2471,2025-07-06,gas,30.98
t9357,2025-08-21,food,35.35
t5557,2025-01-30,entertainment,64.34
t4741,2025-09-28,food,21.12
t6724,2025-02-16,food,19.54
t8665,2025-09-13,gas,90.55
t5836,2025-08-12,food,24.59
t5442,2025-10-11,utilities,95.06
t1093,2025-06-20,utilities,152.29
t267,2025-06-16,food,31.93
t1109,2025-08-14,gas,38.47
t9179,2025-03-24,gas,47.72
t10852,2025-09-26,entertainment,63.06
t3230,2025-03-18,food,22.85
t8456,2025-01-09,travel,679.94
t6976,2025-10-09,food,7.38
t8741,2025-04-13,food,36.68
t3320,2025-03-03,gas,53.21
t9921,2025-08-02,food,37.39
t1740,2025-04-01,food,42.15
t231,2025-07-02,food,25.02
t10510,2025-05-15,entertainment,100.72
t899,2025-06-29,utilities,63.15
t5763,2025-03-28,retail,124.12
t7136,2025-03-23,other,167.62
t8133,2025-08-08,gas,55.76
t7101,2025-04-06,food,21.64
t6664,2025-03-24,utilities,132.1
t4756,2025-01-23,other,41.76
t8976,2025-06-14,entertainment,60.57
t1564,2025-07-02,food,27.35
t4113,2025-06-19,food,27.61
t9059,2025-05-20,gas,72.34
t3072,2025-09-01,travel,399.81
t9342,2025-03-13,gas,76.32
t11757,2025-07-30,entertainment,40.58
t9315,2025-03-02,retail,165.6
t3434,2025-05-08,food,29.55
t8787,2025-10-22,retail,56.58
t9506,2025-06-11,food,30.2
t10726,2025-09-03,retail,175.26
t11125,2025-03-24,other,28.17
t5148,2025-04-27,food,18.92
t7096,2025-05-04,gas,34.1
t7853,2025-10-27,utilities,196.08
t8391,2025-09-08,retail,18.11
t9322,2025-09-22,utilities,220.62
t11491,2025-01-21,entertainment,124.2
t3574,2025-09-24,gas,74.83
t5845,2025-06-03,travel,217.11
t10740,2025-09-04,travel,591.99
t9413,2025-01-09,gas,52.6
t3376,2025-05-31,other,81.94
t2841,2025-02-19,retail,138.07
t7610,2025-07-29,other,50.44
t6471,2025-04-22,food,42.22
t4293,2025-07-03,gas,68.52
t10416,2025-07-31,food,23.32
t4416,2025-07-24,food,20.23
t9279,2025-07-18,food,30.08
t7145,2025-01-09,food,9.81
t11056,2025-03-02,retail,130.4
t3615,2025-10-26,food,35.74
t2214,2025-04-26,gas,39.77
t8754,2025-02-19,entertainment,72.68
t5804,2025-09-26,utilities,89.65
t9575,2025-10-12,food,23.13
t4302,2025-09-26,food,25.59
t2112,2025-02-13,retail,60.55
t6579,2025-04-16,gas,78.09
t10870,2025-08-01,gas,73.39
t11332,2025-09-17,retail,110.15
t9379,2025-08-22,food,20.97
t10837,2025-06-25,other,52.32
t9691,2025-01-24,food,30.2
t9791,2025-04-16,retail,91.63
t6022,2025-07-20,utilities,88.54
t9631,2025-08-08,utilities,102.78
t9616,2025-10-14,utilities,32.0
t356,2025-01-14,retail,139.4
t1430,2025-02-12,food,17.99
t6949,2025-09-02,food,48.27
t8489,2025-01-29,retail,71.1
t8679,2025-02-04,retail,120.64
t11130,2025-08-29,retail,149.87
t333,2025-02-18,travel,389.58
t9039,2025-03-30,other,115.82
t10716,2025-04-04,gas,94.06
t965,2025-02-27,gas,66.97
t8099,2025-09-13,food,29.85
t4992,2025-10-15,gas,48.11
t3282,2025-05-07,entertainment,44.85
t7838,2025-10-08,food,11.85
t2545,2025-02-08,food,30.47
t5362,2025-05-18,entertainment,53.67
t6721,2025-07-12,food,45.21
t2886,2025-02-17,food,30.37
t9846,2025-10-03,entertainment,125.44
t2179,2025-10-02,travel,476.13
t6070,2025-06-23,food,36.22
t4902,2025-09-27,food,22.2
t4878,2025-07-16,gas,48.87
t3124,2025-01-09,gas,67.98
t9621,2025-06-06,food,18.55
t1545,2025-09-19,gas,57.78
t5016,2025-03-01,entertainment,34.98
t11409,2025-07-21,utilities,58.51
t8607,2025-08-13,food,43.39
t4430,2025-03-10,food,17.38
t8879,2025-01-11,food,34.76
t6225,2025-02-09,travel,394.24
t7950,2025-03-11,utilities,152.12
t11369,2025-06-17,food,37.32
t5420,2025-02-14,food,47.05
t6051,2025-08-29,other,50.97
t11419,2025-03-26,entertainment,47.79
t10829,2025-05-28,food,48.56
t7904,2025-03-05,food,33.95
t1562,2025-05-30,food,19.0
t4915,2025-06-11,other,15.39
t11299,2025-06-13,retail,37.66
t6089,2025-03-10,other,93.45
t1096,2025-01-22,other,85.14
t9590,2025-09-20,gas,11.86
t3288,2025-10-12,retail,109.73
t9924,2025-10-19,retail,108.78
t10856,2025-10-26,gas,49.51
t2606,2025-10-15,entertainment,37.11
t1393,2025-05-14,other,128.38
t4490,2025-07-02,other,63.3
t10371,2025-03-24,utilities,172.97
t753,2025-08-30,food,20.1
t7019,2025-01-10,gas,38.24
t3738,2025-02-11,retail,146.02
t11734,2025-02-18,utilities,93.25
t10238,2025-06-08,gas,26.66
t3216,2025-03-20,other,159.77
t6324,2025-07-30,retail,68.26
t1778,2025-08-26,food,44.49
t4114,2025-01-05,utilities,167.44
t1771,2025-04-19,food,23.08
t10217,2025-08-22,retail,122.13
t11674,2025-06-08,entertainment,84.64
t3023,2025-04-25,other,96.53
t3013,2025-05-11,retail,69.26
t10944,2025-09-05,food,32.74
t5503,2025-03-06,travel,701.34
t8056,2025-03-15,travel,540.46
t4348,2025-05-01,retail,122.72
t4408,2025-04-05,gas,66.7
t528,2025-10-17,travel,229.04
t9744,2025-05-01,gas,23.83
t11289,2025-06-27,retail,74.62
t1920,2025-03-24,gas,49.37
t702,2025-09-06,retail,108.48
t4217,2025-09-20,utilities,107.17
t4300,2025-06-01,retail,133.58
t11018,2025-05-19,retail,158.26
t1299,2025-05-05,entertainment,97.0
t1353,2025-06-12,utilities,132.53
t2927,2025-08-21,entertainment,45.93
t9333,2025-08-08,food,48.49
t1288,2025-08-29,travel,640.07
t5520,2025-08-17,gas,71.38
t9825,2025-02-21,utilities,232.24
t5858,2025-09-24,retail,67.81
t11510,2025-09-20,food,15.68
t2014,2025-08-04,food,20.36
t10298,2025-09-30,gas,83.94
t4398,2025-09-15,food,19.84
t7967,2025-05-25,food,38.44
t2148,2025-05-21,food,18.2
t5534,2025-08-29,entertainment,70.07
t5962,2025-10-21,entertainment,31.39
t8540,2025-07-13,travel,234.87
t6214,2025-05-12,entertainment,68.66
t8583,2025-06-16,entertainment,94.23
t7306,2025-10-07,entertainment,46.61
t7860,2025-07-10,utilities,71.4
t6435,2025-04-07,utilities,192.51
t9160,2025-03-28,entertainment,63.92
t811,2025-04-20,other,61.12
t11455,2025-01-07,utilities,125.24
t2074,2025-08-29,other,99.57
t8363,2025-01-08,retail,77.86
t8812,2025-07-28,retail,180.99
t886,2025-09-20,food,22.17
t1478,2025-10-16,food,41.9
t1791,2025-09-17,gas,68.06
t5221,2025-10-08,food,26.54
t2009,2025-03-14,gas,61.2
t8766,2025-02-28,food,12.66
t683,2025-07-01,utilities,105.8
t3896,2025-01-14,other,81.42
t7485,2025-09-10,entertainment,42.24
t7663,2025-09-26,food,30.11
t4292,2025-05-11,entertainment,68.11
t58,2025-05-23,food,18.98
t10909,2025-02-05,travel,363.01
t2400,2025-06-13,entertainment,109.67
t11723,2025-01-25,retail,71.4
t11547,2025-10-04,retail,61.59
t7384,2025-07-20,entertainment,43.73
t6078,2025-05-19,gas,60.12
t6731,2025-02-21,retail,103.86
t1469,2025-07-18,food,29.72
t1417,2025-03-26,gas,38.28
t8015,2025-08-03,retail,166.33
t2359,2025-06-11,food,21.3
t6868,2025-07-16,retail,111.92
t4620,2025-02-13,other,55.45
t10424,2025-07-01,food,31.04
t10167,2025-02-19,food,29.44
t9174,2025-04-01,food,12.39
t3870,2025-09-22,food,48.26
t11504,2025-09-07,utilities,257.89
t4282,2025-06-15,retail,89.51
t6217,2025-08-29,other,97.82
t8465,2025-10-25,retail,82.89
t9453,2025-09-25,food,24.54
t1056,2025-04-29,food,18.2
t2282,2025-04-25,entertainment,65.87
t9296,2025-10-05,food,39.18
t1925,2025-07-26,other,106.98
t10833,2025-09-09,retail,62.44
t1076,2025-09-16,food,26.31
t1116,2025-06-17,gas,73.88
t3937,2025-03-15,retail,133.17
t3534,2025-05-31,retail,76.4
t6506,2025-03-10,entertainment,49.58
t461,2025-01-14,retail,72.42
t3033,2025-05-24,retail,85.99
t4208,2025-07-23,other,55.37
t10724,2025-04-25,other,76.59
t1453,2025-04-12,food,32.47
t2150,2025-04-26,retail,69.83
t320,2025-10-25,retail,105.54
t6168,2025-04-03,other,51.24
t1923,2025-01-23,food,5.77
t8343,2025-04-26,food,11.07
t10655,2025-03-14,entertainment,58.22
t5323,2025-07-22,gas,62.23
a128,2025-02-20,other,997.9
t6313,2025-03-16,utilities,83.74
t2130,2025-02-13,other,69.14
t5093,2025-03-15,food,27.47
t8680,2025-03-22,other,75.89
t10595,2025-08-12,utilities,79.11
t1053,2025-05-03,other,87.9
t5747,2025-05-16,utilities,125.16
t8729,2025-05-10,gas,46.63
t4068,2025-03-15,gas,64.03
t1457,2025-04-22,entertainment,63.64
t10311,2025-07-05,utilities,116.71
t362,2025-02-11,gas,47.45
a113,2025-05-24,travel,1004.1
t3146,2025-03-06,food,14.49
t9510,2025-04-10,other,46.04
t6665,2025-06-02,entertainment,30.54
t6182,2025-02-14,gas,57.66
t8362,2025-01-04,food,23.84
t5853,2025-10-27,gas,73.5
t7298,2025-07-03,food,21.53
t541,2025-05-28,food,33.36
t7022,2025-05-20,retail,70.87
t10156,2025-04-28,entertainment,83.99
t6283,2025-04-18,gas,67.92
t10824,2025-10-12,other,117.59
t755,2025-07-22,retail,136.14
t5205,2025-04-23,other,9.7
t2004,2025-09-03,food,20.32
t2543,2025-05-05,retail,127.66
t5698,2025-08-01,food,31.47
t10621,2025-09-16,other,93.22
t5175,2025-03-19,gas,44.32
t4272,2025-05-23,entertainment,53.8
t101,2025-09-22,entertainment,144.89
t6673,2025-08-29,retail,123.22
t602,2025-03-01,gas,64.86
t10694,2025-09-25,food,32.26
t4526,2025-08-05,food,25.31
t7175,2025-05-22,other,91.72
t1045,2025-07-04,gas,38.13
t9304,2025-10-22,food,29.16
t1558,2025-02-11,other,71.35
t1488,2025-06-03,retail,105.45
t8425,2025-07-27,retail,63.19
t11025,2025-01-17,utilities,156.75
t6147,2025-08-10,food,25.54
t2116,2025-08-21,utilities,105.28
t8452,2025-05-28,retail,124.42
t619,2025-06-01,travel,434.97
t4865,2025-05-12,other,62.21
t5439,2025-07-08,gas,61.59
t3397,2025-09-06,travel,660.63
t1601,2025-06-09,gas,76.65
t8240,2025-09-30,food,23.22
t10564,2025-09-22,other,53.07
t1616,2025-01-09,gas,48.74
t1753,2025-06-04,gas,45.51
t5767,2025-05-12,food,14.11
t2084,2025-09-20,retail,79.37
t5141,2025-09-03,food,22.23
t8618,2025-01-23,entertainment,75.67
t9550,2025-01-05,entertainment,112.8
t6640,2025-02-14,other,56.12
t8971,2025-06-08,food,30.83
t676,2025-05-23,other,52.26
t2546,2025-05-21,food,24.63
t11747,2025-04-07,gas,69.17
t4000,2025-07-20,food,28.48
t11392,2025-02-06,retail,99.58
t176,2025-01-17,retail,127.55
t5505,2025-05-22,gas,58.02
t3610,2025-08-03,entertainment,81.04
t11346,2025-06-11,food,21.3
t3788,2025-02-04,retail,63.24
t2226,2025-08-02,gas,45.68
t7043,2025-06-26,food,37.27
t5818,2025-10-04,food,20.81
t1127,2025-04-22,food,20.39
t9285,2025-05-18,food,22.37
t6081,2025-10-23,food,36.9
t2442,2025-01-02,other,42.0
t1323,2025-06-18,gas,49.09
t1604,2025-10-05,retail,101.86
t4211,2025-08-07,utilities,59.48
t9355,2025-04-25,food,21.22
t10326,2025-03-05,other,5.4
t4066,2025-04-23,other,122.76
t11598,2025-10-07,food,42.99
t11269,2025-07-18,utilities,68.92
t8525,2025-09-28,food,25.7
t4541,2025-07-24,food,20.99
t4072,2025-04-17,food,27.37
t1508,2025-03-03,gas,68.46
t1560,2025-01-11,retail,109.08
t5351,2025-05-10,food,34.84
t4420,2025-01-11,other,77.96
a77,2025-03-16,gas,1996.66
t11493,2025-01-26,food,30.21
t4986,2025-02-23,retail,104.4
t1837,2025-07-07,food,36.11
t1355,2025-01-20,food,11.44
t9614,2025-03-13,food,37.04
t4901,2025-03-20,retail,73.74
t11342,2025-10-11,travel,356.2
t9892,2025-03-23,retail,67.38
t4033,2025-05-03,food,19.02
t6746,2025-08-09,retail,80.92
t7210,2025-09-20,utilities,153.51
t8479,2025-02-08,travel,718.08
t7504,2025-10-05,food,28.6
t2252,2025-02-19,retail,101.9
t1026,2025-02-19,retail,130.75
t8019,2025-07-20,gas,66.73
t5550,2025-09-26,retail,140.13
t9486,2025-07-03,food,49.49
t7566,2025-06-09,entertainment,78.21
t3398,2025-07-28,entertainment,64.65
t314,2025-02-19,utilities,205.68
t7400,2025-03-25,gas,47.94
t5737,2025-03-05,entertainment,49.82
t9263,2025-07-23,entertainment,79.0
t8272,2025-09-14,retail,174.58
t8813,2025-08-16,utilities,85.41
t11213,2025-05-27,utilities,165.54
t2971,2025-06-12,gas,55.33
t5304,2025-10-26,entertainment,103.5
t5810,2025-06-03,food,41.47
t3886,2025-01-15,retail,87.52
t11524,2025-09-03,travel,871.89
a143,2025-09-16,food,438.11
t6002,2025-10-22,entertainment,108.93
t8595,2025-01-07,utilities,20.0
t11266,2025-05-19,food,51.19
t4970,2025-06-15,food,29.75
t9028,2025-01-12,other,45.02
t8900,2025-03-26,gas,52.02
t9388,2025-03-31,food,22.13
t1841,2025-01-05,food,26.43
t10897,2025-09-07,utilities,80.18
a102,2025-01-15,utilities,2541.94
t3674,2025-02-15,utilities,151.04
t5174,2025-06-19,gas,49.27
t10383,2025-10-08,food,27.92
a210,2025-01-02,other,748.71
t3321,2025-02-27,retail,46.2
t2273,2025-06-28,gas,60.61
t4255,2025-09-18,retail,170.78
t848,2025-08-18,entertainment,68.63
t4875,2025-06-30,retail,102.45
t5995,2025-07-22,retail,78.55
t5724,2025-07-25,retail,52.58
t5689,2025-03-02,food,28.69
t5910,2025-05-21,retail,87.76
t1418,2025-04-07,gas,80.21
t10365,2025-02-25,retail,134.2
t3849,2025-05-10,other,96.71
t605,2025-04-27,retail,120.6
t11434,2025-05-06,other,133.96
t2079,2025-09-16,food,13.34
t9665,2025-06-24,food,23.89
t2312,2025-07-26,food,23.25
t4344,2025-07-26,retail,101.83
t6256,2025-08-04,retail,89.9
t1983,2025-10-09,entertainment,47.72
t200,2025-05-29,food,32.66
t486,2025-01-18,food,44.63
t3271,2025-02-08,food,23.58
t2824,2025-05-18,travel,677.12
t3246,2025-04-23,gas,30.34
t10486,2025-03-28,entertainment,55.72
t5332,2025-01-17,retail,151.57
t3750,2025-03-03,food,9.12
t7473,2025-04-05,retail,43.98
t6700,2025-02-19,utilities,85.63
t9794,2025-04-26,food,20.03
t2795,2025-09-25,gas,25.14
t7783,2025-07-17,utilities,79.4
t9812,2025-01-18,other,72.55
t8295,2025-02-18,other,10.67
t525,2025-07-21,retail,113.06
t948,2025-06-27,entertainment,8.49
t9270,2025-08-06,gas,98.77
t10394,2025-01-16,entertainment,81.78
t1281,2025-02-09,retail,231.91
t123,2025-08-10,gas,70.12
t4367,2025-06-16,other,90.17
t5438,2025-01-06,other,29.8
t5088,2025-10-26,retail,90.86
t2303,2025-09-21,retail,74.28
t10893,2025-05-10,retail,96.68
t9030,2025-03-09,utilities,192.89
t1006,2025-04-24,food,25.44
t3461,2025-10-13,gas,54.87
t4485,2025-07-13,utilities,64.55
t8998,2025-03-22,retail,100.53
t10772,2025-09-28,food,8.96
t3056,2025-07-19,retail,127.59
t3567,2025-03-29,other,136.96
a10,2025-03-28,utilities,2285.14
t2133,2025-03-02,food,40.17
a196,2025-08-05,food,746.88
t5472,2025-07-20,retail,122.01
t4961,2025-09-21,food,22.71
t230,2025-07-09,food,34.83
t6162,2025-01-19,other,2.5
t4002,2025-07-18,food,32.39
t10953,2025-09-17,food,25.4
t8427,2025-06-06,food,22.38
t7067,2025-03-12,gas,79.28
t3008,2025-05-12,gas,50.22
t5729,2025-10-25,utilities,181.61
t4222,2025-09-02,food,36.02
t7071,2025-01-01,retail,133.05
t6581,2025-03-04,entertainment,76.79
t6438,2025-09-04,entertainment,95.12
t2751,2025-10-16,retail,203.38
t7954,2025-10-18,food,31.56
t5045,2025-04-28,other,56.95
t4377,2025-07-31,retail,23.47
t2945,2025-08-09,entertainment,51.96
t6635,2025-09-28,retail,121.06
t2719,2025-05-20,food,32.27
t6726,2025-05-20,retail,152.9
t6898,2025-07-10,gas,51.48
t6449,2025-04-08,retail,96.12
t6028,2025-02-25,utilities,161.69
t8186,2025-06-09,utilities,137.18
t7357,2025-05-02,other,82.45
t4162,2025-08-20,gas,69.04
t10220,2025-05-26,food,22.05
t9243,2025-06-11,entertainment,97.6
t6888,2025-01-02,entertainment,39.46
t9876,2025-02-02,other,61.46
t9759,2025-05-23,retail,63.51
t10530,2025-03-08,gas,62.28
t10622,2025-01-02,entertainment,83.85
t5958,2025-08-29,gas,36.38
t1018,2025-01-30,utilities,166.22
t5067,2025-09-15,gas,63.67
t11505,2025-10-21,food,20.41
t1929,2025-04-30,food,16.78
t351,2025-08-07,gas,66.67
t8949,2025-08-05,gas,67.7
t11205,2025-10-09,gas,72.86
t9035,2025-02-28,utilities,99.96
t7378,2025-08-25,entertainment,39.21
t7835,2025-09-06,gas,60.43
t7289,2025-02-28,food,29.23
t565,2025-08-06,food,29.61
t1583,2025-09-10,gas,66.24
t2176,2025-09-22,food,27.77
t10334,2025-04-07,gas,42.36
t7792,2025-06-26,retail,117.79
t3934,2025-01-29,other,91.93
t2708,2025-05-01,food,34.01
a88,2025-04-12,entertainment,500.27
t8516,2025-08-16,travel,299.1
t3536,2025-06-10,food,21.57
t10797,2025-06-17,food,30.55
t7309,2025-02-03,retail,123.85
t11459,2025-09-05,food,30.7
t3740,2025-03-03,retail,166.21
t9390,2025-09-12,utilities,143.6
t822,2025-03-25,travel,518.65
t2064,2025-01-06,food,33.07
t8031,2025-01-21,entertainment,37.28
t82,2025-02-09,utilities,37.74
t7655,2025-02-09,utilities,145.95
t2698,2025-08-25,food,21.26
t832,2025-05-29,food,52.93
t3827,2025-06-01,entertainment,53.61
t6462,2025-08-30,utilities,65.51
t2834,2025-10-27,retail,130.28
t10199,2025-01-20,food,37.62
t11144,2025-08-03,food,32.25
t6340,2025-08-04,food,28.71
t49,2025-08-25,food,28.16
t11743,2025-03-03,food,20.89
t7908,2025-01-02,utilities,73.41
t6952,2025-01-01,utilities,103.61
t9226,2025-04-28,food,39.41
t4725,2025-05-18,gas,48.79
t9025,2025-08-11,utilities,88.87
t4096,2025-02-26,other,187.89
t2690,2025-09-11,gas,97.18
t6674,2025-04-29,food,24.5
t5051,2025-10-22,food,44.86
t6276,2025-04-15,food,14.93
t2374,2025-09-06,gas,71.84
t7293,2025-03-08,gas,48.49
t2759,2025-07-20,retail,87.17
t7277,2025-05-31,retail,53.24
a17,2025-01-23,food,751.69
t5583,2025-07-06,utilities,139.55
t10891,2025-01-10,food,27.29
t3881,2025-07-05,food,24.11
a31,2025-06-26,retail,1809.86
t4771,2025-06-15,food,35.47
t11003,2025-08-21,utilities,171.77
t5236,2025-09-06,food,19.95
t6450,2025-01-13,retail,112.38
t3946,2025-07-24,retail,21.47
t9479,2025-01-14,utilities,155.71
t2165,2025-07-12,food,42.11
t2887,2025-10-09,other,98.61
t11463,2025-10-26,retail,64.72
t10506,2025-09-01,entertainment,5.0
t517,2025-07-16,utilities,199.16
t11035,2025-07-14,other,80.51
t11138,2025-10-07,food,24.7
t173,2025-01-16,food,12.81
t640,2025-09-08,food,26.77
t11657,2025-10-02,entertainment,58.76
t6244,2025-10-15,food,32.89
t1144,2025-03-08,food,32.75
t8642,2025-05-03,food,34.01
t7333,2025-01-02,food,32.74
t10046,2025-05-22,utilities,185.53
t1833,2025-08-14,food,33.98
t8748,2025-08-30,utilities,94.31
t6129,2025-07-14,entertainment,119.05
t3687,2025-06-02,other,89.98
t9967,2025-07-26,entertainment,79.5
a176,2025-10-13,utilities,2589.29
t4538,2025-09-09,other,2.5
t5961,2025-10-14,gas,51.4
t7321,2025-01-24,other,84.01
t835,2025-07-25,utilities,80.82
t2487,2025-07-18,food,13.07
t8979,2025-05-31,retail,52.53
t7574,2025-03-26,food,30.16
t7272,2025-07-21,food,34.84
t5462,2025-02-14,retail,138.42
t10573,2025-01-06,entertainment,113.25
t11011,2025-07-27,food,16.12
t66,2025-04-22,entertainment,88.06
t5169,2025-01-12,entertainment,21.93
t4833,2025-06-19,food,27.4
t8141,2025-01-07,entertainment,77.65
t2025,2025-07-25,gas,59.82
t6178,2025-03-25,food,18.92
t355,2025-02-08,retail,102.79
t10021,2025-02-22,retail,137.1
t5965,2025-10-02,entertainment,66.61
t9725,2025-10-24,food,17.76
t7268,2025-06-30,retail,139.78
t6238,2025-03-21,food,41.29
t9969,2025-08-17,travel,623.9
t4569,2025-03-04,retail,126.11
t3128,2025-10-01,food,23.71
t9544,2025-09-24,gas,55.52
t310,2025-04-06,entertainment,77.17
t10417,2025-02-13,retail,167.93
t5757,2025-03-02,food,29.0
t9186,2025-04-04,food,32.09
t4355,2025-05-05,retail,112.12
t7477,2025-07-06,utilities,43.58
t5274,2025-01-04,entertainment,49.51
t7394,2025-01-08,retail,83.23
t10728,2025-08-03,entertainment,85.71
t2584,2025-04-13,other,90.1
t11104,2025-01-19,food,24.18
t2771,2025-02-15,retail,57.24
t9535,2025-07-05,food,27.33
t8170,2025-09-30,gas,36.75
t8529,2025-08-10,gas,50.58
t3210,2025-01-24,retail,69.71
t6760,2025-05-03,retail,58.12
t3906,2025-04-19,food,37.62
t6226,2025-09-15,entertainment,40.31
t5641,2025-06-27,food,29.31
t11091,2025-09-20,other,68.72
t2380,2025-09-02,travel,731.18
t8374,2025-06-04,other,104.36
t11273,2025-01-08,entertainment,81.14
t4170,2025-10-13,other,2.5
t8100,2025-10-01,entertainment,47.73
t3429,2025-01-04,food,40.04
t4422,2025-02-26,utilities,130.0
t1102,2025-02-10,food,16.45
t6030,2025-04-05,gas,60.65
t9706,2025-10-22,gas,53.26
t11440,2025-06-08,gas,46.52
t3251,2025-02-15,food,28.29
t8049,2025-06-25,food,32.46
t4141,2025-10-03,food,19.08
t3558,2025-09-06,food,39.51
a240,2025-03-19,utilities,1092.67
t119,2025-09-08,retail,174.9
t2023,2025-08-11,food,10.67
t4599,2025-08-28,utilities,142.53
t4696,2025-02-07,food,18.05
a193,2025-02-27,utilities,908.25
t10393,2025-05-09,other,116.04
t5515,2025-08-22,gas,89.76
t8623,2025-02-17,food,36.76
t4823,2025-03-18,entertainment,55.32
t5246,2025-02-04,food,15.44
t4274,2025-03-19,food,37.16
t6075,2025-07-24,other,61.19
t88,2025-05-27,utilities,190.18
t8426,2025-06-19,retail,159.25
t3383,2025-10-01,utilities,140.71
t9002,2025-03-15,entertainment,11.14
t404,2025-07-17,gas,80.89
t3351,2025-10-18,other,124.95
t10022,2025-01-15,food,38.87
t6437,2025-06-05,retail,27.42
t9159,2025-09-08,gas,56.41
t2242,2025-05-14,retail,58.09
t8975,2025-05-05,entertainment,41.42
t9181,2025-08-15,gas,36.59
t1028,2025-07-15,food,18.45
t11643,2025-06-24,retail,62.16
t5903,2025-09-27,food,13.45
t2437,2025-08-09,entertainment,88.76
t5690,2025-10-18,retail,99.81
t8038,2025-03-31,other,54.81
t1279,2025-05-20,entertainment,40.0
t7106,2025-03-10,utilities,82.33
t7337,2025-08-14,travel,624.37
t1426,2025-01-14,other,90.43
t6626,2025-05-29,gas,35.92
t1503,2025-07-25,utilities,94.85
t11687,2025-09-28,other,66.54
t10272,2025-08-11,other,51.93
t9833,2025-10-18,entertainment,63.61
t10291,2025-06-11,food,26.79
t679,2025-08-22,other,82.4
t8360,2025-03-07,retail,134.88
t8627,2025-10-23,food,21.7
t6782,2025-01-26,other,63.44
t5685,2025-06-27,food,26.44
t1071,2025-06-17,gas,38.04
t7953,2025-08-26,other,103.15
t2481,2025-05-15,food,23.97
t9972,2025-05-04,retail,55.53
t3393,2025-09-20,food,34.25
t1100,2025-08-15,gas,52.53
t6479,2025-07-07,retail,78.5
t7534,2025-03-01,food,37.31
t419,2025-01-20,food,26.46
t7002,2025-09-25,retail,135.03
t11416,2025-10-19,gas,34.15
t1948,2025-10-10,gas,61.13
t3337,2025-10-05,entertainment,76.23
t2300,2025-06-05,other,86.35
t6554,2025-07-06,entertainment,21.3
t6557,2025-01-04,food,25.97
t209,2025-10-05,utilities,116.62
t8319,2025-09-19,other,41.31
t10867,2025-03-28,retail,5.0
t10403,2025-10-04,food,35.81
t529,2025-06-23,retail,107.54
t780,2025-08-07,entertainment,96.05
t723,2025-05-03,entertainment,87.25
t10540,2025-05-24,retail,129.52
t1861,2025-05-09,utilities,164.24
t10169,2025-02-07,retail,50.72
t11469,2025-05-26,other,60.72
t10158,2025-05-26,food,23.09
t10874,2025-02-01,retail,24.91
t1993,2025-06-04,gas,38.16
t2333,2025-03-06,gas,66.44
t7539,2025-06-14,retail,81.36
t7691,2025-01-18,other,94.03
t5655,2025-06-30,utilities,174.56
t3460,2025-06-02,other,57.96
t5497,2025-01-28,food,22.21
t5382,2025-10-17,retail,131.08
t6718,2025-08-08,gas,59.75
t9072,2025-06-24,gas,70.58
t4519,2025-10-07,food,42.19
t5265,2025-04-11,retail,114.51
t11587,2025-01-25,utilities,175.65
t9998,2025-01-29,retail,48.19
t258,2025-04-15,travel,388.88
t9143,2025-06-14,other,125.08
t9082,2025-08-21,utilities,141.95
t10330,2025-09-01,food,39.3
t11281,2025-06-06,food,26.58
t11396,2025-03-08,gas,87.27
t3626,2025-07-22,food,41.43
t703,2025-04-03,utilities,125.91
t3190,2025-08-03,other,63.42
t504,2025-02-08,gas,65.82
t10575,2025-08-27,gas,65.01
t8157,2025-10-27,other,77.18
t7307,2025-01-23,entertainment,59.26
t2249,2025-06-24,entertainment,40.41
t373,2025-02-10,food,35.63
t4053,2025-09-10,entertainment,14.48
t3938,2025-09-21,gas,59.57
a111,2025-02-23,gas,1064.1
t4077,2025-03-27,travel,434.42
t998,2025-03-10,retail,68.23
t4333,2025-10-08,gas,89.76
t10276,2025-05-12,retail,127.39
t1177,2025-03-18,retail,153.51
t11622,2025-09-02,food,17.73
t552,2025-09-08,food,23.02
t4373,2025-05-01,retail,128.78
t3498,2025-09-26,gas,49.25
t5150,2025-04-17,entertainment,49.04
t4820,2025-08-04,food,46.43
t11007,2025-06-09,gas,80.72
t6923,2025-03-18,other,91.89
t7770,2025-08-03,entertainment,25.44
t9792,2025-03-24,utilities,148.08
t7211,2025-10-21,gas,85.96
t10650,2025-06-05,retail,110.79
t694,2025-05-15,utilities,176.12
t2534,2025-06-17,entertainment,50.41
t3444,2025-03-15,food,24.41
t983,2025-10-11,retail,191.55
t9501,2025-08-17,food,54.08
t11292,2025-09-03,retail,205.59
t4223,2025-02-10,food,21.55
t92,2025-05-06,other,145.54
t2267,2025-06-04,food,30.08
t8604,2025-07-24,gas,42.24
t8650,2025-07-23,entertainment,65.3
t262,2025-08-04,entertainment,121.45
t3338,2025-09-15,gas,69.64
t7500,2025-04-05,retail,112.66
t8700,2025-05-09,food,30.16
t6625,2025-02-01,retail,122.03
t446,2025-10-25,other,75.07
t3556,2025-04-06,other,52.48
t2195,2025-05-16,entertainment,65.14
t11494,2025-02-03,travel,219.31
t6876,2025-09-28,food,19.2
t2868,2025-07-07,retail,72.3
t2527,2025-05-10,travel,407.89
t9983,2025-06-15,food,31.13
t5373,2025-10-14,gas,45.75
t8078,2025-07-01,food,8.86
t1169,2025-10-07,other,77.43
t4145,2025-08-18,food,22.05
t85,2025-09-05,utilities,70.31
t3150,2025-10-07,gas,64.19
t8027,2025-06-13,gas,54.89
t881,2025-09-15,food,29.6
t6725,2025-10-24,retail,68.73
t7392,2025-10-11,utilities,140.94
t1468,2025-03-15,retail,161.6
t8777,2025-01-30,food,32.85
t6928,2025-10-04,entertainment,116.52
t9845,2025-03-12,food,37.12
t4327,2025-09-12,food,19.19
t4045,2025-01-12,utilities,178.78
t4138,2025-05-07,gas,54.04
t3040,2025-06-03,other,63.28
t10611,2025-02-28,food,30.56
t5852,2025-03-25,utilities,119.06
t580,2025-07-15,utilities,167.1
t8421,2025-04-11,other,101.06
t8834,2025-01-21,other,122.77
t5115,2025-03-03,food,27.42
t9450,2025-10-25,food,28.74
t8132,2025-06-04,food,35.86
t4158,2025-07-10,food,13.81
t5774,2025-03-10,retail,220.73
t414,2025-03-16,utilities,132.35
t403,2025-08-14,travel,410.69
t4429,2025-02-28,other,104.08
t2085,2025-10-25,gas,62.24
t3058,2025-03-24,food,32.0
t8989,2025-03-27,entertainment,61.8
t165,2025-01-02,utilities,118.04
t10699,2025-02-27,entertainment,80.37
t4303,2025-02-10,utilities,173.79
t9858,2025-09-21,food,21.75
t8973,2025-03-26,entertainment,64.66
t3318,2025-08-16,gas,31.16
t9618,2025-04-02,entertainment,89.56
t3935,2025-05-19,food,35.35
t7896,2025-01-30,gas,55.95
t1335,2025-04-09,gas,37.0
t9227,2025-06-11,other,137.54
t754,2025-01-07,entertainment,75.82
t3065,2025-01-22,gas,82.87
t707,2025-08-15,food,22.91
t3492,2025-08-23,retail,124.08
t4574,2025-09-12,gas,68.89
t4869,2025-02-02,retail,113.66
t3152,2025-07-04,travel,272.47
t11221,2025-09-29,food,27.57
t3800,2025-01-20,food,38.86
t4023,2025-08-24,utilities,55.93
t1075,2025-01-09,food,28.0
t7866,2025-09-20,other,99.01
t3439,2025-04-21,other,35.15
t6879,2025-09-05,gas,68.01
t8021,2025-07-04,food,42.55
t7361,2025-03-19,food,15.77
t2430,2025-06-10,food,31.76
t247,2025-03-21,retail,74.76
t3816,2025-08-11,entertainment,21.87
t5495,2025-04-16,travel,461.42
t3633,2025-10-25,travel,677.77
t7817,2025-07-19,gas,45.05
t2263,2025-08-31,retail,146.07
t2247,2025-10-12,food,32.14
t836,2025-10-25,gas,59.78
t433,2025-06-21,entertainment,96.14
t5118,2025-09-09,gas,58.38
t1174,2025-08-28,other,33.62
t5482,2025-06-02,food,5.75
t4657,2025-05-06,retail,122.59
t7220,2025-05-13,food,11.3
t7912,2025-04-07,utilities,171.8
t10761,2025-02-25,entertainment,90.54
t11738,2025-08-19,food,26.31
t5750,2025-07-13,utilities,114.43
t9264,2025-02-13,entertainment,61.47
t5160,2025-07-02,food,35.73
t3408,2025-05-17,food,23.17
t2730,2025-07-08,retail,158.29
a119,2025-10-11,utilities,500.75
t434,2025-02-20,food,16.58
a123,2025-04-01,other,1501.88
t9096,2025-06-01,retail,112.74
t10900,2025-06-27,other,110.2
t7029,2025-10-23,gas,52.39
t7355,2025-03-16,other,103.23
t7913,2025-07-22,food,28.65
t9597,2025-01-13,utilities,136.23
t4003,2025-05-16,food,8.21
t7729,2025-07-20,food,22.43
t1333,2025-03-24,gas,42.04
t7592,2025-03-21,gas,51.89
t6111,2025-08-05,utilities,176.25
t5303,2025-04-14,entertainment,103.44
t1444,2025-01-10,entertainment,42.28
t6769,2025-06-27,retail,37.88
t4996,2025-07-09,other,42.75
t4311,2025-02-06,retail,150.89
t4900,2025-09-27,other,136.37
t11474,2025-02-02,gas,74.05
t6504,2025-02-08,gas,90.36
t10384,2025-02-03,entertainment,5.13
t2570,2025-10-25,food,22.47
t10546,2025-08-22,food,22.32
t4278,2025-06-06,other,69.7
t3667,2025-02-21,gas,85.86
t5787,2025-05-07,food,22.17
t2447,2025-08-24,gas,43.73
t4985,2025-03-15,retail,73.84
t3658,2025-01-15,entertainment,105.76
t9684,2025-08-31,other,98.3
t3173,2025-05-04,entertainment,39.32
t1224,2025-05-17,retail,122.99
t5548,2025-09-07,travel,366.05
t8486,2025-09-16,food,10.42
t545,2025-04-18,travel,429.57
t1205,2025-03-12,utilities,128.62
t5285,2025-08-16,food,34.4
t6072,2025-06-19,food,25.88
t10918,2025-06-30,food,28.79
t2638,2025-05-08,gas,54.25
t11616,2025-02-14,food,19.95
t5283,2025-03-04,gas,34.5
t9980,2025-01-07,food,33.93
t10585,2025-02-06,entertainment,17.98
t10456,2025-10-04,utilities,166.68
t878,2025-01-27,food,10.69
t9734,2025-05-14,food,41.24
t197,2025-09-13,travel,598.42
t11692,2025-10-27,utilities,197.07
t3384,2025-03-01,other,34.42
t4380,2025-04-06,entertainment,96.0
t8283,2025-06-02,food,36.17
t11572,2025-08-11,travel,476.31
t2998,2025-05-12,gas,53.79
t7252,2025-09-23,retail,166.35
t2572,2025-09-12,food,24.2
t5663,2025-02-21,travel,454.68
t11218,2025-06-21,retail,117.61
t11240,2025-09-20,gas,63.42
t11490,2025-07-26,food,30.25
t4712,2025-05-26,food,22.51
t4164,2025-08-21,entertainment,25.7
t4979,2025-01-15,gas,58.7
t8198,2025-07-17,food,19.84
t9021,2025-02-15,food,20.45
t2683,2025-01-17,retail,41.15
t5866,2025-06-23,food,20.27
t2509,2025-09-11,retail,5.0
t5191,2025-09-29,food,29.64
t1511,2025-09-10,entertainment,90.06
t4315,2025-01-07,food,17.17
t6968,2025-02-12,retail,84.44
t1245,2025-05-20,gas,62.62
t8586,2025-09-13,food,17.93
t6131,2025-01-16,retail,104.31
t10571,2025-02-18,entertainment,30.97
t4122,2025-08-30,other,51.47
t11216,2025-05-14,retail,65.95
t5412,2025-06-16,other,59.77
t6845,2025-07-27,retail,107.08
t6278,2025-09-28,entertainment,37.02
t255,2025-08-16,utilities,151.2
t5237,2025-07-02,retail,55.97
t4512,2025-03-17,food,18.65
t6696,2025-05-19,gas,65.11
t9905,2025-09-09,retail,103.87
t760,2025-07-17,utilities,76.25
t655,2025-01-08,food,27.23
t7291,2025-02-19,entertainment,27.12
t3402,2025-07-06,food,35.01
t1421,2025-04-30,gas,78.14
t3045,2025-08-26,retail,92.15
t2831,2025-04-15,utilities,178.92
t8058,2025-03-15,food,45.04
t329,2025-08-04,retail,98.72
t254,2025-09-15,food,28.99
t6699,2025-02-04,food,15.77
t4378,2025-03-18,food,43.73
t3020,2025-09-11,gas,16.74
t3030,2025-07-28,food,29.75
t2637,2025-03-17,other,114.13
t8085,2025-09-13,other,138.68
t6488,2025-04-16,food,6.13
t3019,2025-10-12,utilities,195.0
t2946,2025-08-03,food,27.44
t3660,2025-04-28,food,21.19
t8500,2025-08-20,entertainment,27.84
t7047,2025-06-14,entertainment,80.08
t5897,2025-05-27,retail,147.46
t2664,2025-05-08,gas,47.07
t9056,2025-08-04,utilities,120.21
t1363,2025-05-13,retail,56.57
t9702,2025-04-25,utilities,198.35
t3482,2025-03-13,retail,124.9
t11554,2025-04-20,retail,43.13
t10638,2025-08-28,entertainment,56.54
t11096,2025-03-30,food,25.45
t8305,2025-04-15,food,45.8
t6795,2025-08-18,gas,73.76
t8075,2025-06-19,entertainment,73.71
t2881,2025-04-14,travel,358.81
t3382,2025-07-28,entertainment,58.5
t1303,2025-02-11,utilities,127.23
t6042,2025-08-02,food,20.85
t4958,2025-03-03,food,20.86
t4837,2025-05-26,gas,97.37
t11671,2025-08-09,gas,27.34
t7144,2025-10-06,food,11.29
t9633,2025-07-06,food,26.13
t7238,2025-05-19,retail,49.84
t943,2025-10-18,food,35.75
t3236,2025-06-15,food,41.23
t3258,2025-09-13,retail,140.44
t7865,2025-07-17,food,25.89
t8890,2025-03-29,travel,265.44
t177,2025-05-04,travel,85.93
t436,2025-02-11,entertainment,34.35
t6344,2025-10-12,utilities,54.92
t309,2025-02-14,gas,38.89
t1566,2025-09-20,gas,61.91
t3965,2025-07-30,food,22.11
t8109,2025-09-22,gas,81.92
t6418,2025-07-10,food,9.72
t10527,2025-03-27,food,30.84
t4978,2025-04-12,entertainment,100.0
t5844,2025-02-27,food,40.08
t11442,2025-10-17,gas,35.5
t596,2025-09-01,retail,43.9
t9821,2025-02-21,other,55.57
t4626,2025-01-02,food,16.68
t8424,2025-09-10,food,21.15
t9974,2025-06-07,food,41.11
t2624,2025-01-04,other,63.89
t4573,2025-08-02,food,25.38
t10695,2025-01-03,entertainment,95.13
t10973,2025-03-10,gas,46.37
t232,2025-10-06,retail,113.93
t180,2025-08-24,utilities,144.79
t738,2025-10-26,other,95.04
t11530,2025-07-26,food,23.15
t5610,2025-05-30,retail,203.62
a189,2025-06-18,gas,4998.4
t8594,2025-06-06,food,46.71
t5997,2025-07-06,gas,74.25
t7411,2025-03-09,food,31.59
t5618,2025-05-27,entertainment,37.15
t1322,2025-01-08,food,41.71
t1996,2025-07-04,food,27.45
t8792,2025-09-03,entertainment,86.27
t6483,2025-02-09,utilities,140.22
t10475,2025-08-05,other,66.18
t801,2025-08-16,gas,68.47
t11118,2025-01-31,utilities,152.57
t2087,2025-03-18,travel,25.0
t7133,2025-01-03,utilities,220.9
t70,2025-01-14,retail,44.3
t6149,2025-02-20,retail,122.02
t8087,2025-10-04,entertainment,73.81
t1681,2025-07-07,travel,430.14
t378,2025-06-05,retail,96.94
t1470,2025-04-10,utilities,101.76
t2604,2025-05-10,retail,147.88
t4182,2025-10-05,food,13.44
t8613,2025-06-13,retail,102.11
t4506,2025-02-21,retail,103.48
t4231,2025-01-01,retail,154.64
t3092,2025-03-23,food,21.64
t2727,2025-08-07,gas,41.31
t478,2025-05-06,entertainment,20.99
t1330,2025-01-12,gas,18.08
t2284,2025-02-12,retail,24.89
t3733,2025-08-30,food,16.71
t11571,2025-08-29,food,18.79
t752,2025-07-16,food,32.72
t5895,2025-02-04,entertainment,52.4
t10080,2025-06-26,gas,60.87
t874,2025-02-25,gas,40.83
t7613,2025-05-19,retail,73.69
t7464,2025-03-30,retail,92.62
t4565,2025-10-20,gas,61.93
t1546,2025-02-10,food,28.97
t740,2025-10-07,food,32.46
t10266,2025-03-02,food,23.08
t2684,2025-06-04,gas,65.91
t9813,2025-03-26,food,22.15
t8875,2025-01-03,retail,132.34
t7780,2025-09-20,gas,37.55
t3519,2025-09-01,entertainment,79.24
t5146,2025-01-11,retail,166.57
t2355,2025-06-20,retail,68.16
t10125,2025-04-05,retail,132.8
t5551,2025-06-21,other,94.13
t774,2025-01-04,entertainment,52.08
t8201,2025-03-18,entertainment,86.74
t10986,2025-07-01,entertainment,93.29
t9496,2025-09-14,food,27.15
t642,2025-01-12,food,25.08
t6105,2025-02-20,gas,31.03
t5707,2025-09-05,travel,631.88
t5933,2025-05-14,retail,95.53
t7973,2025-03-10,entertainment,137.53
t4310,2025-10-26,retail,35.36
t866,2025-02-12,retail,145.2
t7236,2025-01-31,gas,36.55
t11477,2025-05-03,food,28.35
t7108,2025-06-02,other,68.98
a104,2025-02-15,entertainment,884.18
t7143,2025-06-27,retail,89.78
t6924,2025-06-13,food,21.6
t7960,2025-10-21,gas,69.69
t963,2025-01-18,utilities,126.1
t10216,2025-01-27,other,134.11
t7989,2025-10-20,retail,125.43
t8410,2025-01-21,retail,141.72
t8851,2025-06-24,utilities,142.42
t3310,2025-07-08,food,30.61
t2167,2025-04-06,entertainment,73.66
t364,2025-07-05,retail,85.6
t3724,2025-01-04,retail,161.57
t2826,2025-02-09,gas,65.87
t5915,2025-07-03,entertainment,113.97
t3598,2025-07-19,utilities,222.13
t4727,2025-06-26,entertainment,44.15
t547,2025-05-24,retail,55.96
t2941,2025-02-08,food,17.78
t472,2025-09-19,food,15.52
t1642,2025-08-27,gas,45.09
t6181,2025-06-15,food,18.67
t3339,2025-06-08,gas,33.06
t5289,2025-02-10,entertainment,114.45
t1173,2025-02-13,food,20.6
t6903,2025-05-21,gas,28.78
t5157,2025-06-06,food,14.93
t10431,2025-05-24,gas,63.55
t6555,2025-07-31,entertainment,25.52
t8086,2025-06-02,entertainment,102.06
t9290,2025-05-17,utilities,104.58
t5398,2025-08-04,gas,59.06
t10256,2025-01-14,entertainment,85.88
t1411,2025-05-09,other,2.5
t6963,2025-06-15,travel,371.12
t8984,2025-05-08,retail,112.21
t5359,2025-01-31,retail,64.35
t11533,2025-02-25,entertainment,90.36
t2695,2025-01-07,retail,108.69
t816,2025-10-21,retail,104.52
t2132,2025-07-24,food,39.69
t1798,2025-07-16,retail,102.48
t4576,2025-03-24,utilities,124.19
t3123,2025-05-17,other,86.45
t6390,2025-02-21,other,59.83
t4276,2025-02-11,food,20.18
t11099,2025-03-24,travel,376.19
t8002,2025-10-18,retail,189.33
t6546,2025-02-16,entertainment,79.13
t10163,2025-02-13,entertainment,80.13
t7226,2025-04-02,retail,79.09
t238,2025-08-23,travel,626.81
t1533,2025-02-19,retail,101.62
t11296,2025-07-02,food,27.15
t5776,2025-02-01,food,23.17
t3411,2025-04-18,food,31.11
t2832,2025-08-18,utilities,77.41
t10923,2025-10-13,retail,67.45
t1536,2025-02-05,other,65.56
t3880,2025-07-11,food,26.55
t11408,2025-08-16,retail,193.53
t1300,2025-06-10,gas,62.51
t5258,2025-08-23,gas,28.03
t8584,2025-01-27,retail,120.69
t1481,2025-03-08,food,39.15
t2794,2025-04-21,gas,55.02
t7013,2025-01-15,utilities,233.03
t11733,2025-10-24,entertainment,24.03
t5092,2025-07-05,utilities,180.52
t2330,2025-03-28,food,30.68
t5702,2025-05-14,travel,325.26
t5432,2025-06-30,other,71.99
t11487,2025-08-01,food,17.25
t8280,2025-08-26,gas,42.51
t3662,2025-02-04,gas,75.15
t556,2025-02-26,gas,35.28
t4826,2025-04-10,gas,74.31
t1164,2025-05-22,gas,36.21
t7202,2025-05-03,food,19.36
t4716,2025-05-18,gas,51.06
t398,2025-04-06,utilities,179.71
t9330,2025-01-19,gas,58.7
t7632,2025-08-10,food,34.52
t10552,2025-02-23,food,11.53
t6150,2025-10-14,other,47.1
t7600,2025-05-01,entertainment,87.23
t6195,2025-03-19,food,26.42
t724,2025-06-04,retail,58.29
t301,2025-09-02,food,33.69
t10077,2025-02-02,other,166.18
t10603,2025-04-04,entertainment,98.05
t4295,2025-10-11,utilities,92.07
t5219,2025-03-28,other,53.7
t4186,2025-04-11,retail,136.81
t10914,2025-01-20,entertainment,69.47
t11165,2025-04-29,utilities,120.67
a38,2025-06-02,travel,503.14
t3143,2025-01-22,utilities,103.06
t5937,2025-01-05,gas,27.26
t3206,2025-10-09,food,41.77
t4956,2025-07-31,retail,79.9
t4583,2025-02-18,retail,158.8
t10864,2025-04-25,other,74.8
t11482,2025-03-12,utilities,134.91
t6513,2025-05-24,gas,59.79
t11386,2025-02-04,retail,112.61
t1153,2025-07-03,other,53.41
t1213,2025-02-11,retail,135.43
t4504,2025-10-04,food,32.26
t9850,2025-04-26,utilities,207.28
t11641,2025-07-23,retail,5.0
t8750,2025-08-24,retail,86.32
t11546,2025-09-20,food,34.78
t9715,2025-01-01,food,28.39
t666,2025-06-08,entertainment,78.83
t10811,2025-09-15,utilities,102.04
t643,2025-02-12,entertainment,45.67
t11086,2025-10-10,food,35.61
t3768,2025-07-10,utilities,83.44
t4273,2025-06-29,retail,5.0
t5427,2025-03-21,food,36.35
t787,2025-02-07,retail,44.46
t2858,2025-07-17,retail,131.44
t3203,2025-07-27,other,55.16
t6959,2025-05-11,entertainment,60.09
t4188,2025-05-10,food,37.25
t10596,2025-09-03,other,93.47
t9953,2025-01-08,entertainment,60.47
t4825,2025-08-22,retail,92.58
t2906,2025-04-19,utilities,139.54
t4627,2025-09-06,other,80.54
t10350,2025-08-11,retail,112.24
t997,2025-01-07,entertainment,60.75
t9653,2025-07-02,food,22.21
t8585,2025-03-28,entertainment,32.7
t6493,2025-07-06,retail,43.12
t10499,2025-04-23,food,30.18
t157,2025-01-04,retail,67.28
t7615,2025-09-22,utilities,124.68
t3086,2025-04-24,other,63.17
t8368,2025-06-06,food,34.93
t1553,2025-04-27,retail,145.58
t11721,2025-10-15,retail,76.89
t6005,2025-02-22,food,20.7
t7397,2025-07-23,retail,122.02
t3796,2025-07-16,gas,33.18
t496,2025-02-06,travel,465.56
t2322,2025-09-17,food,26.43
t6159,2025-05-03,utilities,103.87
t5401,2025-01-14,entertainment,32.69
t152,2025-10-23,utilities,167.88
t6292,2025-04-15,utilities,88.97
t9124,2025-10-17,utilities,198.06
t6387,2025-07-23,travel,413.94
t9943,2025-02-26,entertainment,68.0
t1739,2025-05-31,entertainment,86.94
t3002,2025-04-18,food,15.07
t10639,2025-02-12,gas,38.16
t7195,2025-03-09,entertainment,42.27
t6694,2025-03-01,retail,99.05
t10802,2025-08-08,other,79.36
t2884,2025-07-17,retail,41.85
t3721,2025-01-12,retail,148.85
t10565,2025-09-21,travel,572.14
t10885,2025-09-17,food,4.0
t5959,2025-01-23,food,28.79
t5719,2025-08-14,entertainment,53.54
t7360,2025-04-09,gas,49.7
t2277,2025-01-09,gas,32.93
t4824,2025-06-16,other,120.05
t4705,2025-06-02,food,27.43
t4462,2025-06-18,travel,340.68
t344,2025-10-21,gas,85.69
t7568,2025-07-11,retail,70.91
t4137,2025-10-12,other,96.63
t8659,2025-08-21,entertainment,63.32
t6084,2025-09-23,utilities,126.48
t8728,2025-05-18,other,67.63
t2224,2025-01-18,retail,63.12
t4197,2025-07-01,food,20.03
t7601,2025-10-26,retail,108.01
t8137,2025-03-07,retail,109.87
t8335,2025-04-09,food,20.39
t5082,2025-07-17,entertainment,103.72
t7068,2025-07-12,food,10.93
t9578,2025-06-23,gas,91.91
t10960,2025-07-24,gas,47.87
t4735,2025-04-13,travel,859.78
t10222,2025-10-23,gas,111.04
t1466,2025-03-31,food,22.21
t4594,2025-07-21,gas,46.06
t2235,2025-06-03,food,19.63
t10191,2025-10-02,food,35.48
t3904,2025-04-27,gas,63.26
t284,2025-01-11,other,47.53
t11113,2025-09-22,food,17.18
t5441,2025-04-19,retail,17.02
t10283,2025-06-17,retail,103.53
t8253,2025-01-23,utilities,195.14
t7276,2025-02-11,food,31.01
t4152,2025-04-30,food,35.87
t10600,2025-08-25,food,27.02
t8386,2025-06-25,food,25.99
t2122,2025-10-01,entertainment,57.43
t5370,2025-02-05,retail,33.49
t5013,2025-07-15,gas,58.22
t9248,2025-02-11,food,23.76
t5993,2025-07-28,gas,45.7
t3162,2025-09-09,other,69.53
t2631,2025-08-09,food,18.43
t7039,2025-02-18,travel,445.92
t10235,2025-04-08,other,126.55
t11372,2025-07-28,utilities,103.44
t10763,2025-01-14,food,34.15
t1204,2025-07-05,food,36.01
t8112,2025-06-21,retail,130.22
t617,2025-01-08,retail,90.03
t1927,2025-03-27,retail,101.28
t3115,2025-01-14,food,28.44
t2642,2025-09-11,gas,68.27
t11010,2025-08-11,food,24.07
t2563,2025-07-24,retail,36.27
t8951,2025-03-16,utilities,143.6
t2729,2025-05-13,food,8.82
t6931,2025-03-19,gas,57.4
t9526,2025-10-26,retail,43.8
t2127,2025-05-09,other,70.77
t8605,2025-05-06,entertainment,61.34
t9887,2025-09-08,gas,32.72
t8406,2025-02-08,food,15.77
t8532,2025-04-29,retail,8.13
t806,2025-06-04,gas,40.89
t4695,2025-09-14,food,22.7
t5538,2025-09-30,retail,96.3
t10305,2025-06-29,food,33.97
t3141,2025-03-27,entertainment,38.12
t4281,2025-05-02,food,31.54
t5339,2025-04-28,entertainment,99.33
t9060,2025-02-05,food,11.71
t10469,2025-09-06,retail,86.83
t8258,2025-02-12,food,36.73
t548,2025-10-15,food,19.73
t27,2025-04-15,gas,48.9
t7273,2025-04-12,gas,52.29
t3919,2025-01-07,entertainment,88.33
t4487,2025-02-26,travel,539.51
t8300,2025-02-03,entertainment,96.35
t5813,2025-04-06,food,34.51
t1222,2025-07-17,entertainment,68.26
t7225,2025-01-25,food,21.67
t2549,2025-09-19,retail,140.32
t11359,2025-06-15,retail,142.03
t438,2025-02-27,food,38.7
t8763,2025-10-25,gas,86.52
t11309,2025-06-01,gas,38.13
t6409,2025-08-14,retail,61.21
t1862,2025-04-30,utilities,136.69
t2700,2025-05-31,food,27.39
t8384,2025-10-05,food,18.05
t6704,2025-09-26,food,7.67
t2482,2025-02-11,food,20.01
t5768,2025-02-13,gas,58.18
t10115,2025-03-25,food,16.23
t2707,2025-03-23,food,19.85
t6330,2025-06-23,food,37.93
t327,2025-06-07,retail,53.52
t5136,2025-08-26,entertainment,107.46
t5326,2025-03-30,other,76.88
t2500,2025-08-01,food,16.93
t1005,2025-02-12,retail,115.33
t8052,2025-03-17,food,26.77
t6503,2025-06-07,retail,155.87
t4012,2025-01-23,food,19.57
t10727,2025-09-20,gas,70.06
t535,2025-08-08,gas,64.9
t7631,2025-04-05,food,13.82
t3961,2025-04-26,gas,51.59
t586,2025-05-24,gas,61.31
t9882,2025-04-18,food,17.23
t8356,2025-08-03,food,21.69
t6401,2025-06-07,retail,64.58
t11124,2025-09-18,utilities,82.71
t8067,2025-01-26,food,19.21
t492,2025-04-18,food,34.7
t5528,2025-10-20,retail,24.43
t6915,2025-06-15,retail,79.14
t5708,2025-07-09,gas,77.69
t6815,2025-07-23,food,27.08
t9421,2025-03-22,retail,196.75
t3549,2025-05-23,gas,55.14
t6166,2025-03-17,other,85.76
t1917,2025-05-01,entertainment,72.9
t3186,2025-05-09,retail,148.61
t5533,2025-03-13,utilities,83.13
t1911,2025-05-22,utilities,142.08
t7718,2025-09-29,retail,63.26
t6124,2025-09-03,food,27.33
t1134,2025-05-05,retail,132.23
t7455,2025-09-03,utilities,109.8
t7009,2025-02-11,gas,43.01
t2519,2025-05-10,utilities,121.31
t8629,2025-06-15,retail,93.77
t1318,2025-08-01,entertainment,27.88
t4369,2025-02-07,entertainment,83.93
t122,2025-05-24,gas,85.23
t9195,2025-09-29,gas,10.0
t2450,2025-05-10,food,20.62
t5830,2025-01-14,retail,37.91
t6259,2025-10-15,food,19.48
t2602,2025-09-27,utilities,110.43
t1523,2025-09-16,gas,68.26
t7882,2025-10-13,food,27.65
t2174,2025-01-01,gas,21.12
t3284,2025-06-27,gas,53.85
t4555,2025-10-22,utilities,92.16
t3606,2025-03-08,food,31.06
t10336,2025-05-22,food,39.25
t8987,2025-09-23,entertainment,96.89
t5596,2025-10-10,gas,25.98
t10877,2025-06-13,food,33.87
t3769,2025-05-17,retail,104.86
t7531,2025-04-22,travel,187.85
a173,2025-07-06,entertainment,1065.29
t4039,2025-07-23,food,32.39
t3503,2025-09-12,food,15.54
t1408,2025-09-13,travel,673.99
t4632,2025-07-16,food,40.65
t5982,2025-04-28,entertainment,73.97
t11582,2025-09-01,travel,796.72
t4936,2025-03-10,gas,41.25
t7062,2025-01-23,gas,49.94
t2580,2025-02-14,retail,203.34
t6404,2025-01-21,other,40.57
t3270,2025-02-16,food,28.49
t11462,2025-01-12,gas,31.84
t1868,2025-07-03,other,89.47
a132,2025-02-07,entertainment,749.6
t5964,2025-09-15,travel,305.9
t2522,2025-06-16,utilities,124.5
t8852,2025-06-14,gas,57.88
t1821,2025-10-19,food,42.17
t6454,2025-05-02,food,37.85
t52,2025-06-26,food,17.93
t3889,2025-08-25,retail,109.81
t5188,2025-05-28,entertainment,69.37
t7918,2025-07-20,food,14.32
t3578,2025-09-30,retail,188.55
t4566,2025-09-16,food,24.42
t7417,2025-05-22,other,42.83
t9878,2025-10-03,retail,155.4
t6153,2025-06-20,retail,55.31
t1859,2025-08-21,retail,154.61
t10382,2025-09-04,retail,71.02
t11435,2025-08-23,retail,117.22
t4962,2025-06-15,other,43.86
t7258,2025-05-23,gas,66.55
t10551,2025-09-01,food,9.98
t8622,2025-03-05,retail,175.18
t11066,2025-08-26,travel,760.12
t5199,2025-02-22,food,30.12
t9400,2025-05-20,gas,49.82
t426,2025-04-11,food,21.53
t4285,2025-07-18,gas,72.66
t11054,2025-05-31,entertainment,66.84
t11565,2025-05-13,food,25.98
t229,2025-07-08,gas,60.85
t7506,2025-01-04,utilities,166.03
t2742,2025-06-28,entertainment,54.85
t5138,2025-03-02,food,17.14
t10492,2025-06-15,retail,78.53
t7054,2025-07-19,food,24.77
t9746,2025-02-05,food,31.78
t2922,2025-06-10,entertainment,49.31
t8194,2025-04-29,gas,70.29
t10112,2025-06-08,retail,126.4
t3654,2025-01-02,entertainment,97.64
t6596,2025-05-03,food,26.31
t5921,2025-01-29,retail,197.86
t1129,2025-07-06,entertainment,65.3
t7345,2025-08-04,utilities,167.45
t2332,2025-07-02,food,36.97
t2209,2025-09-01,travel,543.68
t8380,2025-05-08,food,31.51
t11156,2025-06-09,retail,65.13
t6074,2025-09-27,retail,35.69
t3154,2025-04-18,food,31.63
t6423,2025-03-01,retail,115.33
t9407,2025-06-22,food,30.52
t9352,2025-09-11,travel,120.27
t11523,2025-08-31,gas,67.16
t4991,2025-08-23,utilities,206.24
t2375,2025-05-02,gas,64.97
t1633,2025-06-06,travel,286.43
t6995,2025-03-20,gas,40.74
t2299,2025-07-18,entertainment,65.2
t9899,2025-03-23,entertainment,60.3
t4253,2025-04-04,retail,67.58
t10993,2025-03-13,retail,90.98
t2722,2025-06-19,utilities,208.08
t9166,2025-09-06,food,25.83
t11255,2025-07-18,other,66.82
t6059,2025-06-26,other,95.65
t7982,2025-02-07,entertainment,90.43
t8903,2025-05-20,retail,112.77
t9419,2025-05-03,food,35.55
t5827,2025-10-25,retail,152.87
t5095,2025-09-26,retail,156.79
t10817,2025-01-16,utilities,107.78
t6096,2025-06-16,food,28.44
t7809,2025-05-15,retail,81.95
a133,2025-02-03,gas,999.69
t9752,2025-04-21,gas,63.13
t2551,2025-08-29,other,170.73
t6114,2025-10-14,retail,142.21
t9272,2025-06-04,utilities,133.67
t939,2025-03-21,gas,50.27
t7373,2025-02-05,retail,93.31
t10631,2025-09-28,food,35.5
t7765,2025-05-30,food,31.19
t11666,2025-10-14,food,21.39
t4853,2025-05-22,retail,67.41
t2645,2025-01-31,travel,336.47
t10484,2025-01-09,gas,75.4
t3166,2025-10-11,other,56.58
t3640,2025-01-11,gas,35.23
t8102,2025-06-20,utilities,112.87
t6922,2025-01-22,food,4.7
t7689,2025-03-23,gas,22.7
t2062,2025-03-19,food,20.16
t4646,2025-01-15,food,39.57
t6204,2025-10-21,food,37.66
t2813,2025-09-06,gas,54.47
t11256,2025-05-22,utilities,136.79
t10359,2025-01-06,food,26.43
t10785,2025-05-11,utilities,96.89
t2550,2025-09-14,retail,5.0
t8467,2025-03-03,food,17.89
t10971,2025-06-20,entertainment,109.58
t6956,2025-02-10,utilities,178.65
t8666,2025-09-05,gas,27.52
t4175,2025-10-17,utilities,155.27
t10501,2025-02-14,other,2.5
t1025,2025-03-03,retail,156.41
t4849,2025-10-10,utilities,155.46
t5800,2025-04-06,travel,531.17
t7815,2025-08-24,retail,97.89
t1952,2025-05-23,gas,31.75
a137,2025-06-07,utilities,5004.71
t352,2025-03-15,food,25.96
t8298,2025-04-13,travel,528.22
t5481,2025-02-08,entertainment,50.78
t9423,2025-06-19,food,33.13
t4798,2025-02-01,gas,60.86
t5621,2025-04-04,entertainment,43.08
t3663,2025-07-17,utilities,153.63
t8850,2025-08-05,other,109.23
t4658,2025-07-20,utilities,68.12
t8270,2025-04-20,utilities,178.17
t3151,2025-07-28,other,57.87
t7278,2025-03-23,other,45.59
t8870,2025-08-05,entertainment,27.45
t4814,2025-03-01,retail,116.74
t5841,2025-09-06,retail,48.55
t8463,2025-05-24,food,29.97
t5144,2025-08-13,retail,93.25
t2940,2025-09-21,retail,91.24
t4511,2025-08-24,retail,70.64
t1341,2025-05-25,gas,109.05
t11243,2025-03-17,travel,338.26
t1392,2025-03-25,other,106.23
t9865,2025-01-16,food,22.86
t6679,2025-07-20,food,24.67
t9320,2025-08-16,travel,504.41
t7367,2025-09-17,other,19.71
t9220,2025-05-05,utilities,127.28
t1584,2025-04-08,food,24.36
t1413,2025-03-29,other,109.74
t5941,2025-08-11,food,34.07
t10498,2025-02-08,food,10.25
t2257,2025-01-26,travel,527.33
t8892,2025-04-16,food,43.63
t2213,2025-06-13,entertainment,100.64
t5604,2025-09-09,gas,46.48
t2623,2025-07-05,food,20.35
t10325,2025-08-29,food,23.74
t5418,2025-05-28,gas,38.18
t4939,2025-04-14,entertainment,72.18
t10602,2025-06-27,gas,67.78
t3625,2025-01-16,other,26.09
t6180,2025-05-08,food,28.08
t4268,2025-05-09,entertainment,102.11
t10775,2025-03-18,utilities,172.67
t464,2025-06-01,entertainment,112.27
t1755,2025-06-20,gas,28.83
t10275,2025-01-10,food,26.01
t8271,2025-10-22,food,33.33
t5826,2025-01-08,gas,75.14
t7894,2025-01-28,food,38.11
t379,2025-04-19,retail,93.97
t3107,2025-04-04,utilities,20.0
t4804,2025-10-12,other,130.12
t1336,2025-07-14,food,21.92
t11021,2025-10-01,utilities,123.2
t11629,2025-01-18,food,14.84
t2717,2025-03-08,gas,81.13
t9881,2025-04-04,food,26.94
t6301,2025-03-12,utilities,151.66
t7323,2025-04-02,other,58.56
t7751,2025-03-02,travel,25.0
t11512,2025-07-29,retail,111.73
t7801,2025-07-19,food,12.45
t1812,2025-01-12,retail,151.84
t7224,2025-03-20,food,20.43
t6637,2025-08-18,gas,67.18
t1895,2025-10-04,gas,99.11
t8860,2025-02-09,retail,136.25
t6327,2025-03-14,food,36.28
t11123,2025-05-01,travel,719.0
t6527,2025-04-18,other,114.27
t1190,2025-09-06,retail,5.0
t5195,2025-10-27,gas,32.04
t9346,2025-09-12,retail,51.01
t7869,2025-02-22,gas,29.31
t8745,2025-02-27,food,25.18
t3455,2025-04-26,entertainment,24.59
t8575,2025-04-17,food,30.43
t8764,2025-08-27,other,59.7
t10725,2025-09-11,gas,44.64
t5817,2025-04-23,utilities,126.83
t8948,2025-05-29,food,23.75
t4614,2025-07-02,retail,148.45
t3993,2025-07-26,entertainment,58.07
a213,2025-04-04,entertainment,995.59
t1031,2025-06-06,gas,49.39
t7686,2025-02-23,retail,150.86
t2221,2025-05-04,retail,122.66
t3775,2025-09-11,food,20.68
t8524,2025-08-18,retail,196.91
t9299,2025-08-31,travel,219.77
t1756,2025-02-11,food,22.41
t6177,2025-04-23,utilities,146.17
t8774,2025-04-08,food,26.27
t4328,2025-07-15,utilities,179.68
t10245,2025-10-13,food,26.74
t111,2025-03-10,food,52.53
t9699,2025-06-13,entertainment,44.34
a188,2025-03-02,travel,7451.88
t2918,2025-09-27,entertainment,47.97
t6202,2025-09-29,utilities,107.92
t1516,2025-07-08,retail,81.82
t11334,2025-04-16,retail,76.49
t11055,2025-05-25,retail,126.67
t10862,2025-04-04,other,104.87
t10087,2025-05-15,food,35.48
t2264,2025-09-29,entertainment,82.08
t9271,2025-08-22,other,32.95
t9411,2025-06-20,gas,68.21
t10183,2025-06-02,utilities,108.29
t10068,2025-09-20,entertainment,26.68
t894,2025-06-06,other,93.37
t1491,2025-05-24,food,8.62
t1851,2025-10-09,gas,68.85
t7303,2025-03-02,gas,34.36
t325,2025-02-16,food,35.71
t1216,2025-02-24,entertainment,87.53
t2934,2025-04-07,retail,67.61
t4690,2025-09-16,retail,132.08
t8881,2025-09-05,entertainment,11.81
t8614,2025-01-11,utilities,91.8
t10293,2025-09-19,retail,49.29
t11013,2025-07-25,other,121.33
a16,2025-05-02,other,1088.53
t1130,2025-04-25,retail,83.65
t9696,2025-08-30,gas,44.66
t2919,2025-09-08,food,18.12
t3085,2025-03-18,retail,43.2
t4589,2025-09-19,entertainment,28.21
t4305,2025-05-01,gas,24.64
t2796,2025-02-12,retail,87.03
t5748,2025-01-21,retail,94.79
t799,2025-03-22,gas,50.87
t735,2025-08-31,entertainment,11.3
t6385,2025-08-05,travel,382.82
t2245,2025-06-07,entertainment,77.52
t179,2025-06-12,other,53.78
t8313,2025-10-14,other,82.74
t10310,2025-04-17,retail,75.99
t1175,2025-10-06,retail,108.73
t11484,2025-10-10,utilities,154.48
t8327,2025-01-01,entertainment,44.41
t1832,2025-06-14,retail,109.34
t9698,2025-04-04,gas,82.5
t6209,2025-06-11,utilities,160.15
t9637,2025-03-21,retail,78.03
t1782,2025-10-26,food,28.19
t3202,2025-01-03,food,15.82
t199,2025-04-26,gas,40.1
t9842,2025-08-20,retail,71.43
t4088,2025-08-02,entertainment,75.8
t5194,2025-04-13,entertainment,65.26
t549,2025-04-27,gas,53.09
t3340,2025-07-16,other,141.89
t11318,2025-02-25,gas,43.41
t11648,2025-04-09,gas,54.49
t9105,2025-08-07,gas,51.59
a160,2025-10-17,retail,1997.62
t2533,2025-01-07,entertainment,60.3
t8062,2025-03-26,entertainment,69.87
t2315,2025-09-30,retail,75.94
t11424,2025-10-22,retail,128.67
t8541,2025-07-24,gas,62.09
t9894,2025-04-29,other,150.32
t10030,2025-03-06,other,36.51
t67,2025-07-10,gas,71.3
t5128,2025-07-02,entertainment,58.98
t4713,2025-07-30,food,12.08
t5215,2025-04-26,food,37.98
t3261,2025-08-30,food,27.72
t5034,2025-07-29,utilities,127.22
t2573,2025-03-12,retail,28.06
t9041,2025-02-25,retail,125.11
t8632,2025-02-13,gas,68.7
t623,2025-10-24,retail,49.67
t1682,2025-07-16,entertainment,104.05
t788,2025-03-19,utilities,31.88
t3333,2025-03-31,entertainment,55.32
t9169,2025-06-22,gas,54.35
t7182,2025-03-25,entertainment,37.04
t11628,2025-08-10,retail,141.38
t3281,2025-09-12,food,39.58
t6851,2025-10-17,travel,554.89
t10941,2025-09-25,food,12.5
t8084,2025-09-05,other,105.1
t7260,2025-04-21,entertainment,33.64
t10373,2025-04-19,entertainment,68.68
t516,2025-09-06,other,101.07
t479,2025-08-15,retail,112.06
t9705,2025-01-20,retail,46.82
t6861,2025-05-10,food,26.63
t8215,2025-07-04,entertainment,81.44
t2648,2025-03-08,gas,62.25
t9834,2025-10-05,gas,78.09
t6077,2025-03-22,gas,63.78
t8130,2025-04-07,retail,143.94
t1034,2025-03-11,utilities,54.44
t9852,2025-03-23,food,18.65
t2599,2025-06-29,food,16.99
t10679,2025-01-10,retail,129.17
t6215,2025-06-18,entertainment,72.47
t9288,2025-02-17,food,31.82
t9428,2025-06-05,gas,64.54
t345,2025-07-07,travel,502.85
t5522,2025-09-25,entertainment,5.0
t5876,2025-03-11,travel,441.26
t1872,2025-03-22,retail,166.61
t11030,2025-09-25,utilities,164.01
t7229,2025-07-01,retail,59.17
t3987,2025-08-27,entertainment,27.99
t11525,2025-04-23,entertainment,76.05
t2889,2025-02-08,gas,58.26
t7948,2025-01-13,food,17.97
t4624,2025-05-17,utilities,124.85
t4819,2025-08-27,retail,95.59
t221,2025-09-14,food,18.86
t11023,2025-09-15,food,25.7
t7457,2025-06-23,retail,57.24
t9984,2025-09-13,utilities,203.81
t10745,2025-02-19,gas,54.65
t5894,2025-01-30,entertainment,67.44
t7377,2025-07-24,food,26.74
t4017,2025-03-21,entertainment,71.88
t5939,2025-03-05,food,31.78
t4249,2025-08-02,food,29.36
t10977,2025-08-30,gas,31.98
t8407,2025-10-24,gas,17.62
t10055,2025-06-13,other,80.47
t6253,2025-09-02,food,28.09
t1265,2025-03-15,food,25.08
t4242,2025-02-12,utilities,171.62
t5651,2025-03-12,retail,122.18
t10849,2025-05-05,retail,204.7
t11016,2025-02-08,retail,122.57
t7078,2025-06-11,food,25.56
t11012,2025-02-23,gas,52.28
t7052,2025-06-23,retail,237.86
t8333,2025-07-27,retail,116.74
t2882,2025-01-07,food,14.39
t1678,2025-03-18,other,55.42
t8932,2025-06-30,retail,122.75
t902,2025-01-11,retail,132.52
a206,2025-05-30,travel,4215.29
t2297,2025-02-04,retail,133.55
t3403,2025-04-01,gas,46.77
t7370,2025-04-08,food,12.5
t297,2025-03-16,food,29.11
t10915,2025-04-05,retail,195.96
t4154,2025-09-26,other,96.71
t9747,2025-05-31,food,30.83
t6339,2025-06-30,gas,66.46
t28,2025-05-12,food,24.73
t6370,2025-07-14,gas,54.98
t8886,2025-04-08,food,17.15
t3830,2025-10-07,gas,72.37
t11621,2025-07-26,utilities,82.78
t3249,2025-08-06,other,89.59
t5859,2025-10-21,entertainment,63.6
t9502,2025-08-14,utilities,109.99
t10418,2025-09-18,food,30.97
t2581,2025-04-13,utilities,200.02
t6568,2025-08-06,other,53.33
t7937,2025-10-26,food,19.16
t8146,2025-08-25,gas,65.37
t1371,2025-03-01,entertainment,38.46
a66,2025-01-17,entertainment,2001.82
t9090,2025-09-05,entertainment,67.8
t10843,2025-02-01,gas,70.71
t5552,2025-05-05,gas,59.36
t6823,2025-07-29,retail,156.83
t5255,2025-07-20,food,16.35
t682,2025-09-06,food,12.62
t11166,2025-01-04,food,15.68
t4776,2025-01-27,retail,77.68
t5423,2025-06-21,gas,56.69
t3160,2025-02-15,retail,95.99
t8722,2025-10-15,utilities,150.76
t2988,2025-02-08,food,16.93
t4909,2025-06-27,entertainment,63.96
t1883,2025-01-09,food,29.4
t5862,2025-09-04,retail,168.79
t8315,2025-05-23,entertainment,54.88
t1941,2025-07-06,food,25.84
t3297,2025-04-18,food,22.17
t3535,2025-07-31,retail,94.74
t3730,2025-08-01,retail,43.2
t491,2025-06-07,gas,39.61
t7302,2025-01-19,retail,140.78
t1182,2025-07-04,food,44.49
t1376,2025-04-01,gas,24.78
t5015,2025-02-21,food,31.72
t7551,2025-01-13,retail,72.41
t11046,2025-05-06,retail,169.37
t627,2025-09-04,gas,53.16
t4759,2025-08-14,other,55.95
t11579,2025-06-27,utilities,160.88
t2113,2025-06-25,retail,26.57
t8291,2025-07-22,retail,39.43
t5873,2025-04-23,entertainment,80.42
t1768,2025-06-25,food,19.56
t8798,2025-02-10,utilities,159.73
t4181,2025-07-23,retail,142.75
t9345,2025-02-26,retail,56.19
t6012,2025-06-18,food,35.36
t1463,2025-03-13,gas,69.11
t2888,2025-02-05,retail,152.04
t6373,2025-06-08,gas,62.64
t685,2025-09-10,travel,527.69
t4540,2025-03-08,food,21.31
t4515,2025-06-07,gas,31.93
t9225,2025-03-24,food,25.4
t9439,2025-04-18,gas,89.04
t1367,2025-07-29,gas,60.3
t3917,2025-04-17,food,33.33
a2,2025-07-16,other,2003.68
t2640,2025-03-18,utilities,150.31
t11351,2025-03-26,food,26.81
t5603,2025-09-15,entertainment,50.07
t10831,2025-03-28,retail,89.33
t5730,2025-07-17,food,30.22
t5731,2025-07-13,utilities,125.7
t10024,2025-08-02,food,27.96
t8304,2025-04-23,other,99.35
t2301,2025-08-28,gas,60.01
t4788,2025-04-08,utilities,116.66
t2939,2025-02-04,entertainment,110.83
t5660,2025-01-31,gas,32.26
t8208,2025-03-28,entertainment,37.39
t10385,2025-08-14,gas,47.26
t7259,2025-01-19,entertainment,36.37
t1980,2025-06-28,food,22.39
t3804,2025-01-30,other,71.18
t4535,2025-05-29,food,29.55
t6551,2025-05-27,other,25.41
t11617,2025-07-15,utilities,136.99
t6607,2025-05-18,other,85.95
t6843,2025-10-14,other,112.42
t9004,2025-04-29,other,34.07
t4801,2025-04-09,gas,53.09
t2281,2025-08-16,other,63.33
t6415,2025-06-23,retail,124.93
t6416,2025-08-07,retail,81.97
t4470,2025-01-28,retail,106.26
t5134,2025-05-02,other,43.1
t7448,2025-08-15,entertainment,76.81
t999,2025-08-31,food,38.73
t4131,2025-10-19,gas,53.21
t5267,2025-04-12,food,13.66
t9387,2025-10-20,food,31.25
a7,2025-05-28,other,500.42
t1785,2025-08-20,food,22.2
t3183,2025-07-27,retail,42.68
t10395,2025-03-29,food,23.05
t495,2025-05-03,food,5.69
t6445,2025-07-08,food,16.8
t9318,2025-07-06,retail,119.13
t6009,2025-05-26,utilities,127.15
t2861,2025-02-17,food,45.17
t2039,2025-03-19,gas,74.14
t4042,2025-01-30,utilities,126.07
t9298,2025-03-29,entertainment,43.82
t2898,2025-05-01,retail,68.39
t367,2025-09-08,gas,28.13
t850,2025-08-30,gas,40.92
t7516,2025-01-08,food,33.34
t6394,2025-03-16,food,31.39
t7757,2025-05-13,retail,90.95
t6210,2025-01-09,entertainment,64.79
t2654,2025-06-17,food,41.04
t3504,2025-04-28,food,28.17
t8275,2025-07-17,retail,179.44
t1542,2025-10-06,food,23.55
t9932,2025-04-08,food,24.59
t10634,2025-01-10,food,18.97
t323,2025-02-09,food,14.93
t2032,2025-06-15,food,11.79
t7583,2025-07-14,gas,72.11
t6850,2025-04-28,retail,157.79
t814,2025-01-05,retail,161.47
t2529,2025-10-03,food,26.22
t11248,2025-05-02,retail,182.96
t6455,2025-07-12,retail,137.83
t11032,2025-07-27,gas,54.38
t10219,2025-02-06,entertainment,73.02
t5275,2025-10-14,gas,72.78
t1080,2025-02-20,entertainment,53.38
t2227,2025-02-15,retail,172.3
t9373,2025-06-07,utilities,105.1
t10956,2025-09-01,utilities,20.0
t10328,2025-06-04,gas,80.65
t2706,2025-08-12,retail,5.0
t8980,2025-05-03,food,31.54
t7294,2025-01-30,other,119.57
t1165,2025-02-16,food,27.58
t3262,2025-07-29,food,31.51
t6120,2025-03-04,other,56.28
t6058,2025-02-02,food,10.45
t1451,2025-10-02,food,8.94
t4230,2025-03-29,entertainment,82.07
t3863,2025-08-12,retail,77.68
t2937,2025-08-07,entertainment,94.22
t9690,2025-01-11,food,31.08
t3918,2025-03-09,travel,25.0
t5488,2025-02-25,retail,120.62
t7761,2025-08-02,retail,92.68
t9774,2025-03-19,food,22.55
t1724,2025-10-12,entertainment,64.26
t9863,2025-02-20,other,95.06
t6500,2025-07-16,retail,157.49
t4057,2025-06-04,entertainment,89.73
t11410,2025-04-05,food,33.55
t3000,2025-09-29,other,71.64
t7121,2025-03-11,gas,56.75
a70,2025-10-18,travel,2002.36
t1232,2025-07-13,food,31.0
t1515,2025-05-06,entertainment,54.69
t2314,2025-03-31,gas,59.35
t1452,2025-09-30,travel,593.48
t6432,2025-01-05,food,33.74
t8348,2025-09-19,utilities,193.86
t10226,2025-05-31,retail,126.92
t4322,2025-07-23,food,34.19
t11600,2025-07-14,retail,93.38
t839,2025-03-19,other,70.39
a135,2025-07-16,entertainment,5003.75
t8737,2025-05-27,gas,57.83
t3900,2025-05-22,travel,808.62
t10192,2025-07-25,utilities,112.36
t3568,2025-05-20,other,64.82
t11114,2025-07-12,retail,101.56
t5453,2025-09-19,utilities,131.03
t3088,2025-03-13,utilities,129.68
t7802,2025-07-11,food,29.83
t10653,2025-04-10,food,28.6
t4547,2025-08-15,food,29.27
t4693,2025-06-06,retail,58.12
t1715,2025-09-25,food,20.12
t4271,2025-01-31,gas,56.76
t340,2025-08-23,retail,51.43
t8919,2025-10-25,gas,64.07
t4087,2025-03-16,retail,5.0
a87,2025-09-01,entertainment,745.1
t9758,2025-04-30,food,26.26
t9914,2025-09-10,entertainment,49.86
t589,2025-03-26,retail,90.44
t3366,2025-01-20,entertainment,37.33
t2671,2025-10-15,food,25.8
t5516,2025-07-20,retail,85.92
t3590,2025-10-03,entertainment,100.63
t35,2025-09-28,retail,82.7
t29,2025-09-04,travel,234.18
t2396,2025-05-08,retail,107.44
t9707,2025-02-27,entertainment,54.54
t6827,2025-07-31,entertainment,90.54
t5507,2025-10-12,utilities,125.12
t6633,2025-08-19,retail,158.03
t2171,2025-01-18,food,31.16
t7441,2025-08-06,other,81.68
t6753,2025-08-01,other,87.57
t890,2025-03-01,food,26.63
t3879,2025-01-16,food,27.64
t3323,2025-03-22,retail,116.03
t11274,2025-02-19,entertainment,77.6
t3515,2025-01-08,travel,143.01
t6391,2025-08-16,gas,43.52
t10006,2025-01-13,utilities,156.62
t5674,2025-09-16,gas,77.36
t7773,2025-06-02,entertainment,86.06
t3734,2025-05-01,entertainment,56.49
t6803,2025-06-24,entertainment,102.24
t11356,2025-03-07,travel,313.96
t9366,2025-02-22,food,28.03
t4529,2025-06-30,food,28.88
t1655,2025-08-03,other,60.07
t7465,2025-02-15,utilities,161.89
t7284,2025-08-12,gas,87.77
t224,2025-04-20,retail,136.48
t10341,2025-04-27,retail,177.47
t8785,2025-02-07,entertainment,75.95
t10929,2025-06-27,gas,17.98
t5983,2025-03-23,gas,62.14
t4240,2025-07-01,travel,301.55
t5883,2025-08-31,entertainment,91.74
t1591,2025-06-15,food,29.49
t8417,2025-03-01,food,21.09
t3257,2025-08-07,food,19.35
t6692,2025-02-10,food,28.6
t6904,2025-05-29,gas,62.68
t2182,2025-06-02,food,26.38
t8158,2025-09-28,retail,51.42
t11485,2025-03-07,food,33.17
t7112,2025-08-31,retail,102.98
t9570,2025-03-27,food,37.48
t9393,2025-09-06,food,27.9
t10316,2025-08-02,retail,184.62
t4818,2025-02-05,other,65.84
t6935,2025-07-11,retail,99.82
t6536,2025-03-26,food,33.56
t1210,2025-01-30,utilities,141.67
t7470,2025-02-08,food,31.47
t422,2025-05-01,travel,684.55
t10491,2025-01-07,other,113.07
t1707,2025-08-07,other,127.87
t1159,2025-02-20,utilities,89.96
t2307,2025-03-16,retail,116.0
t274,2025-06-27,utilities,97.88
t172,2025-08-12,utilities,92.32
t3957,2025-10-24,other,103.72
t5607,2025-08-28,food,29.32
t7174,2025-06-03,gas,52.96
t4866,2025-06-09,utilities,167.69
t8055,2025-08-05,entertainment,58.7
t3189,2025-07-24,other,122.64
t1726,2025-02-24,food,24.02
t6207,2025-05-26,food,17.6
t8189,2025-01-16,food,35.86
t1565,2025-09-18,food,15.87
t1783,2025-01-08,gas,36.18
t844,2025-01-27,food,15.83
t11214,2025-05-25,travel,394.31
t7799,2025-09-11,food,16.99
t905,2025-07-27,utilities,88.44
t3495,2025-06-27,retail,41.39
t11605,2025-07-17,gas,74.05
t7407,2025-05-15,travel,422.51
t1548,2025-06-09,gas,47.58
t10015,2025-05-11,retail,125.44
t2081,2025-01-28,food,30.94
t9163,2025-08-13,food,23.63
t10398,2025-04-07,retail,66.04
t6498,2025-02-16,entertainment,51.81
t3986,2025-02-21,food,25.41
t8678,2025-09-26,food,19.31
t10033,2025-02-05,utilities,111.4
t8546,2025-05-21,food,32.84
t8804,2025-10-05,entertainment,72.36
t10574,2025-03-26,entertainment,46.8
t4678,2025-07-22,utilities,214.73
t3821,2025-07-10,retail,155.39
t5210,2025-02-15,retail,28.21
t2647,2025-06-12,retail,35.86
t6444,2025-07-17,food,26.47
t9191,2025-01-08,entertainment,51.31
t7389,2025-01-03,utilities,83.62
t257,2025-06-07,food,4.18
t9097,2025-04-02,retail,84.86
t4351,2025-08-04,food,28.25
t8469,2025-08-19,food,29.09
t9282,2025-01-27,gas,50.45
t5924,2025-08-06,gas,61.73
t2156,2025-01-28,entertainment,36.58
t8765,2025-10-11,gas,46.06
t10662,2025-01-17,entertainment,53.22
t3716,2025-08-20,travel,831.84
t4058,2025-04-18,gas,69.51
t10356,2025-08-10,retail,108.63
t9949,2025-09-18,food,31.65
t3623,2025-08-14,retail,104.93
t5649,2025-05-30,retail,179.23
t6459,2025-05-06,travel,182.28
t3103,2025-06-23,food,23.22
t559,2025-07-07,entertainment,20.86
t6680,2025-10-11,utilities,190.8
t6322,2025-03-12,food,19.97
t1437,2025-08-21,utilities,145.84
t508,2025-10-06,other,71.28
t5276,2025-04-10,entertainment,84.62
t4473,2025-03-30,retail,172.01
t1870,2025-06-27,retail,102.43
t5664,2025-04-20,food,30.72
t6453,2025-10-14,other,131.15
t5931,2025-09-03,retail,84.14
t8388,2025-04-10,entertainment,27.47
t756,2025-05-13,food,35.97
t7446,2025-06-12,entertainment,68.8
t7856,2025-05-23,retail,162.62
t4051,2025-03-19,utilities,165.77
t10200,2025-02-06,retail,88.98
t3837,2025-02-05,utilities,160.21
t4387,2025-07-05,travel,280.68
t9102,2025-07-22,entertainment,109.04
t2119,2025-04-24,retail,133.57
t9245,2025-05-14,food,24.26
t730,2025-06-20,food,21.29
t502,2025-05-29,other,80.64
t9782,2025-07-14,food,15.96
t644,2025-04-29,entertainment,5.0
t7203,2025-05-20,entertainment,31.87
t1540,2025-05-20,other,99.98
t10723,2025-10-13,entertainment,64.58
t1212,2025-02-15,food,28.55
t8855,2025-01-10,retail,108.79
t10937,2025-07-20,travel,369.65
t673,2025-01-03,entertainment,16.61
t4916,2025-06-08,food,29.16
t6107,2025-03-08,food,21.24
t6940,2025-05-07,gas,72.54
t3378,2025-02-18,retail,127.78
t4477,2025-03-12,entertainment,61.7
t5616,2025-05-27,retail,79.53
t10846,2025-06-17,other,87.99
t1465,2025-03-27,entertainment,82.74
t4746,2025-05-21,food,28.54
t11249,2025-08-18,retail,92.1
t1193,2025-03-19,food,26.73
t3794,2025-03-15,entertainment,54.48
t1873,2025-03-17,gas,47.44
t3591,2025-03-03,other,71.94
t3159,2025-03-04,food,25.9
t9689,2025-10-17,food,16.75
t506,2025-06-26,gas,45.71
t244,2025-08-22,retail,143.6
t5679,2025-06-11,food,22.32
t507,2025-04-24,retail,108.23
t9811,2025-06-16,other,66.69
t10473,2025-09-21,utilities,160.88
t6408,2025-01-15,food,28.52
t8053,2025-10-19,retail,124.82
t6671,2025-01-13,food,22.24
t6759,2025-05-31,food,30.64
t7234,2025-03-29,gas,80.19
t1774,2025-07-14,food,12.12
t6228,2025-07-18,other,171.71
t8192,2025-02-18,gas,72.36
t7105,2025-01-30,retail,151.79
t9801,2025-01-02,entertainment,53.7
t798,2025-03-27,food,22.52
t3619,2025-04-29,food,31.77
t2382,2025-01-19,retail,91.35
t2830,2025-08-18,food,15.01
t9941,2025-08-10,entertainment,63.06
t11180,2025-08-28,gas,64.49
t11511,2025-08-11,gas,40.83
t4634,2025-04-03,entertainment,84.18
t313,2025-07-30,gas,56.46
t747,2025-06-08,gas,44.72
t3570,2025-05-27,food,28.04
t791,2025-02-12,retail,107.68
t2477,2025-02-25,gas,49.32
t6121,2025-09-20,gas,16.59
t6930,2025-10-16,food,36.64
t11189,2025-09-13,gas,50.26
t2571,2025-04-08,entertainment,71.59
t5754,2025-08-29,other,78.71
t7670,2025-09-26,travel,462.92
t10369,2025-02-07,other,68.62
t5600,2025-05-25,retail,5.0
t9474,2025-05-29,food,17.13
t4356,2025-09-12,entertainment,32.07
t2164,2025-06-09,food,30.19
t8811,2025-05-23,gas,29.51
t8640,2025-02-26,other,64.95
t381,2025-02-14,retail,183.25
t10919,2025-01-13,retail,70.31
t1293,2025-03-31,food,17.42
t1913,2025-10-20,gas,40.88
t6614,2025-07-16,gas,47.53
t600,2025-09-26,food,45.89
t3893,2025-08-11,gas,53.55
t4142,2025-03-24,retail,98.27
t5541,2025-02-01,other,71.99
t1653,2025-07-11,gas,52.19
t7804,2025-09-02,gas,44.99
t9457,2025-02-27,entertainment,114.75
t1894,2025-01-25,food,31.74
t1945,2025-03-16,travel,896.0
t3396,2025-03-16,gas,40.58
t7935,2025-10-18,gas,40.25
t4363,2025-08-02,utilities,160.67
t11720,2025-03-21,food,9.35
t376,2025-03-15,food,18.48
t1967,2025-03-05,retail,32.04
t3958,2025-07-02,other,139.1
t8064,2025-02-25,gas,30.39
t10526,2025-08-02,other,68.26
t4424,2025-06-26,food,24.97
t5352,2025-04-21,gas,54.84
t5697,2025-08-15,retail,130.75
t1244,2025-01-18,entertainment,65.11
a187,2025-01-05,food,1996.14
t9675,2025-07-06,food,17.11
t6519,2025-03-01,gas,56.71
t7483,2025-09-15,utilities,128.85
t7673,2025-10-16,retail,93.05
t1472,2025-08-16,other,79.18
t3347,2025-01-03,entertainment,32.59
t4523,2025-03-13,retail,123.85
t2658,2025-02-17,food,36.25
t2854,2025-01-02,other,124.29
t4507,2025-09-03,other,46.41
t11371,2025-02-12,travel,576.97
t10778,2025-10-15,food,26.77
t11727,2025-08-06,retail,73.15
t4046,2025-06-03,food,25.13
t4063,2025-09-27,other,84.38
t5327,2025-02-10,travel,605.74
t7518,2025-04-14,retail,113.6
t9049,2025-07-04,retail,28.89
t6948,2025-06-12,food,25.06
t4307,2025-08-21,food,14.98
t5140,2025-09-06,entertainment,73.76
t7059,2025-10-21,food,27.06
t9244,2025-01-17,entertainment,30.51
t9607,2025-06-24,retail,153.95
t3991,2025-07-13,food,20.47
t1050,2025-08-28,utilities,92.5
t3824,2025-01-31,travel,903.85
t9530,2025-08-06,food,31.29
t10411,2025-05-19,retail,143.92
t2036,2025-09-20,retail,121.7
t4040,2025-02-05,gas,24.14
t11428,2025-09-10,food,51.7
t10441,2025-08-20,retail,135.51
t11224,2025-04-13,utilities,102.28
t1973,2025-04-01,food,20.55
t6910,2025-01-06,other,47.58
t2100,2025-06-25,other,152.17
t1500,2025-09-08,other,52.15
t5206,2025-03-04,gas,67.1
t3513,2025-04-07,other,78.59
t8409,2025-01-25,gas,65.57
t653,2025-06-11,entertainment,59.01
t171,2025-06-11,food,25.59
t4086,2025-02-09,food,10.3
t243,2025-06-02,food,14.65
t9470,2025-09-19,other,115.02
t5799,2025-02-13,entertainment,59.82
t10190,2025-06-28,food,25.95
t4372,2025-09-16,other,70.03
t1645,2025-01-24,utilities,155.74
t5595,2025-05-28,retail,117.83
t2757,2025-03-14,retail,21.3
t7641,2025-02-07,food,27.88
t9238,2025-10-27,food,23.13
t9020,2025-04-22,utilities,226.49
t7887,2025-04-01,entertainment,59.23
t5232,2025-05-04,gas,51.68
t2077,2025-03-24,retail,143.16
t4104,2025-05-22,utilities,231.22
t11470,2025-01-23,utilities,101.64
t3997,2025-06-04,other,66.06
t4802,2025-08-04,food,13.88
t5969,2025-10-17,entertainment,70.74
t7016,2025-07-30,gas,57.39
t7091,2025-01-02,gas,17.99
t7387,2025-02-11,gas,49.05
t8332,2025-02-20,entertainment,56.42
t10150,2025-10-21,utilities,58.9
t11245,2025-08-30,gas,101.73
t6858,2025-08-03,other,16.32
t7754,2025-05-02,food,23.22
t5850,2025-08-30,food,30.77
t9192,2025-07-03,retail,139.34
t6486,2025-10-27,gas,85.85
t9977,2025-03-05,entertainment,38.48
t4662,2025-10-08,food,35.98
t4079,2025-09-16,entertainment,42.17
t6055,2025-09-30,gas,32.04
t10133,2025-06-17,food,26.57
t5975,2025-09-08,gas,70.07
t641,2025-09-22,retail,5.0
t1271,2025-03-12,gas,55.91
t9344,2025-06-10,entertainment,95.11
t2779,2025-09-04,utilities,94.43
t7625,2025-05-16,food,19.98
t4933,2025-05-14,retail,111.36
t6061,2025-01-19,utilities,122.69
t1986,2025-05-01,food,31.67
t3862,2025-07-17,retail,109.75
t3481,2025-01-05,entertainment,10.89
t1535,2025-09-03,food,39.0
t326,2025-03-11,travel,483.27
t5765,2025-08-25,food,23.83
t2339,2025-03-31,food,29.48
t3981,2025-07-27,utilities,62.44
t9016,2025-07-18,entertainment,49.62
t10616,2025-05-11,food,19.34
t4055,2025-09-28,gas,53.89
t2238,2025-08-28,entertainment,65.34
t5230,2025-05-03,entertainment,65.05
t9151,2025-08-30,food,19.09
t4572,2025-08-25,entertainment,46.37
t11602,2025-09-12,travel,296.12
t5475,2025-01-11,other,63.95
t9624,2025-07-12,entertainment,74.05
t865,2025-02-19,other,48.54
t8206,2025-05-05,gas,72.77
t4943,2025-04-24,retail,134.28
t7978,2025-07-10,retail,83.53
t6011,2025-02-02,food,31.14
t7536,2025-08-03,entertainment,32.63
t372,2025-02-23,gas,64.72
t10535,2025-08-24,food,23.22
t10736,2025-10-19,food,18.36
t610,2025-05-15,entertainment,47.82
t6844,2025-06-18,utilities,40.79
t10452,2025-09-29,entertainment,90.72
t8370,2025-05-13,other,61.16
t11139,2025-03-21,food,15.28
t9380,2025-04-24,utilities,115.96
t11574,2025-06-25,entertainment,27.26
t8016,2025-02-19,food,25.91
t5831,2025-06-16,food,31.54
t2365,2025-10-23,food,24.61
t3214,2025-03-19,entertainment,34.8
t5457,2025-04-01,retail,159.86
t912,2025-10-12,entertainment,83.57
t10844,2025-09-18,retail,66.89
t10461,2025-07-04,entertainment,59.06
t3790,2025-04-20,utilities,120.44
t8778,2025-03-27,gas,54.0
t10104,2025-05-03,travel,363.31
t5582,2025-05-29,retail,83.82
t6655,2025-06-25,utilities,91.04
t10264,2025-08-10,retail,35.07
t8398,2025-07-28,food,25.95
t5061,2025-03-13,retail,98.09
t1424,2025-03-29,entertainment,36.49
a4,2025-07-30,utilities,500.46
t480,2025-03-23,retail,42.28
t663,2025-02-06,entertainment,64.53
t6481,2025-04-25,gas,46.36
t10771,2025-05-20,utilities,110.47
t9745,2025-09-21,retail,14.48
t2989,2025-03-17,gas,48.68
t1120,2025-08-10,retail,79.25
t2777,2025-06-11,food,29.71
t4536,2025-01-08,entertainment,62.42
t10651,2025-06-01,entertainment,67.95
t8047,2025-08-21,travel,431.5
t8297,2025-01-07,food,36.9
t6350,2025-06-05,food,18.42
t9923,2025-04-15,utilities,152.18
t11185,2025-09-21,utilities,98.83
t9986,2025-09-02,other,70.43
t5574,2025-08-04,utilities,208.31
t6136,2025-03-31,utilities,63.72
t5270,2025-10-17,travel,718.14
t4428,2025-06-02,gas,39.46
t9358,2025-04-08,food,27.59
t5248,2025-03-31,other,109.23
t8661,2025-01-22,other,3.09
t3982,2025-05-22,utilities,155.21
t8652,2025-03-10,food,32.47
t11423,2025-03-08,utilities,114.2
t2894,2025-09-21,retail,86.4
t2670,2025-04-10,retail,50.46
t3978,2025-10-27,other,90.13
t11446,2025-06-28,retail,75.79
t280,2025-09-02,other,61.72
t9471,2025-05-12,entertainment,104.65
t8918,2025-07-08,retail,101.79
t8872,2025-06-08,utilities,134.91
t9103,2025-01-03,other,80.15
t5198,2025-10-12,retail,108.78
t4665,2025-05-27,gas,53.29
t1695,2025-01-28,entertainment,35.55
t10686,2025-07-16,gas,62.05
t5019,2025-03-08,food,34.89
t6134,2025-09-26,utilities,162.56
t3480,2025-07-22,food,16.65
t5555,2025-10-24,gas,47.15
t4417,2025-07-14,food,22.97
t11168,2025-09-17,utilities,142.74
t4156,2025-03-20,utilities,127.69
t4884,2025-04-19,gas,45.14
t5808,2025-04-15,food,24.56
t3810,2025-06-08,other,21.71
a93,2025-05-30,retail,1001.68
t10333,2025-01-02,gas,65.81
t9569,2025-02-01,entertainment,56.09
t4297,2025-01-04,food,31.08
t6650,2025-07-28,retail,19.51
t4684,2025-05-17,entertainment,105.11
t10098,2025-01-05,gas,73.9
t9608,2025-04-04,travel,86.92
t7014,2025-06-18,food,42.12
t5594,2025-05-23,gas,49.25
t2210,2025-01-06,retail,41.83
t9464,2025-07-01,retail,135.78
t8674,2025-10-02,food,42.95
t5403,2025-04-05,food,25.6
t7965,2025-03-03,utilities,130.42
t4564,2025-05-10,food,36.95
t185,2025-10-20,retail,203.66
t7442,2025-10-27,food,17.45
t10355,2025-07-25,other,98.08
t4517,2025-10-15,food,46.22
t2351,2025-05-31,retail,70.42
t554,2025-04-30,retail,148.52
t1398,2025-06-01,retail,157.54
t1385,2025-04-21,travel,45.23
t9395,2025-03-08,other,94.84
t11365,2025-07-03,retail,143.7
t5857,2025-01-10,gas,69.2
t4904,2025-02-26,food,11.67
t298,2025-10-07,food,16.14
t444,2025-05-08,retail,105.4
t10548,2025-07-12,other,120.92
t5216,2025-09-06,food,20.57
t9307,2025-08-27,retail,108.82
t7243,2025-10-10,entertainment,107.03
t2078,2025-02-11,gas,66.44
t6018,2025-04-01,retail,104.47
t4752,2025-09-15,gas,56.25
t9588,2025-05-23,entertainment,124.0
t2230,2025-04-04,utilities,24.05
t2843,2025-09-22,food,30.85
t2538,2025-07-14,food,28.73
t195,2025-06-07,retail,105.3
t9951,2025-07-02,food,31.2
t7192,2025-08-09,entertainment,91.36
t818,2025-06-01,food,31.88
t3368,2025-05-02,travel,807.73
t6496,2025-03-31,gas,61.9
t2579,2025-03-03,food,26.58
t1132,2025-10-09,utilities,179.52
t6755,2025-03-15,entertainment,31.74
t5506,2025-06-17,gas,29.91
t6523,2025-04-27,retail,99.86
t7848,2025-04-24,entertainment,25.96
t9280,2025-01-22,other,70.19
t321,2025-05-05,travel,484.4
t1372,2025-09-28,food,29.51
t4043,2025-09-26,entertainment,79.37
t10576,2025-07-14,other,117.16
t7454,2025-06-14,retail,87.95
t908,2025-10-19,utilities,67.28
t306,2025-02-18,entertainment,40.44
t3951,2025-02-27,retail,81.47
t5530,2025-02-17,other,118.86
t6825,2025-03-05,food,15.56
t10660,2025-09-08,gas,24.14
t8893,2025-01-12,food,38.96
t8914,2025-05-27,entertainment,10.91
t9045,2025-07-22,retail,49.14
t8483,2025-09-02,gas,83.42
t10076,2025-03-27,utilities,207.55
t927,2025-04-08,retail,29.93
t245,2025-03-14,retail,20.69
t16,2025-05-23,food,32.52
t144,2025-05-06,entertainment,87.38
t5984,2025-05-19,food,31.6
t2364,2025-01-23,utilities,70.18
t9259,2025-01-20,utilities,114.53
t130,2025-08-09,food,33.74
t1162,2025-06-28,food,40.65
t8347,2025-04-17,utilities,99.96
t11750,2025-04-14,food,20.01
t7501,2025-06-24,entertainment,32.67
t6756,2025-09-22,gas,60.99
t7472,2025-05-01,food,11.77
t8105,2025-01-12,food,49.68
t5459,2025-06-06,other,98.44
t6871,2025-09-29,retail,207.55
t5309,2025-05-21,gas,41.08
t1877,2025-02-25,entertainment,81.25
t2489,2025-08-16,entertainment,61.1
t7727,2025-08-24,gas,31.16
t4480,2025-06-23,food,26.46
t1183,2025-08-12,retail,191.97
t2526,2025-03-29,retail,72.06
t7766,2025-09-03,retail,133.9
t1171,2025-02-28,other,65.45
t10423,2025-03-09,food,27.03
t2183,2025-01-10,travel,769.98
t11451,2025-08-03,gas,54.56
t8926,2025-07-28,food,23.63
t11438,2025-05-03,gas,74.85
t11611,2025-05-11,food,25.45
t3372,2025-02-18,retail,76.57
t9723,2025-04-30,food,29.69
t1860,2025-08-07,retail,5.0
t7035,2025-08-30,gas,48.28
t6913,2025-04-20,food,29.24
t10539,2025-09-22,travel,388.76
t1879,2025-05-17,food,43.52
t7040,2025-10-20,retail,172.68
t3589,2025-01-07,food,16.91
t8145,2025-08-20,food,9.05
t3122,2025-07-14,entertainment,72.06
t388,2025-08-11,retail,126.46
t1312,2025-01-08,retail,53.92
t1033,2025-08-30,food,45.19
t9604,2025-06-09,entertainment,25.56
t7855,2025-03-29,entertainment,86.22
t6383,2025-09-10,other,84.32
t7656,2025-08-06,gas,42.88
t7440,2025-05-28,other,78.92
t4937,2025-08-18,food,34.72
t932,2025-01-17,travel,25.0
t8853,2025-08-09,travel,341.63
t4020,2025-09-05,gas,50.72
t692,2025-08-02,utilities,25.36
t8861,2025-02-25,food,25.59
t5988,2025-01-20,other,31.84
t6365,2025-03-30,food,38.09
t1910,2025-05-31,retail,81.73
t830,2025-06-21,food,27.45
t3499,2025-10-25,utilities,20.0
t2082,2025-05-24,food,27.25
t10685,2025-07-06,gas,71.42
t11327,2025-09-23,retail,80.83
t45,2025-06-14,gas,59.16
t3940,2025-07-31,other,16.49
t7628,2025-07-14,gas,76.57
t10082,2025-04-28,food,32.95
t4320,2025-04-04,gas,25.66
t2966,2025-08-19,gas,45.28
t3970,2025-10-08,food,27.99
t1188,2025-05-22,utilities,96.42
t11449,2025-03-09,gas,64.14
t7696,2025-09-16,entertainment,55.84
t8441,2025-10-11,utilities,100.98
t9198,2025-03-20,gas,61.37
t285,2025-06-21,food,5.04
t10916,2025-01-17,other,37.75
t6309,2025-07-09,other,54.74
t4160,2025-09-28,travel,689.62
t3093,2025-02-02,gas,43.12
t9392,2025-10-07,gas,67.29
t4557,2025-08-03,gas,49.7
t5556,2025-04-22,retail,192.63
t6631,2025-07-27,food,31.88
t4324,2025-06-28,utilities,143.6
t7970,2025-03-13,retail,120.27
t7720,2025-10-17,retail,90.96
t3365,2025-08-19,entertainment,60.05
t1405,2025-02-11,travel,174.81
t3196,2025-03-11,retail,102.17
t8232,2025-06-20,travel,457.82
t7435,2025-05-18,food,34.25
t970,2025-06-21,food,24.8
t9743,2025-03-09,entertainment,103.32
t6544,2025-03-01,food,13.05
t3735,2025-05-24,other,60.58
t926,2025-07-26,travel,958.95
t11394,2025-08-04,food,30.61
t8714,2025-01-09,utilities,178.44
t4726,2025-08-13,utilities,111.49
t8150,2025-02-02,utilities,118.47
t2852,2025-09-23,utilities,102.98
t11701,2025-06-29,retail,112.88
t7509,2025-08-31,other,75.68
t5957,2025-10-02,food,27.8
t520,2025-01-12,utilities,146.37
t10633,2025-05-26,utilities,108.42
t9586,2025-06-18,retail,43.16
t4472,2025-03-27,other,129.11
t7461,2025-04-26,food,21.18
t4349,2025-05-14,retail,159.87
t10768,2025-02-23,food,49.97
t9642,2025-01-15,other,50.26
t3627,2025-01-18,food,11.32
t1790,2025-09-21,food,39.71
t9934,2025-04-21,food,37.68
t2060,2025-10-20,retail,163.85
t10931,2025-10-12,retail,102.24
t6841,2025-05-06,food,33.34
t4014,2025-04-01,food,32.12
t6007,2025-05-22,food,30.41
t1903,2025-05-10,retail,75.48
t6216,2025-01-06,retail,5.0
t4687,2025-01-14,food,22.33
t8073,2025-09-16,other,89.56
t4923,2025-09-27,food,27.5
t7572,2025-10-23,food,26.34
t7573,2025-10-20,entertainment,66.95
t9044,2025-09-29,food,27.17
t76,2025-10-09,food,41.77
t2346,2025-02-01,retail,110.55
t6448,2025-05-22,utilities,87.05
t7941,2025-08-04,utilities,101.21
t431,2025-05-19,gas,57.07
t4587,2025-01-11,gas,71.58
t5484,2025-08-12,food,24.98
t8904,2025-04-29,utilities,115.99
t6406,2025-03-27,other,96.73
t7299,2025-01-16,food,28.54
t6809,2025-01-04,food,28.42
t9788,2025-01-27,entertainment,87.47
t9203,2025-09-22,utilities,162.98
t1554,2025-07-18,retail,51.55
t5875,2025-01-28,retail,147.99
t241,2025-09-04,other,86.53
t784,2025-05-20,other,124.39
t9979,2025-05-15,food,27.02
t3067,2025-01-11,retail,118.1
t11703,2025-04-14,entertainment,63.76
t978,2025-06-28,retail,74.98
t4906,2025-08-23,gas,61.8
t6265,2025-05-19,retail,38.77
t8995,2025-05-14,other,132.87
t5696,2025-07-04,other,23.3
t2942,2025-03-26,retail,51.72
t6854,2025-03-01,food,30.7
t9202,2025-09-05,utilities,133.4
t6966,2025-06-17,other,119.73
t11665,2025-09-29,entertainment,64.37
a209,2025-06-26,entertainment,748.73
t9677,2025-07-24,food,25.32
t1621,2025-07-21,retail,133.59
t5643,2025-01-30,retail,41.54
a230,2025-08-26,entertainment,1132.79
t2147,2025-03-31,food,35.08
t1802,2025-10-24,retail,59.28
t2096,2025-02-03,entertainment,40.11
t8830,2025-09-05,travel,390.96
t7608,2025-10-21,retail,125.61
t1358,2025-07-17,gas,58.11
t9736,2025-03-31,entertainment,60.16
t8859,2025-09-12,travel,266.13
t11026,2025-09-15,other,109.98
t6927,2025-03-23,retail,87.5
t7922,2025-03-15,retail,115.09
t3566,2025-02-12,gas,49.34
a151,2025-02-07,food,1500.82
t10754,2025-01-24,retail,86.56
t7883,2025-10-22,other,142.77
t1610,2025-08-29,other,39.64
t3097,2025-08-31,utilities,130.2
t8014,2025-05-17,other,114.17
t2416,2025-02-04,retail,5.0
t2018,2025-03-29,gas,51.88
t2972,2025-07-18,food,26.35
t6425,2025-06-05,other,80.89
t4126,2025-03-22,retail,88.68
t5847,2025-09-27,food,32.89
t5376,2025-04-10,food,20.2
t11759,2025-01-28,retail,71.41
t11502,2025-07-16,other,95.38
t3247,2025-10-22,entertainment,51.09
t125,2025-07-21,gas,77.75
t1107,2025-08-31,entertainment,29.2
t11203,2025-05-08,food,30.3
t8125,2025-09-21,food,40.11
t841,2025-03-23,food,27.02
t6395,2025-07-01,food,26.57
a105,2025-10-23,gas,440.39
t5650,2025-03-02,food,18.51
t10980,2025-04-07,retail,168.99
t3342,2025-03-12,other,53.12
t599,2025-03-09,retail,5.0
t2124,2025-10-06,retail,79.28
t5513,2025-01-01,retail,68.01
t8415,2025-02-17,gas,80.11
t9441,2025-01-18,gas,50.31
t10140,2025-05-15,retail,98.26
t9119,2025-10-24,retail,72.12
t11594,2025-08-21,food,32.52
t6000,2025-10-13,other,50.36
t2198,2025-06-14,retail,166.14
t4052,2025-08-04,utilities,191.79
t1217,2025-01-21,food,38.05
t3363,2025-06-22,food,33.09
t2502,2025-07-27,retail,82.32
t726,2025-10-16,retail,119.32
t7137,2025-09-08,other,106.32
t979,2025-01-11,retail,5.0
t809,2025-08-19,entertainment,75.78
t7339,2025-10-04,utilities,197.28
t1476,2025-06-04,travel,418.99
t9010,2025-04-22,food,17.77
t7335,2025-01-07,utilities,146.29
t8010,2025-08-22,entertainment,46.57
t4907,2025-05-31,gas,41.35
t10805,2025-02-05,food,29.41
t10830,2025-07-13,retail,72.0
t4931,2025-04-13,retail,93.39
t4543,2025-09-21,travel,709.13
t3963,2025-04-18,food,4.0
t10129,2025-05-12,retail,108.6
t2672,2025-01-29,food,11.67
t7104,2025-10-17,entertainment,35.77
t1236,2025-07-21,food,23.04
t1226,2025-09-13,other,131.92
t1765,2025-07-01,entertainment,5.0
t9701,2025-09-02,food,11.03
t7681,2025-01-07,utilities,142.63
t10572,2025-02-09,entertainment,71.46
t9750,2025-10-22,retail,20.51
t9673,2025-05-26,other,66.92
t3218,2025-06-24,gas,48.83
t5738,2025-09-13,food,26.64
t288,2025-02-03,gas,73.36
t7437,2025-08-05,food,16.71
t2967,2025-05-21,food,26.09
t3165,2025-09-02,entertainment,53.81
t11290,2025-03-27,gas,67.24
t10661,2025-02-07,food,31.03
t1658,2025-09-27,utilities,129.11
t1976,2025-04-03,gas,56.51
t2398,2025-04-28,food,24.28
t453,2025-03-08,entertainment,33.31
t2711,2025-03-18,utilities,219.67
t10985,2025-09-04,entertainment,69.79
t6793,2025-02-16,other,112.44
t3682,2025-05-27,food,36.3
t6716,2025-10-02,utilities,86.94
t423,2025-09-12,retail,143.27
t8457,2025-02-15,food,16.69
t5317,2025-05-07,other,84.23
t658,2025-01-11,food,26.93
t3302,2025-07-29,retail,145.85
t10105,2025-01-25,food,28.8
t2846,2025-07-26,gas,27.35
t4067,2025-01-07,other,66.91
t9402,2025-01-21,food,39.06
t5245,2025-04-26,utilities,71.62
t1002,2025-09-28,entertainment,66.0
t4199,2025-01-20,gas,41.15
t2419,2025-06-14,retail,142.08
t876,2025-02-16,food,38.54
t10889,2025-10-16,retail,46.23
t6727,2025-07-29,gas,38.14
t3848,2025-04-03,food,27.7
t962,2025-08-06,food,20.03
t1581,2025-01-19,food,11.71
t9726,2025-02-14,other,7.55
t7329,2025-09-04,food,25.71
t2207,2025-07-04,other,114.43
t4267,2025-06-03,gas,34.32
t8381,2025-07-26,entertainment,54.01
a142,2025-03-01,travel,497.57
t4232,2025-08-14,food,20.29
t758,2025-02-23,other,64.06
t4867,2025-06-20,other,26.84
t5407,2025-05-29,retail,73.74
t5314,2025-03-12,gas,54.3
t2285,2025-03-16,food,37.87
t8874,2025-08-20,utilities,134.79
t10414,2025-08-16,food,14.58
t5508,2025-01-17,other,56.89
t5310,2025-01-23,retail,133.36
t10656,2025-08-02,gas,44.02
t4828,2025-07-09,retail,120.14
t9246,2025-02-09,other,93.34
t7314,2025-03-13,other,107.21
t808,2025-10-10,food,35.43
t3908,2025-07-03,retail,105.14
t6142,2025-04-08,food,39.32
t7460,2025-07-25,gas,43.44
t9989,2025-01-28,food,21.43
t1957,2025-06-08,utilities,123.37
t2446,2025-07-29,other,95.58
t8352,2025-06-21,food,14.09
t9793,2025-05-05,food,53.28
t8518,2025-03-20,retail,127.78
a68,2025-07-12,food,236.15
t2403,2025-09-21,travel,504.27
t8645,2025-03-30,other,106.08
t1074,2025-07-12,other,39.17
t10362,2025-08-02,other,37.96
t3399,2025-06-01,other,58.43
t4241,2025-03-26,entertainment,58.59
t6525,2025-01-27,gas,46.65
t5437,2025-08-21,retail,125.25
t7586,2025-08-26,food,15.15
t10198,2025-05-25,entertainment,67.12
t2092,2025-08-15,retail,136.42
t4528,2025-07-27,entertainment,58.29
a233,2025-07-17,food,266.13
t1699,2025-01-13,retail,103.63
t8961,2025-05-16,food,26.1
t10062,2025-07-06,gas,61.22
t11005,2025-01-13,food,24.45
t8705,2025-05-30,gas,30.8
t8993,2025-06-01,retail,84.41
t1004,2025-07-27,food,43.3
t10907,2025-07-17,food,19.89
t10764,2025-07-22,food,36.87
t7697,2025-04-18,retail,177.9
t4652,2025-08-03,retail,83.02
t10031,2025-08-21,entertainment,74.75
t10013,2025-09-19,entertainment,41.81
t6157,2025-08-26,entertainment,38.86
t1486,2025-03-17,travel,560.52
t11070,2025-02-26,food,27.44
t5369,2025-09-17,other,97.43
t1412,2025-06-04,utilities,130.83
t6290,2025-07-04,other,111.53
t11317,2025-05-08,entertainment,27.47
t10890,2025-04-15,other,87.24
t10841,2025-01-28,entertainment,58.08
t710,2025-01-24,entertainment,51.48
t9561,2025-06-21,travel,476.57
t3604,2025-09-03,retail,67.07
t986,2025-08-29,food,11.0
t3077,2025-05-24,food,24.72
t6170,2025-01-23,food,8.83
t11526,2025-01-12,entertainment,17.39
t8376,2025-02-21,food,33.63
t6714,2025-02-12,food,43.68
t5078,2025-03-21,food,11.73
t4102,2025-09-06,food,19.81
t7748,2025-02-02,retail,69.83
t2723,2025-02-12,retail,181.73
t11230,2025-08-11,retail,106.89
t1269,2025-09-01,entertainment,76.35
t2463,2025-07-19,food,29.77
a146,2025-10-07,entertainment,936.07
t269,2025-09-24,gas,49.33
t3581,2025-05-19,gas,62.35
t4751,2025-05-31,other,74.4
t7758,2025-10-27,gas,47.29
t7150,2025-08-07,food,24.82
t7476,2025-04-27,retail,143.04
t7451,2025-01-31,retail,70.31
t8833,2025-06-17,entertainment,50.83
t2822,2025-10-14,travel,636.36
t7877,2025-10-17,retail,107.24
t590,2025-05-23,food,31.22
t8403,2025-06-12,other,103.71
t10774,2025-03-20,retail,70.31
t8241,2025-05-27,retail,71.65
t657,2025-03-18,entertainment,73.91
t9735,2025-05-19,gas,45.32
t9498,2025-09-16,food,15.46
t2038,2025-09-10,retail,146.96
t7915,2025-08-16,retail,120.08
t8684,2025-06-03,utilities,139.3
t3759,2025-06-14,utilities,235.85
t6846,2025-02-28,other,41.44
t6152,2025-02-01,retail,121.36
t11341,2025-10-14,gas,42.4
t2029,2025-05-03,entertainment,86.47
t8977,2025-07-25,food,4.26
t678,2025-03-27,entertainment,62.54
t8256,2025-07-13,utilities,130.39
t1233,2025-04-23,gas,53.32
t5455,2025-09-03,gas,62.57
t7682,2025-01-27,travel,583.44
t9364,2025-01-07,retail,117.85
t7559,2025-09-09,entertainment,90.01
t7287,2025-07-31,food,48.31
t4857,2025-08-25,utilities,132.54
t7895,2025-05-10,other,42.75
t2433,2025-09-18,other,86.31
t8625,2025-08-08,retail,96.5
t10152,2025-03-08,food,18.96
t4648,2025-02-24,travel,478.57
t10795,2025-01-15,food,11.49
t7317,2025-01-03,utilities,113.13
t897,2025-01-10,food,18.49
t1612,2025-02-05,entertainment,71.45
t1588,2025-03-14,retail,42.28
t6687,2025-08-31,food,21.6
t9615,2025-09-05,retail,157.37
t9911,2025-06-29,entertainment,46.15
t1720,2025-01-22,food,28.59
t10580,2025-02-02,retail,79.68
t9463,2025-09-08,retail,126.16
t3807,2025-03-11,retail,147.63
t8440,2025-08-05,gas,24.34
t8023,2025-02-19,other,41.36
t4702,2025-06-23,gas,40.17
t3962,2025-04-17,retail,47.06
t7854,2025-07-09,gas,37.47
t5558,2025-04-28,utilities,86.68
t5565,2025-08-26,retail,124.93
t9317,2025-04-21,travel,458.43
t10147,2025-01-22,entertainment,73.77
t6088,2025-04-09,entertainment,91.44
t891,2025-07-27,gas,40.77
t9970,2025-08-19,retail,72.58
t10798,2025-01-22,utilities,147.94
t4007,2025-04-13,travel,253.48
t4940,2025-03-28,food,38.75
t9524,2025-10-20,food,34.83
t8115,2025-08-07,travel,695.31
t5899,2025-04-26,gas,43.28
t6174,2025-06-09,food,21.12
t9052,2025-02-03,entertainment,66.66
t5820,2025-10-02,food,34.53
t8963,2025-09-09,food,23.09
t9827,2025-04-02,food,26.13
t2800,2025-10-12,gas,71.47
t8576,2025-07-08,entertainment,5.0
t585,2025-06-03,other,32.28
t3269,2025-05-26,other,113.86
t3933,2025-01-30,retail,134.47
t4966,2025-06-17,gas,40.02
t1261,2025-09-02,other,82.28
t8395,2025-06-26,retail,59.35
t6200,2025-08-23,utilities,117.97
t6693,2025-04-10,travel,454.47
t311,2025-07-10,food,32.38
t1717,2025-10-10,entertainment,89.89
t8040,2025-10-14,utilities,152.28
t6010,2025-09-11,food,28.23
t2053,2025-05-14,retail,92.04
t10707,2025-04-27,entertainment,100.12
t4669,2025-05-09,retail,80.09
t4299,2025-05-13,food,29.27
t6647,2025-03-13,food,32.54
t3784,2025-10-14,retail,121.94
t1009,2025-05-14,gas,69.27
t10009,2025-06-09,entertainment,11.66
t2186,2025-06-11,retail,177.56
t3624,2025-04-05,food,20.12
t11741,2025-02-27,food,34.35
t9805,2025-04-20,entertainment,25.9
t11608,2025-07-22,retail,144.22
t8497,2025-06-02,food,44.2
t8024,2025-02-04,food,33.06
t4835,2025-05-28,entertainment,66.6
t4060,2025-04-12,gas,68.47
t4757,2025-04-30,food,4.0
t7350,2025-06-30,retail,111.16
t91,2025-08-13,food,27.34
t1988,2025-03-01,gas,53.42
t471,2025-10-14,travel,788.0
t1327,2025-02-11,utilities,93.17
a106,2025-05-11,entertainment,1137.44
t9644,2025-09-25,food,34.96
t2118,2025-04-12,food,37.57
t2938,2025-01-29,retail,123.09
t889,2025-02-26,food,28.1
t984,2025-02-01,gas,37.18
t6933,2025-05-11,food,20.22
t9069,2025-06-07,retail,100.03
t7702,2025-10-25,entertainment,84.95
t10314,2025-02-11,food,23.38
t2926,2025-10-11,food,38.43
t7800,2025-01-02,food,40.12
t3215,2025-07-15,retail,73.06
t5885,2025-08-22,retail,61.14
t2342,2025-01-09,food,21.99
t8621,2025-09-24,gas,48.82
t7959,2025-09-12,gas,76.82
t9113,2025-01-30,other,94.64
t8545,2025-04-26,entertainment,114.24
t10086,2025-02-14,retail,16.16
t8122,2025-03-30,travel,374.63
t628,2025-07-01,other,12.95
t7938,2025-02-02,gas,65.43
t4948,2025-02-24,retail,109.05
t5081,2025-06-07,food,28.86
t4245,2025-05-18,entertainment,77.81
t7421,2025-05-13,other,58.67
t4766,2025-05-24,gas,58.38
t1602,2025-04-24,entertainment,10.82
t11518,2025-09-25,food,33.21
t1270,2025-10-03,utilities,160.08
t129,2025-02-23,utilities,98.62
t9594,2025-08-04,entertainment,35.01
t10233,2025-03-21,food,15.57
t1712,2025-07-05,other,94.81
t4183,2025-06-23,food,25.01
t8724,2025-08-24,retail,113.94
t4236,2025-09-19,retail,43.83
t6996,2025-06-04,utilities,103.72
t7525,2025-09-11,entertainment,54.49
t2399,2025-02-15,retail,63.89
t10732,2025-04-15,food,17.14
t8837,2025-08-30,retail,149.06
t7874,2025-01-10,retail,150.0
t8461,2025-01-19,gas,63.51
t10097,2025-05-07,food,8.03
t1187,2025-01-15,retail,118.15
t8438,2025-09-30,travel,341.72
t11748,2025-07-21,retail,87.05
t11659,2025-01-21,entertainment,51.75
t1978,2025-01-31,food,15.52
t5315,2025-03-23,gas,17.63
a103,2025-06-30,travel,5004.73
t4248,2025-08-18,food,31.32
t10927,2025-09-05,gas,68.93
t916,2025-10-26,food,27.78
t1306,2025-06-23,retail,152.59
t7898,2025-02-05,gas,44.84
t3050,2025-03-16,retail,69.43
t7886,2025-03-14,entertainment,113.56
t6654,2025-02-09,other,138.36
t11421,2025-05-03,food,30.9
t1274,2025-08-26,retail,96.01
t5699,2025-05-01,utilities,98.69
t6946,2025-04-15,retail,97.86
t9730,2025-09-10,utilities,110.99
t2797,2025-01-21,food,28.0
t6798,2025-02-14,utilities,212.31
t1399,2025-10-18,food,22.6
t6616,2025-07-13,retail,84.61
t3359,2025-08-31,retail,88.75
t184,2025-02-14,retail,121.57
t7318,2025-04-15,travel,244.72
t4463,2025-04-18,gas,66.75
t8701,2025-04-22,food,18.35
t7708,2025-01-31,other,107.06
t3564,2025-10-21,food,27.76
t9089,2025-01-15,entertainment,88.54
t11142,2025-01-09,retail,110.5
t6514,2025-08-07,food,23.03
t4568,2025-08-06,entertainment,96.84
t9196,2025-10-15,food,23.96
t6604,2025-09-02,gas,52.61
t9721,2025-06-13,retail,157.79
t2657,2025-05-09,retail,30.98
t9954,2025-01-30,retail,123.1
t4306,2025-06-13,food,31.18
t1962,2025-07-27,food,14.33
t4993,2025-10-14,gas,76.39
t4892,2025-05-06,food,24.03
t6139,2025-09-11,gas,39.56
t5816,2025-02-08,utilities,192.69
t5870,2025-06-06,gas,67.08
t8673,2025-01-11,food,26.6
t6396,2025-05-26,retail,62.22
t11370,2025-07-22,food,26.7
t6227,2025-06-05,food,18.27
t9046,2025-09-21,utilities,176.42
a207,2025-05-23,retail,504.77
t8519,2025-02-12,entertainment,75.8
t1252,2025-01-18,other,104.3
t3177,2025-06-03,food,35.71
t5073,2025-07-01,utilities,63.83
t3360,2025-05-05,food,30.75
t7251,2025-01-15,gas,56.7
t7927,2025-03-18,retail,129.65
t9308,2025-04-26,other,86.28
t10218,2025-01-12,entertainment,48.36
t10781,2025-10-10,food,27.86
t3290,2025-07-22,food,26.35
t10823,2025-02-24,food,20.66
t10476,2025-09-20,other,111.24
t3191,2025-04-26,utilities,137.76
t11549,2025-04-07,gas,53.82
t9023,2025-08-03,food,22.31
t1052,2025-09-02,entertainment,42.38
t4070,2025-08-26,food,19.58
t8760,2025-06-17,retail,113.24
t3219,2025-10-11,utilities,130.66
t8041,2025-07-15,food,36.89
t273,2025-03-06,retail,5.0
t2043,2025-01-31,retail,143.98
t4764,2025-04-07,food,29.74
t7201,2025-02-04,gas,49.99
t7543,2025-09-02,gas,52.09
t7666,2025-01-13,entertainment,81.66
t1087,2025-09-16,food,24.45
t1474,2025-08-08,entertainment,97.74
t11312,2025-03-03,food,35.99
t7921,2025-01-08,entertainment,54.15
t9157,2025-01-02,food,46.18
t2187,2025-07-06,food,14.92
t10623,2025-06-09,food,32.51
t4323,2025-05-01,other,96.88
t9061,2025-10-15,gas,77.71
t9553,2025-02-16,entertainment,51.43
t5832,2025-09-21,food,12.41
t8110,2025-04-24,entertainment,44.74
t7991,2025-08-28,entertainment,68.57
t11233,2025-04-08,retail,167.74
t8538,2025-04-10,entertainment,46.52
t4710,2025-04-30,other,41.95
t8193,2025-08-22,utilities,186.63
t9768,2025-02-28,gas,44.04
t10504,2025-07-12,travel,377.16
t10389,2025-05-26,gas,74.4
t3479,2025-01-25,utilities,131.41
t9158,2025-08-02,food,33.73
t3925,2025-07-06,utilities,129.81
t1749,2025-07-14,food,45.85
t733,2025-03-16,entertainment,12.17
t2554,2025-07-25,entertainment,41.41
t10121,2025-03-14,utilities,116.66
t9142,2025-01-25,food,25.94
t8882,2025-08-14,travel,704.11
t10480,2025-01-26,gas,86.96
t2663,2025-04-08,gas,56.13
t7875,2025-08-16,food,35.64
t10757,2025-06-01,other,118.37
t3114,2025-03-20,entertainment,90.47
t3304,2025-07-11,food,17.6
t6251,2025-01-10,retail,67.69
t1345,2025-03-14,food,36.56
t10553,2025-03-29,travel,607.39
t1691,2025-10-06,gas,35.09
t7269,2025-03-03,retail,93.6
t9598,2025-05-05,retail,89.58
t5049,2025-02-20,travel,523.01
t7301,2025-01-07,retail,149.44
a162,2025-10-06,travel,2002.4
t3309,2025-04-02,entertainment,61.65
t1505,2025-06-13,retail,98.25
t10978,2025-09-09,travel,565.44
t1807,2025-06-05,entertainment,58.21
t3872,2025-06-09,food,20.65
t7781,2025-10-03,food,29.67
t3792,2025-02-12,food,26.57
t5218,2025-04-01,retail,31.41
t9922,2025-02-02,gas,54.86
t11420,2025-03-16,food,26.97
t1068,2025-09-20,other,121.27
t8377,2025-01-31,other,28.59
t11387,2025-09-11,gas,52.64
t8148,2025-01-26,gas,52.26
t2697,2025-09-14,other,102.93
t6452,2025-05-09,gas,53.05
t1849,2025-05-03,utilities,146.13
t4513,2025-08-18,food,30.83
t8935,2025-05-20,other,81.57
t11080,2025-03-02,food,18.3
t2432,2025-03-21,gas,17.83
a168,2025-06-23,entertainment,1498.19
t4661,2025-02-19,food,28.1
t6623,2025-05-24,other,114.92
t3436,2025-01-23,utilities,106.0
t11646,2025-10-05,gas,39.09
t11499,2025-04-13,retail,78.96
t143,2025-08-07,food,29.91
t10666,2025-10-14,retail,83.68
t5587,2025-02-20,other,119.45
t10515,2025-07-02,gas,50.68
t6993,2025-07-23,food,28.73
t7560,2025-01-17,utilities,154.03
t8013,2025-10-26,food,39.23
t6805,2025-03-31,other,125.53
t6750,2025-01-06,retail,124.9
t6101,2025-02-11,food,19.28
t5291,2025-05-02,food,19.25
t7636,2025-08-14,gas,28.92
t3410,2025-05-09,gas,48.25
t1118,2025-03-28,utilities,169.24
t7372,2025-02-26,entertainment,59.72
t1757,2025-08-29,gas,63.26
t498,2025-10-27,food,31.35
t7274,2025-06-12,utilities,93.68
t7507,2025-01-17,food,19.42
t871,2025-03-30,food,27.68
t3358,2025-05-31,retail,168.52
t913,2025-01-28,retail,154.1
t722,2025-05-28,retail,51.73
t2806,2025-08-27,food,26.86
a167,2025-07-26,gas,1999.33
t887,2025-05-21,gas,64.61
t11516,2025-03-28,food,30.91
t8820,2025-03-08,gas,73.25
t9965,2025-01-22,utilities,139.77
t10051,2025-10-11,entertainment,49.56
t1521,2025-08-02,gas,42.28
t10466,2025-07-25,utilities,99.36
t2747,2025-07-25,retail,86.58
t10457,2025-02-22,utilities,102.19
t3546,2025-01-21,entertainment,58.1
t315,2025-02-07,entertainment,102.38
t1800,2025-09-17,food,44.15
t328,2025-04-29,utilities,187.93
t8172,2025-06-08,entertainment,29.26
t4205,2025-02-25,food,42.06
t5851,2025-08-01,food,36.93
t6130,2025-04-01,food,18.93
t5448,2025-01-28,gas,16.16
t3130,2025-06-25,food,21.29
t1997,2025-10-13,food,26.03
t8923,2025-02-04,food,24.42
t3969,2025-04-15,food,29.02
t9784,2025-08-06,food,38.97
t7984,2025-01-17,gas,56.81
t1974,2025-10-02,other,19.65
t337,2025-07-13,retail,16.56
t2765,2025-07-07,entertainment,95.03
t10078,2025-04-04,food,10.41
t276,2025-02-16,travel,556.83
t2986,2025-01-14,gas,78.99
t8179,2025-10-07,gas,86.7
t4621,2025-09-17,gas,58.95
t6532,2025-08-05,entertainment,39.38
t3478,2025-01-24,food,18.22
t7796,2025-05-08,food,22.78
t3559,2025-02-27,food,30.52
t8082,2025-02-02,retail,118.83
t2810,2025-09-09,entertainment,53.53
t10926,2025-03-15,entertainment,70.48
t4862,2025-01-14,food,14.54
t2335,2025-04-27,retail,70.04
t8710,2025-01-06,other,79.52
t5247,2025-08-08,other,71.73
t3417,2025-09-19,utilities,95.2
t308,2025-05-17,retail,189.8
t3909,2025-03-30,food,26.47
t9125,2025-05-11,retail,173.32
t349,2025-08-19,gas,59.88
t5919,2025-03-17,utilities,91.12
t827,2025-05-01,food,35.03
t5297,2025-04-21,food,18.47
t7244,2025-08-08,food,18.74
t11399,2025-03-25,food,15.4
t9654,2025-02-07,entertainment,77.91
t4483,2025-10-08,food,36.9
t8810,2025-09-01,food,21.64
t3683,2025-02-24,retail,84.57
t11684,2025-09-06,retail,5.0
t10872,2025-04-29,utilities,175.37
t2054,2025-07-17,gas,55.6
t9973,2025-08-14,food,39.83
t11531,2025-03-12,other,86.47
t72,2025-09-25,travel,535.74
t7976,2025-01-02,retail,52.23
t6856,2025-08-05,food,25.87
t10910,2025-10-15,utilities,137.92
t11426,2025-07-05,other,46.04
t6752,2025-05-25,food,30.07
t9101,2025-07-11,food,23.86
t8599,2025-02-08,food,31.01
t9786,2025-09-26,food,29.12
t7946,2025-01-07,retail,135.98
t5357,2025-09-08,food,25.31
t1667,2025-01-09,food,38.31
t5571,2025-03-28,gas,28.74
t8542,2025-03-19,entertainment,74.86
t53,2025-07-03,retail,39.61
t10318,2025-04-08,gas,66.02
t6264,2025-08-20,gas,51.42
t1446,2025-04-16,gas,79.17
t7580,2025-03-21,entertainment,87.91
t9266,2025-05-12,retail,102.2
t8143,2025-07-04,retail,70.87
t1696,2025-03-05,food,29.61
t2893,2025-02-04,retail,121.69
a237,2025-07-08,entertainment,499.7
t1575,2025-08-04,food,21.98
t8911,2025-08-29,gas,65.22
t3204,2025-07-04,food,32.25
t4406,2025-09-28,retail,161.49
t1631,2025-04-12,entertainment,65.14
t10090,2025-07-21,food,23.21
t1882,2025-07-05,travel,284.51
a140,2025-02-16,retail,2317.04
t5113,2025-03-22,food,28.15
t5709,2025-01-03,gas,55.41
t5075,2025-06-10,other,46.15
t5510,2025-04-20,utilities,140.97
t10583,2025-08-20,utilities,202.86
t8091,2025-09-28,gas,54.29
t849,2025-08-03,retail,109.49
t2925,2025-07-08,gas,56.29
t8543,2025-05-08,retail,177.95
t8345,2025-03-22,gas,47.17
t2878,2025-06-14,food,20.09
t6368,2025-09-16,entertainment,45.53
t9713,2025-05-05,gas,72.58
t187,2025-05-01,gas,60.83
t3780,2025-07-11,other,56.79
t1831,2025-05-23,gas,52.04
t9188,2025-07-21,food,21.72
t2960,2025-02-24,entertainment,107.35
t7186,2025-04-01,entertainment,109.24
t11085,2025-09-29,food,28.6
t9234,2025-04-05,retail,104.42
t6905,2025-08-08,travel,622.54
t5447,2025-08-24,retail,90.64
t6588,2025-10-22,entertainment,70.74
t1235,2025-08-17,utilities,89.96
t8412,2025-08-16,other,117.71
t3916,2025-09-16,food,41.46
t447,2025-02-05,food,31.07
t8910,2025-05-10,utilities,58.94
t5840,2025-07-05,retail,88.93
t845,2025-04-16,entertainment,93.12
t5202,2025-07-11,retail,39.44
t10544,2025-03-04,utilities,130.81
t8263,2025-07-25,food,14.88
t7494,2025-07-01,entertainment,38.69
t7832,2025-03-30,food,20.16
t2441,2025-03-22,retail,141.26
t3104,2025-02-25,other,47.64
t10292,2025-03-03,retail,48.48
t4775,2025-03-05,retail,94.53
t8819,2025-05-13,food,32.53
t6975,2025-08-16,other,109.66
t6095,2025-09-10,food,35.87
t1295,2025-10-21,food,18.9
t9485,2025-02-22,entertainment,69.96
t5519,2025-06-19,retail,151.29
t11375,2025-07-28,entertainment,30.25
t5068,2025-08-22,entertainment,69.43
t3443,2025-05-15,entertainment,121.21
t10123,2025-10-18,food,39.19
t9261,2025-06-26,other,88.33
t9995,2025-05-31,other,143.96
t2838,2025-06-21,entertainment,85.36
t777,2025-05-25,retail,5.0
t11658,2025-05-16,utilities,133.58
t11140,2025-04-10,retail,149.18
t6325,2025-01-07,retail,36.42
t2154,2025-04-18,retail,111.39
t5559,2025-07-05,retail,39.52
t4921,2025-05-06,food,22.47
t7772,2025-08-01,other,155.59
t11389,2025-03-04,food,37.64
t8009,2025-05-01,travel,399.17
t3137,2025-08-04,other,136.16
t10103,2025-04-06,other,107.67
t5463,2025-03-26,travel,502.64
t8736,2025-08-02,entertainment,90.69
a60,2025-03-02,travel,753.59
t3184,2025-04-20,retail,94.24
t9962,2025-03-02,retail,27.46
t1944,2025-09-21,utilities,70.64
t9547,2025-03-18,entertainment,54.99
t3200,2025-06-10,food,33.52
t10402,2025-02-27,food,40.46
t1290,2025-03-23,retail,123.05
t4582,2025-02-26,food,19.17
t6336,2025-03-10,food,45.55
t2501,2025-02-11,other,87.89
t11411,2025-01-02,retail,105.19
t10713,2025-04-27,retail,182.68
t11450,2025-05-05,food,26.29
t10149,2025-04-21,other,116.1
t4107,2025-06-08,food,33.9
t4127,2025-04-06,food,25.95
t9835,2025-01-11,food,21.37
t6934,2025-03-05,retail,74.51
t3967,2025-06-14,other,100.07
t1880,2025-08-22,gas,68.77
t10180,2025-04-27,travel,518.9
t11153,2025-09-04,utilities,162.95
t9755,2025-06-20,retail,54.98
t5458,2025-02-18,retail,96.05
t7459,2025-01-04,food,24.39
t3588,2025-05-03,other,96.56
t10543,2025-04-22,food,24.24
t3866,2025-02-09,other,84.69
t2149,2025-10-22,food,48.95
t4132,2025-07-04,retail,48.78
t1037,2025-04-23,retail,144.88
t637,2025-10-23,food,33.25
t7217,2025-06-21,entertainment,72.29
t9826,2025-01-01,other,51.7
t4135,2025-08-16,gas,102.18
t7742,2025-01-25,entertainment,53.71
t1084,2025-03-23,retail,93.62
t6712,2025-09-20,entertainment,112.43
t862,2025-02-15,gas,45.83
t5213,2025-05-16,entertainment,56.93
t904,2025-05-07,food,14.6
t192,2025-06-21,retail,85.66
t110,2025-09-20,travel,542.26
t6027,2025-06-22,food,26.37
t4456,2025-05-19,food,43.84
t1943,2025-09-23,gas,60.48
t7671,2025-05-15,retail,68.31
t4332,2025-08-25,utilities,126.7
t10619,2025-10-11,other,115.58
t10240,2025-09-02,gas,43.2
t5928,2025-06-11,utilities,144.94
t2041,2025-08-19,retail,99.26
t9302,2025-06-23,food,25.09
t9000,2025-05-29,other,95.51
t7788,2025-04-01,entertainment,79.74
t4879,2025-01-04,retail,130.63
t4660,2025-06-24,gas,69.95
t8223,2025-02-01,entertainment,39.1
t5002,2025-08-22,entertainment,80.05
t2776,2025-05-17,entertainment,75.99
t4146,2025-07-07,other,94.18
t2324,2025-06-24,retail,142.87
t763,2025-02-01,food,33.2
t5922,2025-05-09,entertainment,27.55
t2618,2025-01-04,utilities,125.91
t2412,2025-01-10,retail,17.62
t1095,2025-01-09,food,16.21
t6066,2025-05-17,food,17.9
t7266,2025-01-02,food,10.03
t1547,2025-03-12,entertainment,50.51
t4590,2025-04-25,travel,141.78
t6035,2025-09-10,gas,21.59
t8093,2025-07-08,food,25.78
t6954,2025-07-04,retail,207.64
t3136,2025-02-12,gas,18.84
t3857,2025-08-10,food,35.13
t5041,2025-07-27,gas,39.82
t7436,2025-06-24,other,101.78
t11053,2025-05-14,retail,106.85
t5429,2025-04-22,food,30.03
t6524,2025-09-06,retail,72.39
t6420,2025-01-01,utilities,150.84
t9256,2025-05-28,retail,143.03
t3806,2025-04-14,utilities,142.3
t885,2025-05-01,other,14.41
t2655,2025-04-13,other,128.65
t7701,2025-02-15,food,35.08
t7661,2025-02-25,retail,138.7
t8026,2025-01-23,entertainment,33.83
t6775,2025-09-23,food,23.89
t10532,2025-04-12,entertainment,79.32
t11063,2025-07-31,entertainment,50.2
t465,2025-07-07,gas,19.97
t1258,2025-08-02,other,40.67
a50,2025-03-27,other,2001.3
t2260,2025-02-07,other,29.51
t4275,2025-01-21,travel,285.81
t7075,2025-07-06,food,28.48
t5193,2025-05-25,entertainment,105.65
t5631,2025-02-03,gas,55.99
t11623,2025-03-14,other,104.15
t6232,2025-10-16,food,15.71
t7383,2025-01-03,food,23.24
t5301,2025-04-10,food,22.13
t2203,2025-09-19,utilities,128.19
t10703,2025-06-17,retail,144.29
t10374,2025-07-07,utilities,124.81
t1263,2025-02-13,food,41.45
t7747,2025-02-13,food,12.73
t7213,2025-02-25,travel,70.99
t976,2025-01-28,retail,24.12
t8603,2025-10-13,entertainment,80.43
t5867,2025-06-26,food,43.25
t4926,2025-09-13,food,13.56
t942,2025-02-14,travel,787.36
t5264,2025-07-15,other,44.56
t6583,2025-07-19,food,40.19
t4724,2025-08-08,entertainment,31.57
t2388,2025-10-12,other,64.37
t11673,2025-01-20,retail,58.71
t5022,2025-10-05,food,21.62
t7130,2025-06-29,other,62.65
t4392,2025-04-04,other,56.2
t5149,2025-03-12,gas,53.21
t10026,2025-07-30,entertainment,48.76
t6804,2025-06-15,retail,152.03
t3222,2025-05-06,utilities,179.06
t3883,2025-03-05,food,35.03
t7955,2025-05-29,gas,56.32
t11325,2025-02-01,gas,52.82
t1611,2025-03-04,food,16.93
t3876,2025-02-02,food,22.19
t5954,2025-06-26,travel,283.41
t2790,2025-01-26,food,13.16
t945,2025-03-30,food,21.95
t10682,2025-04-14,utilities,114.79
t1858,2025-10-27,gas,60.45
t10399,2025-03-24,other,100.01
t4109,2025-01-18,retail,163.57
t5214,2025-05-13,travel,582.87
t10204,2025-07-04,gas,67.39
t3256,2025-10-19,utilities,181.71
t7324,2025-04-19,entertainment,12.78
t2691,2025-02-12,utilities,98.16
t8257,2025-08-05,food,17.19
t7390,2025-05-31,gas,39.5
t4628,2025-04-20,gas,45.21
t8962,2025-05-06,retail,47.75
t1320,2025-09-12,retail,38.25
t9084,2025-04-13,food,36.71
a96,2025-01-28,retail,1199.52
t5163,2025-08-04,food,43.79
t8725,2025-02-11,gas,70.52
t10114,2025-06-23,food,19.54
t8960,2025-01-02,food,25.24
t1136,2025-02-07,gas,37.82
t4530,2025-02-09,food,36.6
t3476,2025-04-30,gas,72.67
t3506,2025-07-28,food,28.58
t4750,2025-02-26,other,97.97
t2478,2025-03-03,gas,85.49
t7943,2025-02-04,travel,549.84
t8159,2025-09-13,retail,101.54
t7087,2025-06-23,utilities,132.57
t8843,2025-07-06,retail,145.38
t9312,2025-01-22,food,26.52
t4502,2025-09-05,retail,97.94
t7966,2025-04-23,food,17.99
a79,2025-03-21,retail,749.21
t6337,2025-05-24,other,52.57
t8780,2025-04-18,other,35.14
t6983,2025-04-20,food,23.52
t7232,2025-01-24,other,89.16
t8953,2025-06-19,food,19.28
t1875,2025-02-07,gas,45.36
t10207,2025-09-06,utilities,98.85
t8279,2025-10-02,utilities,45.58
t11324,2025-09-11,retail,103.24
t5097,2025-01-28,retail,108.57
t2905,2025-05-10,food,27.75
t571,2025-02-14,food,21.95
t1449,2025-05-31,gas,68.74
t3415,2025-07-06,utilities,55.15
t9680,2025-08-04,food,29.02
t940,2025-05-19,gas,74.95
t9316,2025-06-05,other,62.15
t8776,2025-07-22,food,15.7
t8028,2025-08-02,food,17.29
t10025,2025-06-23,entertainment,50.28
t5842,2025-09-03,gas,36.35
t6838,2025-05-22,retail,112.39
t8751,2025-07-30,other,109.97
t3227,2025-03-31,gas,65.49
t11690,2025-05-08,food,39.79
t6333,2025-10-09,retail,55.34
t3979,2025-04-06,retail,86.78
t4384,2025-03-08,gas,57.71
t5835,2025-04-17,other,2.5
t9495,2025-01-11,retail,149.27
t9190,2025-05-25,entertainment,79.03
t3540,2025-08-13,other,79.53
t8498,2025-09-02,gas,42.74
t10743,2025-01-14,travel,453.54
t10663,2025-07-30,food,31.33
t10913,2025-06-20,retail,129.59
t5682,2025-05-10,gas,59.83
t2828,2025-03-11,utilities,120.08
t5781,2025-03-14,other,70.1
t3635,2025-08-05,retail,6.82
t4997,2025-10-03,entertainment,55.02
t1339,2025-07-17,gas,57.65
t3263,2025-06-12,utilities,167.93
t8675,2025-03-09,food,8.0
t6839,2025-06-25,food,19.67
t5090,2025-02-23,retail,69.99
t5742,2025-09-23,travel,402.84
t651,2025-02-22,retail,37.47
t6040,2025-02-16,travel,923.84
t2903,2025-04-26,gas,72.03
t2259,2025-02-22,entertainment,76.33
a115,2025-10-27,other,1194.48
t5396,2025-06-15,entertainment,146.35
t7083,2025-02-10,other,110.27
t11751,2025-03-26,retail,107.4
t9523,2025-06-22,other,43.06
t3522,2025-08-05,other,73.2
t2731,2025-03-08,food,13.58
t7958,2025-09-12,gas,22.46
t4479,2025-03-17,entertainment,71.55
t5661,2025-04-27,travel,404.17
t1597,2025-06-30,utilities,139.39
t68,2025-03-29,retail,103.06
t2585,2025-03-11,food,26.82
t11000,2025-04-15,other,30.45
t6282,2025-01-29,retail,141.59
t3197,2025-01-11,other,70.43
t11239,2025-04-22,food,55.28
t5328,2025-05-05,utilities,179.27
t9513,2025-07-03,food,18.64
t9609,2025-05-04,food,40.75
t1259,2025-08-10,food,33.73
t7657,2025-10-09,food,29.37
t6351,2025-01-10,retail,148.24
t10214,2025-03-23,travel,614.11
t7524,2025-10-10,gas,45.77
t992,2025-10-13,entertainment,50.29
t3505,2025-06-21,entertainment,44.41
t114,2025-09-08,food,30.94
t920,2025-01-10,food,32.34
t2510,2025-08-12,gas,69.8
t11283,2025-08-23,entertainment,70.19
t166,2025-01-02,food,8.06
t6742,2025-06-24,entertainment,79.1
t7634,2025-05-02,retail,88.5
t10244,2025-08-16,entertainment,65.96
t8676,2025-07-12,food,28.37
t4604,2025-03-28,food,17.7
t8836,2025-10-08,utilities,84.09
t10197,2025-09-03,other,55.76
t950,2025-10-25,food,20.1
t4595,2025-08-13,gas,43.48
t9799,2025-08-11,food,25.4
t3771,2025-03-13,food,16.14
t2507,2025-01-21,retail,116.6
t5108,2025-09-06,food,6.69
t2851,2025-05-02,other,80.93
t6001,2025-03-23,other,112.68
t8743,2025-07-12,entertainment,101.39
a214,2025-03-24,food,257.62
t7774,2025-10-21,retail,74.37
t9971,2025-06-05,food,10.84
t4447,2025-04-12,retail,180.34
t5795,2025-02-17,entertainment,72.66
t10412,2025-10-03,entertainment,51.02
t4461,2025-08-04,retail,93.91
t8970,2025-08-17,food,4.0
t2506,2025-06-29,food,15.39
t9085,2025-05-25,food,26.23
t6624,2025-09-20,entertainment,110.27
t1115,2025-05-23,food,22.86
t6943,2025-06-23,utilities,107.05
t10063,2025-05-06,gas,47.74
t299,2025-07-01,utilities,132.62
t1676,2025-03-07,travel,691.15
t3348,2025-04-07,gas,80.75
t6171,2025-01-09,food,35.49
t2736,2025-05-24,entertainment,114.09
t5670,2025-08-31,retail,77.93
t9591,2025-07-22,retail,121.32
t4989,2025-09-29,entertainment,68.66
t11133,2025-04-05,entertainment,116.53
t2379,2025-10-08,gas,74.9
t7432,2025-05-23,retail,166.99
t7426,2025-07-12,retail,117.02
t8350,2025-05-11,travel,385.78
t4326,2025-05-09,retail,77.15
t4173,2025-02-09,food,27.98
t9221,2025-01-12,food,17.32
t4551,2025-01-23,gas,49.33
t11606,2025-05-12,retail,118.14
t8611,2025-04-05,retail,135.57
t9602,2025-01-17,food,39.39
t2104,2025-07-09,other,91.47
t5337,2025-03-28,food,33.94
t8301,2025-06-23,retail,67.52
t3760,2025-04-18,other,75.36
t9372,2025-05-10,food,24.78
t1838,2025-04-08,food,28.25
t9641,2025-10-16,retail,146.44
t9966,2025-03-16,food,22.89
a25,2025-02-22,other,1187.78
t5711,2025-03-20,retail,5.0
t608,2025-01-21,retail,120.33
t4501,2025-09-19,food,43.51
t7037,2025-02-26,retail,72.9
t1094,2025-06-07,utilities,91.21
t7862,2025-04-28,entertainment,86.6
t6719,2025-10-15,food,24.61
t8635,2025-10-23,food,43.11
t10747,2025-09-20,gas,19.47
t4488,2025-04-13,utilities,106.73
t161,2025-07-06,food,27.78
t204,2025-01-05,entertainment,23.89
t6484,2025-09-03,food,30.84
t3941,2025-05-01,entertainment,31.03
t8365,2025-04-19,gas,47.86
t6104,2025-08-13,food,27.73
t4934,2025-09-08,utilities,80.34
t2935,2025-08-13,food,14.82
t1815,2025-10-03,food,19.56
t7648,2025-08-23,retail,132.25
t2436,2025-07-12,retail,115.69
t1231,2025-08-02,utilities,74.67
t11323,2025-04-27,travel,368.34
t11680,2025-02-11,retail,77.16
t3047,2025-05-02,utilities,32.25
t5706,2025-09-27,entertainment,84.38
t11586,2025-09-10,utilities,82.94
t2916,2025-02-12,food,29.63
t10882,2025-06-08,retail,205.69
t7546,2025-04-10,gas,44.0
t3989,2025-07-12,food,34.32
t4252,2025-07-03,entertainment,73.35
t6112,2025-08-29,food,27.42
t6829,2025-02-22,entertainment,67.28
t9257,2025-01-19,retail,95.78
t8077,2025-02-28,other,144.18
t6205,2025-09-14,entertainment,54.32
t3294,2025-07-27,utilities,20.83
t4035,2025-04-05,utilities,34.03
t2726,2025-02-02,food,22.76
t4291,2025-10-07,retail,165.62
t4335,2025-06-09,other,24.73
t2553,2025-01-03,utilities,185.48
t3878,2025-02-24,retail,85.29
t6206,2025-07-09,retail,80.11
t8533,2025-04-01,utilities,148.04
t8152,2025-01-14,food,32.88
t6880,2025-10-05,entertainment,115.96
t7486,2025-03-07,food,24.46
t4754,2025-05-02,entertainment,12.29
t4887,2025-02-16,utilities,152.29
t858,2025-05-08,travel,497.85
t371,2025-07-05,food,16.54
t6540,2025-06-25,retail,5.0
t10035,2025-01-19,other,93.07
t2562,2025-10-14,travel,401.44
t3802,2025-04-08,retail,92.63
t2641,2025-09-23,retail,164.43
t5456,2025-06-06,travel,935.1
t11117,2025-07-10,gas,48.23
t4491,2025-06-20,gas,81.99
t2348,2025-08-28,entertainment,22.72
t650,2025-08-07,entertainment,96.15
t6860,2025-09-11,retail,145.06
t2782,2025-10-24,other,123.63
t8185,2025-06-29,other,75.07
t10242,2025-08-30,other,95.57
t10410,2025-09-08,food,24.3
t11517,2025-02-08,entertainment,54.27
t7208,2025-02-17,entertainment,56.05
t5945,2025-04-10,other,61.89
t8244,2025-06-30,retail,112.33
t616,2025-03-12,entertainment,45.34
t10120,2025-03-21,food,12.22
t2576,2025-08-20,food,32.26
t54,2025-06-27,food,12.9
a139,2025-05-30,travel,4988.87
t3341,2025-06-18,retail,85.01
t10034,2025-07-08,food,22.73
t1706,2025-07-26,retail,130.68
t10861,2025-05-07,gas,69.42
t7992,2025-08-13,travel,431.97
t7916,2025-07-14,retail,123.44
t1494,2025-06-03,gas,64.83
t5877,2025-10-26,retail,168.93
a195,2025-10-16,travel,7301.25
t8160,2025-01-20,other,24.52
t804,2025-09-01,gas,50.59
t4954,2025-01-25,food,27.59
t7744,2025-03-04,food,25.13
t1813,2025-09-05,gas,54.79
t9149,2025-04-14,utilities,126.21
t991,2025-08-20,food,22.26
t2775,2025-08-13,retail,114.77
t9429,2025-03-28,entertainment,66.4
t2449,2025-10-25,gas,80.2
t3514,2025-03-04,food,27.79
t7934,2025-03-22,utilities,61.81
t10066,2025-10-06,entertainment,31.43
t220,2025-06-25,retail,67.64
t8154,2025-10-26,retail,69.39
t1289,2025-05-05,other,108.79
t3164,2025-09-26,other,21.32
t4679,2025-08-25,retail,53.03
t2619,2025-02-24,retail,186.77
t3613,2025-08-26,gas,28.28
t44,2025-09-28,retail,22.95
t9600,2025-06-26,other,106.72
t8920,2025-10-24,utilities,169.06
t8775,2025-01-11,food,45.78
t3793,2025-05-14,utilities,102.49
t3572,2025-06-14,utilities,114.28
a215,2025-08-29,travel,3699.52
t1504,2025-04-08,food,24.85
t8048,2025-05-15,other,66.87
a35,2025-03-16,other,1604.63
t7597,2025-10-02,utilities,160.73
t3440,2025-02-08,utilities,148.23
t1893,2025-05-21,food,17.76
t11564,2025-02-03,other,50.12
t11349,2025-05-08,gas,81.29
t10999,2025-06-21,utilities,147.77
t5256,2025-03-01,retail,97.99
t1956,2025-07-09,food,4.69
t11302,2025-05-17,utilities,60.54
t5168,2025-02-02,utilities,208.18
t4815,2025-05-15,travel,573.12
t3576,2025-04-28,utilities,151.9
t6461,2025-08-04,gas,39.19
t1506,2025-07-14,entertainment,83.38
t8471,2025-09-11,gas,69.58
t671,2025-03-28,food,31.46
t6492,2025-03-24,gas,22.32
t7049,2025-08-09,food,29.95
t9836,2025-10-07,gas,52.13
t10681,2025-08-15,entertainment,82.98
t1086,2025-06-22,food,30.7
t898,2025-02-07,entertainment,62.3
t3307,2025-03-05,entertainment,80.65
t11652,2025-07-04,travel,220.5
t6240,2025-03-31,other,81.68
t2667,2025-05-19,travel,600.6
t7647,2025-02-12,food,33.97
t3194,2025-06-23,gas,33.5
t2891,2025-01-10,other,64.44
t6004,2025-04-06,gas,53.97
t7740,2025-02-20,travel,260.75
t9862,2025-04-06,retail,121.9
t4740,2025-08-15,food,27.08
t2622,2025-03-22,entertainment,74.12
t8691,2025-02-16,other,52.23
t6203,2025-06-21,entertainment,97.75
t9267,2025-08-20,gas,91.06
t9531,2025-01-13,utilities,75.5
t8405,2025-04-25,food,41.79
t5814,2025-05-19,other,109.07
t3,2025-08-04,other,82.13
t5971,2025-01-26,food,26.52
t2371,2025-04-19,food,26.18
t3805,2025-09-01,retail,116.93
t1770,2025-04-09,other,90.28
t10194,2025-06-06,entertainment,115.36
t8442,2025-08-23,gas,60.71
t6080,2025-08-09,food,29.88
t532,2025-10-22,retail,163.56
t10339,2025-06-14,food,16.56
t10375,2025-09-20,food,36.23
t6477,2025-06-13,retail,92.75
t6978,2025-07-23,other,139.28
t10693,2025-04-01,food,31.7
t10945,2025-07-04,food,31.41
t3121,2025-01-11,retail,32.83
t10815,2025-02-28,gas,54.72
t6260,2025-07-16,retail,42.8
t732,2025-04-08,utilities,111.57
t3407,2025-04-18,food,40.98
t2340,2025-02-04,entertainment,80.58
t5992,2025-09-10,food,18.53
t6329,2025-03-13,food,33.82
t2799,2025-06-06,entertainment,36.09
t8325,2025-03-08,entertainment,98.67
t2566,2025-04-15,entertainment,50.36
t2582,2025-04-02,other,104.12
t9806,2025-01-27,food,25.77
t8905,2025-08-28,retail,146.81
t10184,2025-08-15,food,25.28
t8773,2025-07-14,gas,31.34
t384,2025-02-05,other,109.63
t10760,2025-04-03,retail,153.67
t11360,2025-08-20,travel,197.4
t1256,2025-02-26,food,16.01
t2105,2025-04-24,food,28.62
t11246,2025-05-26,gas,45.92
t9958,2025-08-15,entertainment,45.21
t8571,2025-09-03,entertainment,95.26
t11259,2025-04-09,other,7.77
t4995,2025-06-22,food,26.65
t10753,2025-05-30,food,23.29
t8994,2025-01-22,food,46.18
t5058,2025-05-09,utilities,184.6
t659,2025-04-28,entertainment,97.33
t4435,2025-02-16,retail,109.0
t3485,2025-09-16,utilities,85.5
t11390,2025-08-19,food,32.32
t5319,2025-04-28,retail,146.17
t3817,2025-03-22,food,12.35
t6774,2025-06-25,retail,159.08
t8237,2025-09-30,food,47.45
t10677,2025-06-15,food,29.89
t2547,2025-06-28,retail,8.65
t8035,2025-03-30,gas,63.17
t6480,2025-01-12,gas,54.9
t1622,2025-02-23,food,24.23
t11305,2025-04-26,food,17.76
t7261,2025-07-23,retail,81.58
t3905,2025-07-02,food,35.15
t1848,2025-02-02,retail,72.82
t10676,2025-08-06,food,19.4
t1097,2025-09-02,utilities,148.01
t6812,2025-03-05,travel,421.37
t8658,2025-03-04,utilities,119.41
t11041,2025-07-10,entertainment,32.94
t11695,2025-02-12,utilities,181.1
t5500,2025-06-01,retail,11.43
t11093,2025-10-15,retail,95.45
t2464,2025-06-10,utilities,78.11
t10598,2025-01-01,retail,118.27
t3701,2025-04-23,gas,40.62
t6685,2025-09-25,gas,49.94
t9177,2025-01-02,entertainment,71.03
a30,2025-10-22,entertainment,596.47
t1789,2025-09-15,retail,116.63
t251,2025-08-10,entertainment,42.82
t7705,2025-01-25,other,40.21
t6315,2025-03-01,food,27.17
t10983,2025-02-20,entertainment,89.72
t3646,2025-05-27,food,29.89
t1777,2025-09-18,retail,98.71
t193,2025-07-04,utilities,138.34
t821,2025-02-08,travel,162.24
t11553,2025-04-08,gas,62.7
t8230,2025-03-20,gas,23.99
t9217,2025-03-24,retail,56.69
t10312,2025-01-02,retail,75.87
t8891,2025-03-13,utilities,215.77
t4401,2025-01-29,gas,96.95
t9116,2025-02-18,retail,84.58
t5389,2025-08-23,food,15.81
t4167,2025-05-27,food,21.89
t9430,2025-01-24,other,78.7
t11226,2025-07-07,food,18.13
t4952,2025-05-17,gas,40.42
t2688,2025-07-16,retail,157.45
t4391,2025-02-03,food,36.3
t11740,2025-05-26,entertainment,73.78
t3389,2025-09-29,retail,46.8
t4928,2025-01-29,food,22.74
t9083,2025-08-19,retail,164.76
t5553,2025-08-19,gas,72.11
t2608,2025-05-24,food,26.17
t9382,2025-10-05,retail,129.26
t239,2025-07-14,entertainment,32.64
t4016,2025-09-21,food,21.42
t11729,2025-10-03,retail,137.24
t2978,2025-07-29,utilities,132.91
t8226,2025-06-17,entertainment,36.8
t10796,2025-02-28,gas,38.29
t9545,2025-05-23,other,59.37
a126,2025-01-07,utilities,1059.28
t5474,2025-03-20,entertainment,9.29
t946,2025-08-17,other,107.75
t9426,2025-02-17,gas,34.3
t9512,2025-08-31,food,26.75
t5098,2025-03-21,utilities,140.88
t8690,2025-06-08,food,19.83
t6056,2025-01-28,utilities,119.38
t6474,2025-01-07,retail,85.32
t8969,2025-10-25,retail,34.61
t8290,2025-06-24,food,39.14
t3553,2025-03-23,food,26.48
a202,2025-04-02,gas,1041.95
t3361,2025-05-17,food,32.18
t7343,2025-02-17,gas,67.61
t10644,2025-03-12,other,54.6
t5629,2025-10-24,entertainment,54.43
t2411,2025-02-21,travel,637.37
t7752,2025-08-11,retail,125.49
t5784,2025-06-06,entertainment,114.34
t4508,2025-01-20,travel,585.46
t10138,2025-09-20,retail,88.66
t3983,2025-05-28,other,99.35
t8296,2025-01-19,food,29.61
t147,2025-10-16,gas,52.33
t8212,2025-10-25,food,27.96
t6902,2025-02-20,food,33.66
t8865,2025-05-07,other,104.69
t2295,2025-09-01,food,11.76
t8285,2025-09-11,retail,61.16
t2254,2025-04-22,food,17.2
t7179,2025-05-06,retail,74.8
t3612,2025-09-01,gas,39.9
t5354,2025-09-13,gas,41.65
t1737,2025-08-21,food,24.28
t8342,2025-02-26,utilities,127.89
t9499,2025-06-01,retail,56.2
t115,2025-08-29,food,35.08
a190,2025-06-01,food,431.1
t6127,2025-02-28,utilities,126.77
t8182,2025-10-04,entertainment,136.28
t11367,2025-10-15,food,14.97
t9960,2025-04-20,entertainment,75.25
t499,2025-01-26,gas,44.91
t7082,2025-10-16,food,12.1
t6560,2025-02-17,retail,99.06
t6379,2025-05-01,retail,129.81
t4734,2025-05-10,retail,93.86
t721,2025-10-06,retail,119.1
t7582,2025-09-13,gas,63.77
t4385,2025-07-02,retail,78.56
t10608,2025-06-26,food,30.56
t8238,2025-07-09,other,104.25
t5726,2025-01-25,retail,22.15
t3090,2025-07-10,entertainment,115.81
t9210,2025-04-20,travel,873.66
t9232,2025-08-04,food,33.47
t485,2025-05-23,retail,92.81
t4546,2025-04-13,food,33.57
t597,2025-06-29,retail,37.21
t10899,2025-02-15,retail,129.38
t8485,2025-02-10,food,12.55
t8867,2025-08-19,entertainment,73.23
t5165,2025-09-08,utilities,117.19
t10964,2025-04-17,other,67.62
t1648,2025-06-24,food,28.77
t4591,2025-10-23,entertainment,130.32
t7540,2025-08-04,retail,84.87
t9981,2025-06-11,entertainment,53.37
t6816,2025-04-06,entertainment,96.78
t2701,2025-01-08,food,11.14
t9356,2025-06-03,gas,49.14
t1701,2025-09-28,food,46.13
t10721,2025-08-06,food,23.2
t5405,2025-10-03,food,28.54
t11340,2025-09-11,food,44.03
t2774,2025-08-11,other,27.53
t2943,2025-06-12,food,14.36
t6969,2025-02-14,food,21.04
t6558,2025-04-18,food,24.78
t8432,2025-07-23,gas,46.96
t6220,2025-10-20,gas,55.3
t2513,2025-05-04,travel,839.31
t87,2025-02-09,gas,49.27
t7594,2025-02-13,entertainment,25.59
t2309,2025-04-01,gas,39.69
t2678,2025-03-15,food,37.73
t9839,2025-08-09,entertainment,88.19
t9815,2025-02-17,other,61.01
t10497,2025-03-19,utilities,103.71
t2595,2025-08-29,entertainment,50.24
t11373,2025-05-08,food,15.43
t9714,2025-10-04,entertainment,123.46
t1030,2025-05-03,other,94.91
t137,2025-06-06,retail,73.12
t6973,2025-04-24,retail,102.02
t1237,2025-08-29,food,31.34
t7025,2025-06-08,other,103.83
t6241,2025-10-20,retail,110.46
t8522,2025-10-24,entertainment,47.69
t2855,2025-01-15,gas,50.41
t4410,2025-03-14,gas,69.68
t7530,2025-04-01,food,42.16
t1201,2025-04-24,gas,60.33
t6122,2025-05-21,utilities,170.74
t4718,2025-09-01,gas,29.78
t11417,2025-10-06,food,25.05
t7557,2025-05-25,gas,20.06
t8826,2025-08-14,food,29.66
t567,2025-09-16,food,30.78
t9254,2025-10-17,retail,129.67
t5934,2025-07-01,food,18.32
t5431,2025-09-09,food,40.4
t5869,2025-03-21,entertainment,44.08
t6297,2025-05-24,other,49.9
t3928,2025-09-15,food,24.95
t6196,2025-08-24,retail,85.06
t8460,2025-09-15,gas,37.04
t9458,2025-10-25,gas,20.42
t10588,2025-09-02,food,28.42
t8808,2025-02-04,retail,190.94
t9566,2025-01-17,other,43.01
t3607,2025-03-01,retail,97.4
t10687,2025-06-28,food,26.53
t9913,2025-05-15,utilities,98.79
t2331,2025-06-13,food,10.02
t3516,2025-01-21,retail,87.51
t2188,2025-02-22,food,24.03
t196,2025-04-19,retail,173.08
t9252,2025-10-15,entertainment,77.72
t8197,2025-04-19,utilities,71.75
t5060,2025-04-08,retail,97.53
t803,2025-08-18,retail,113.1
t7763,2025-07-16,food,15.37
t5716,2025-02-07,gas,72.87
t10289,2025-03-09,travel,492.31
t2669,2025-04-29,retail,71.5
t8355,2025-09-15,food,32.84
t6599,2025-05-20,utilities,183.88
t242,2025-08-09,entertainment,53.34
t2069,2025-05-29,gas,73.82
t9542,2025-09-20,utilities,138.99
t8273,2025-09-18,retail,44.1
t10495,2025-04-23,travel,361.57
t645,2025-06-19,food,17.39
t11247,2025-01-30,food,6.73
t5104,2025-07-26,gas,96.3
t5461,2025-03-16,retail,180.34
t7206,2025-04-17,entertainment,83.02
t1638,2025-09-30,entertainment,64.52
t7553,2025-05-23,food,33.55
t121,2025-05-11,food,23.06
t5874,2025-05-13,travel,548.42
t2982,2025-02-20,food,15.12
t5070,2025-05-29,food,34.82
t3075,2025-05-17,food,4.0
t10704,2025-08-09,retail,208.11
t7297,2025-10-19,retail,152.07
t3279,2025-04-27,gas,30.81
t7132,2025-09-24,entertainment,96.96
t8004,2025-07-27,food,22.07
t2136,2025-08-22,food,34.86
t9741,2025-07-30,retail,88.54
t4971,2025-05-14,retail,101.61
t9251,2025-09-09,gas,66.13
t135,2025-10-26,retail,135.28
t4352,2025-02-11,utilities,79.16
t7382,2025-04-28,gas,49.03
t6916,2025-02-12,gas,58.01
t5325,2025-03-02,gas,57.56
t8404,2025-01-24,retail,118.12
t11569,2025-05-14,retail,114.2
a145,2025-05-29,retail,1998.59
t2560,2025-03-21,retail,152.06
t7830,2025-06-03,retail,102.34
t63,2025-04-07,utilities,135.86
t10059,2025-10-08,entertainment,43.48
t9552,2025-01-27,utilities,127.84
a179,2025-02-16,travel,1499.88
t1359,2025-09-19,retail,61.44
t8791,2025-04-04,food,18.95
t8702,2025-03-01,entertainment,37.52
t11329,2025-04-16,food,28.73
t3698,2025-05-21,retail,90.6
t2468,2025-05-26,gas,90.91
t680,2025-04-01,entertainment,20.59
t2042,2025-03-25,utilities,45.12
t742,2025-05-12,other,45.74
t5308,2025-03-05,food,39.18
t6267,2025-06-27,utilities,98.87
t8927,2025-02-27,other,81.04
t3642,2025-08-15,other,36.97
t445,2025-01-01,utilities,138.12
t9779,2025-06-26,food,27.43
t11169,2025-01-17,gas,43.34
t3259,2025-10-12,entertainment,39.42
t4664,2025-03-08,gas,56.32
t1874,2025-03-19,retail,84.92
t4745,2025-10-22,food,19.13
t2597,2025-07-18,food,26.41
t1718,2025-01-31,other,42.66
t2913,2025-06-22,food,21.98
t2844,2025-10-19,other,51.43
t4028,2025-06-18,gas,57.24
t5489,2025-03-03,gas,53.5
a23,2025-02-14,utilities,1679.21
t8025,2025-09-12,utilities,229.32
t7787,2025-06-13,gas,68.48
t4486,2025-04-16,gas,53.91
t2557,2025-08-31,retail,45.56
t11609,2025-06-24,entertainment,84.44
t6865,2025-03-20,food,39.39
t490,2025-02-10,travel,331.73
t494,2025-10-06,food,13.75
t691,2025-05-13,food,16.07
t10084,2025-05-16,food,26.65
t3822,2025-07-03,gas,40.53
t603,2025-02-20,travel,545.11
t1912,2025-07-19,utilities,149.0
t1015,2025-02-04,retail,148.67
t8514,2025-08-24,gas,24.52
t870,2025-01-18,retail,149.49
t1994,2025-01-08,food,19.33
t2435,2025-05-20,food,41.42
t3758,2025-06-14,entertainment,103.95
t6648,2025-03-14,utilities,161.26
t10209,2025-01-19,food,17.92
t2367,2025-02-11,food,22.88
t7611,2025-09-27,food,32.25
t5284,2025-01-13,food,22.72
t4371,2025-02-09,other,59.72
t2687,2025-06-23,retail,132.68
t1574,2025-05-10,food,14.46
t1362,2025-10-23,food,38.15
t8639,2025-06-27,food,21.67
t1527,2025-09-11,food,31.96
t1328,2025-06-26,entertainment,60.12
t1630,2025-06-05,gas,71.93
t11688,2025-09-12,travel,291.83
t1552,2025-04-26,gas,49.24
t8590,2025-09-15,retail,172.39
t11624,2025-03-14,other,40.72
t1338,2025-09-14,food,25.94
t3902,2025-02-25,utilities,67.68
t3011,2025-05-01,utilities,108.82
t5042,2025-01-08,other,33.05
t8782,2025-01-10,food,17.14
t5040,2025-08-08,gas,75.95
t2347,2025-07-13,food,38.62
t11134,2025-04-22,gas,31.24
t5486,2025-03-15,retail,5.0
t11453,2025-03-07,utilities,153.37
t5695,2025-02-19,retail,113.8
t5120,2025-02-23,food,10.86
t5167,2025-04-01,other,20.9
t1135,2025-09-08,food,24.1
t4018,2025-03-05,entertainment,62.33
t2425,2025-07-20,entertainment,59.5
t4139,2025-10-12,other,36.02
t860,2025-04-09,retail,66.57
t2963,2025-05-12,retail,64.28
t8090,2025-09-21,retail,88.44
t9294,2025-05-19,travel,463.16
t10267,2025-05-08,entertainment,70.49
t10172,2025-01-18,other,80.56
t1365,2025-01-15,food,17.91
t10599,2025-02-02,food,29.43
t1780,2025-02-03,gas,48.34
t8464,2025-07-12,other,91.32
t2102,2025-06-16,retail,73.37
t1819,2025-05-08,entertainment,63.85
t370,2025-02-06,travel,203.63
t4938,2025-04-16,food,17.71
t5286,2025-02-17,entertainment,90.73
t9727,2025-03-17,food,22.64
t7072,2025-02-28,utilities,123.25
t2094,2025-10-15,gas,17.95
t7818,2025-02-06,food,12.21
t1921,2025-02-05,gas,60.68
t83,2025-08-18,retail,64.95
t7332,2025-04-30,food,33.54
t7305,2025-09-02,entertainment,68.61
t817,2025-08-25,other,83.27
t4397,2025-08-06,food,24.33
t6125,2025-03-03,food,26.03
t4121,2025-07-30,gas,52.99
t9560,2025-01-24,entertainment,62.56
t1814,2025-02-18,gas,40.7
t1272,2025-01-19,food,16.09
t2995,2025-07-05,gas,30.85
t9959,2025-04-11,entertainment,68.6
t6410,2025-10-12,food,19.11
t2643,2025-07-12,retail,151.25
t8560,2025-07-13,gas,59.18
t2306,2025-01-23,utilities,55.94
t8757,2025-01-11,food,16.83
t10053,2025-02-21,retail,56.01
t4196,2025-07-25,retail,38.36
t11331,2025-09-21,food,34.55
t3850,2025-07-03,entertainment,75.18
a54,2025-01-17,other,1000.52
t10067,2025-03-18,retail,135.97
t11486,2025-09-17,food,34.75
t3555,2025-05-06,food,27.01
t2196,2025-03-31,retail,29.7
t2601,2025-08-14,retail,39.37
t6164,2025-09-04,utilities,119.37
t1519,2025-05-07,retail,135.01
t11718,2025-05-20,other,92.8
t6310,2025-01-01,other,100.8
t5756,2025-03-07,food,16.09
t5634,2025-09-13,other,66.53
t11161,2025-01-09,other,88.37
t7163,2025-01-16,entertainment,70.32
t9073,2025-03-17,gas,50.07
t8840,2025-03-23,entertainment,53.45
t1989,2025-10-15,retail,164.62
t7738,2025-06-22,food,36.59
t518,2025-10-11,gas,61.53
t6161,2025-07-04,food,37.53
t9007,2025-04-03,retail,79.09
t10887,2025-01-25,utilities,118.99
t9685,2025-07-22,entertainment,59.21
t8693,2025-09-06,gas,71.87
t4457,2025-06-22,food,29.1
t2762,2025-08-21,gas,81.6
t6482,2025-04-21,utilities,125.61
t5912,2025-02-01,utilities,89.81
t10825,2025-05-22,retail,112.7
t6548,2025-05-03,travel,381.19
t4856,2025-01-08,food,30.43
t7645,2025-06-22,gas,69.77
t10627,2025-10-26,food,30.56
t6359,2025-05-16,food,15.32
t2439,2025-10-08,utilities,66.02
t3766,2025-01-24,food,31.38
t6433,2025-06-15,retail,136.53
t7847,2025-02-02,food,23.84
t8561,2025-09-19,food,17.85
t10759,2025-07-21,entertainment,48.39
t6341,2025-09-17,food,26.99
t4822,2025-03-24,retail,108.45
t19,2025-07-11,gas,70.25
t3561,2025-04-08,retail,150.58
t3952,2025-06-09,utilities,211.64
t50,2025-01-13,retail,144.67
a116,2025-09-12,gas,1002.36
t888,2025-03-31,food,17.26
t6262,2025-08-22,retail,120.45
t7237,2025-02-13,gas,46.1
t6990,2025-09-12,food,8.12
t6044,2025-10-10,retail,111.04
t3169,2025-04-13,food,35.47
t2950,2025-08-03,food,31.63
t1425,2025-03-20,entertainment,26.67
t140,2025-06-06,entertainment,76.38
t3198,2025-02-08,gas,54.88
t5132,2025-03-13,retail,132.52
t113,2025-01-28,food,16.21
t8161,2025-02-09,travel,522.71
t10408,2025-05-03,gas,81.01
t4560,2025-05-27,food,23.77
t4596,2025-08-03,food,34.73
t4691,2025-07-01,utilities,134.91
t7952,2025-07-10,utilities,71.17
t3278,2025-10-08,food,41.59
t4069,2025-06-05,retail,133.48
t4409,2025-10-10,food,21.64
t8526,2025-04-07,retail,74.55
t10295,2025-07-27,entertainment,22.41
t452,2025-05-05,gas,81.03
t7263,2025-01-14,food,31.28
t3732,2025-07-13,gas,83.7
t7257,2025-07-10,other,75.55
t10734,2025-01-13,food,11.46
t4987,2025-05-05,utilities,52.77
t3664,2025-10-16,gas,67.05
t2764,2025-01-09,entertainment,83.45
t8873,2025-10-27,gas,56.16
t1856,2025-02-09,food,30.62
t1000,2025-04-21,retail,83.1
t390,2025-01-16,gas,46.53
t6427,2025-06-25,travel,780.73
t1477,2025-09-14,entertainment,71.53
t2241,2025-02-09,food,27.19
t11079,2025-06-28,entertainment,114.51
t8113,2025-01-05,retail,26.24
t993,2025-07-17,food,31.51
t7033,2025-10-17,gas,44.1
t4998,2025-02-28,food,32.5
t3923,2025-04-09,entertainment,91.21
t2973,2025-04-21,entertainment,60.33
t6872,2025-06-25,retail,228.78
t9071,2025-09-23,retail,70.1
t4770,2025-06-09,utilities,121.98
t1294,2025-01-22,retail,40.3
t4174,2025-07-28,food,23.64
t2536,2025-06-07,food,40.85
t10950,2025-03-28,gas,90.7
t1908,2025-06-02,other,103.46
t9948,2025-04-07,retail,42.78
t11388,2025-06-20,food,13.51
t6034,2025-07-22,retail,76.33
t7620,2025-07-31,entertainment,97.14
t1152,2025-07-14,other,98.54
t1568,2025-08-03,food,10.63
t3172,2025-09-27,food,29.99
t7107,2025-02-21,entertainment,113.29
t4161,2025-06-29,utilities,147.13
t4288,2025-04-17,other,101.82
t2231,2025-04-13,food,21.46
t175,2025-06-02,other,27.4
t1904,2025-01-14,retail,44.05
t8825,2025-03-16,gas,71.17
t3409,2025-07-17,utilities,119.84
t1539,2025-09-21,other,103.68
t2293,2025-09-16,food,42.69
t1364,2025-04-07,food,5.6
t4358,2025-09-30,entertainment,55.74
t5261,2025-03-30,other,73.75
t8974,2025-01-20,gas,51.4
t9122,2025-09-01,food,29.81
t681,2025-10-08,retail,122.31
t9494,2025-03-12,other,14.68
t3665,2025-10-16,food,26.83
t1662,2025-05-28,food,10.18
t509,2025-10-18,gas,71.93
t167,2025-03-28,entertainment,24.24
t9942,2025-07-04,gas,49.93
t10007,2025-01-25,food,16.56
t7366,2025-01-15,entertainment,86.49
t1915,2025-01-13,retail,63.06
t7264,2025-05-02,entertainment,83.6
t11560,2025-06-03,food,22.27
t11697,2025-03-07,gas,48.37
t7362,2025-01-22,food,16.56
t1105,2025-05-17,retail,62.02
t9417,2025-06-17,food,29.07
t5311,2025-04-28,retail,200.68
t10327,2025-05-28,retail,41.19
t5755,2025-03-27,other,72.68
t153,2025-09-21,food,48.03
t9539,2025-03-08,gas,53.81
t5680,2025-09-06,gas,48.24
t10954,2025-10-20,retail,140.47
t3552,2025-07-15,food,6.24
t3723,2025-10-21,entertainment,129.84
t4539,2025-09-05,food,15.85
t8950,2025-01-06,other,51.87
t1992,2025-07-10,retail,163.93
t10561,2025-04-15,food,19.75
t5142,2025-05-30,food,21.16
t3812,2025-07-09,food,17.6
t10440,2025-07-12,retail,117.02
t3451,2025-04-13,food,45.08
t4592,2025-02-03,food,28.51
t7353,2025-07-14,utilities,153.57
t206,2025-06-30,food,4.0
t6681,2025-06-12,other,114.64
t2750,2025-03-23,utilities,67.07
t1850,2025-05-17,food,29.83
t10869,2025-05-18,food,25.37
t3241,2025-07-25,food,28.48
t9537,2025-09-19,retail,5.0
t3110,2025-02-02,food,26.81
t5935,2025-08-30,other,81.52
t5811,2025-10-08,food,38.81
t5635,2025-08-13,other,84.99
t4308,2025-10-19,retail,118.8
t3157,2025-07-23,food,36.29
t6535,2025-10-16,retail,143.79
t10421,2025-09-06,other,85.0
t11095,2025-03-27,utilities,105.37
t3833,2025-08-30,other,96.73
t10447,2025-04-09,retail,65.08
t4777,2025-08-18,retail,50.97
t7998,2025-05-01,food,21.6
t4277,2025-10-16,other,30.54
t8535,2025-10-16,food,26.41
t11513,2025-06-20,gas,80.95
t279,2025-03-18,other,58.6
t6772,2025-01-22,retail,5.0
t7416,2025-09-27,food,27.76
t3253,2025-08-04,gas,25.51
t8582,2025-02-12,gas,70.59
t11276,2025-06-30,gas,50.7
t290,2025-04-01,gas,66.33
t3076,2025-06-19,gas,62.93
t8687,2025-07-13,food,25.04
t8507,2025-05-13,utilities,176.56
t271,2025-04-26,gas,53.57
t4571,2025-07-14,food,33.77
t10524,2025-02-21,retail,48.36
t6697,2025-10-08,entertainment,63.48
t4317,2025-04-17,utilities,186.43
t3181,2025-08-04,food,46.13
t1423,2025-04-27,retail,96.39
t8276,2025-08-12,food,29.43
t9482,2025-04-17,retail,52.29
t4558,2025-06-05,retail,18.45
t7813,2025-06-29,retail,51.61
t6298,2025-01-01,retail,79.39
t8800,2025-04-14,gas,57.39
t11632,2025-03-24,utilities,102.35
t1133,2025-10-21,entertainment,49.25
t6243,2025-07-12,retail,130.26
t9117,2025-02-10,food,24.34
t11235,2025-08-14,gas,42.09
t7424,2025-04-12,entertainment,48.1
t8749,2025-10-26,entertainment,78.84
t8655,2025-01-19,other,84.16
t5521,2025-10-01,gas,82.4
t10437,2025-08-05,entertainment,63.08
t11651,2025-10-24,other,118.0
t3787,2025-03-14,food,34.54
t8940,2025-04-23,food,19.66
t8346,2025-08-16,retail,123.95
t2162,2025-01-02,retail,201.07
t3009,2025-03-07,entertainment,48.98
t1106,2025-04-26,entertainment,30.23
t8869,2025-06-29,entertainment,78.79
t693,2025-02-06,retail,195.39
t4957,2025-10-05,utilities,133.86
t8308,2025-05-31,gas,61.92
t4370,2025-10-09,gas,57.87
t2766,2025-10-18,other,63.36
t3930,2025-04-09,gas,25.13
t9171,2025-01-30,retail,111.88
a27,2025-01-21,other,5000.78
t7779,2025-03-08,food,19.79
t629,2025-03-06,retail,131.18
t2452,2025-03-01,utilities,225.99
t3825,2025-03-13,gas,54.85
t10765,2025-01-24,gas,29.64
t3744,2025-10-12,utilities,93.22
t2177,2025-10-02,entertainment,56.09
t6690,2025-08-19,entertainment,20.51
t3319,2025-03-23,gas,42.98
t8719,2025-09-21,food,39.41
t7433,2025-03-08,retail,77.68
t2788,2025-08-10,travel,413.55
t1197,2025-04-16,gas,49.85
t1677,2025-05-03,food,29.74
t3948,2025-04-11,retail,65.2
t7619,2025-01-17,utilities,83.21
t4445,2025-06-07,retail,108.29
t5723,2025-06-30,gas,77.87
t10165,2025-06-17,entertainment,67.09
t2370,2025-06-10,other,111.08
t4968,2025-03-29,retail,75.3
t2218,2025-08-26,retail,97.35
t8149,2025-08-05,retail,114.13
t3327,2025-04-20,utilities,157.04
t10229,2025-05-13,food,28.25
t3584,2025-06-18,gas,66.99
t11726,2025-01-06,retail,72.24
a28,2025-09-09,travel,7852.04
t3620,2025-03-26,utilities,80.74
t6218,2025-04-01,entertainment,63.71
t2469,2025-10-15,retail,66.41
t8278,2025-03-14,utilities,127.15
t10855,2025-02-22,gas,66.14
t5974,2025-06-13,gas,58.69
t3668,2025-09-06,food,17.33
t5159,2025-09-07,travel,292.32
t7595,2025-01-15,retail,154.23
t6977,2025-07-03,food,36.7
t3424,2025-02-02,retail,108.77
t8200,2025-05-08,retail,122.31
t2410,2025-07-07,gas,34.68
t3213,2025-08-17,utilities,118.22
t5367,2025-10-05,gas,51.57
t8941,2025-04-13,entertainment,112.17
t6594,2025-08-24,entertainment,126.01
t2896,2025-08-25,food,27.87
t10494,2025-09-30,retail,82.13
t11048,2025-09-25,gas,41.13
t3643,2025-05-23,retail,107.81
t8857,2025-03-14,utilities,155.86
t10065,2025-05-17,gas,69.27
t11625,2025-01-06,entertainment,45.96
a175,2025-06-19,other,1228.52
a127,2025-05-09,gas,995.85
t5452,2025-04-04,utilities,197.32
t7161,2025-06-05,gas,62.63
t7867,2025-04-04,retail,5.0
t2744,2025-04-11,food,25.91
t4959,2025-10-17,retail,7.59
t6475,2025-06-10,travel,25.0
t7889,2025-09-04,food,14.03
t493,2025-01-10,food,24.78
t1117,2025-08-14,retail,135.34
t5638,2025-08-27,food,32.31
t10531,2025-07-15,food,34.58
a83,2025-03-19,food,502.99
t8901,2025-09-03,utilities,84.59
t10323,2025-03-26,gas,40.93
t6590,2025-04-19,retail,80.65
t10873,2025-10-19,retail,93.03
t7558,2025-06-13,gas,76.91
t9603,2025-02-28,retail,88.44
t5242,2025-08-09,retail,155.22
t11084,2025-02-10,gas,39.42
t2784,2025-03-17,retail,85.07
t8846,2025-04-16,gas,29.55
t1697,2025-06-26,travel,308.04
t5686,2025-06-21,food,33.58
t2296,2025-09-21,entertainment,25.67
t5940,2025-08-20,travel,602.74
t7764,2025-10-13,other,142.94
t3314,2025-07-22,food,26.83
t4782,2025-10-17,food,31.26
t8351,2025-02-16,retail,177.71
t8952,2025-07-07,gas,55.81
t7606,2025-09-03,gas,89.77
t216,2025-08-15,retail,179.32
t6708,2025-09-15,retail,31.97
t9888,2025-01-09,food,27.65
t10952,2025-04-06,other,107.88
t3484,2025-08-06,food,9.8
t7007,2025-04-13,entertainment,97.87
t5103,2025-05-17,gas,76.04
t6600,2025-08-10,utilities,220.8
t3765,2025-08-22,food,24.91
t6411,2025-02-19,food,9.32
t9108,2025-01-02,entertainment,28.93
t26,2025-07-10,retail,138.78
t7660,2025-04-29,travel,457.3
t11445,2025-08-18,food,27.77
t11037,2025-05-29,gas,21.44
t10335,2025-03-05,food,28.76
t6684,2025-03-06,food,50.86
t9870,2025-04-05,retail,98.93
t9276,2025-01-03,utilities,129.39
t11576,2025-04-03,entertainment,73.47
t9939,2025-05-12,food,28.33
t1103,2025-04-05,utilities,188.05
t3277,2025-07-02,utilities,81.16
t5346,2025-05-10,food,29.84
t10880,2025-08-25,travel,394.04
t8387,2025-04-07,food,23.79
t8723,2025-02-22,gas,71.66
a231,2025-09-25,retail,1166.02
t2208,2025-07-18,food,21.05
t4553,2025-07-25,entertainment,73.59
t4403,2025-02-10,gas,57.07
t7396,2025-10-09,utilities,135.7
t3719,2025-02-08,food,41.86
t973,2025-08-22,entertainment,41.19
t4580,2025-08-04,retail,48.08
t6517,2025-05-24,gas,56.39
t720,2025-08-17,retail,186.04
t6156,2025-03-06,retail,199.09
t11315,2025-07-13,retail,138.88
t2804,2025-10-26,food,19.72
t2567,2025-01-02,travel,682.6
t4026,2025-05-27,entertainment,88.95
t6199,2025-03-01,retail,5.0
t8225,2025-09-30,entertainment,73.7
t10594,2025-03-24,utilities,182.19
t4064,2025-04-05,utilities,121.09
t2793,2025-06-09,other,105.04
t2223,2025-01-21,retail,86.64
t5819,2025-05-17,entertainment,95.67
t3867,2025-09-27,gas,59.07
t8695,2025-07-10,retail,9.4
t10390,2025-10-05,other,50.67
t3228,2025-03-19,gas,77.36
t4215,2025-01-25,food,34.92
t3924,2025-10-04,food,16.06
t8972,2025-04-03,utilities,149.47
t1402,2025-07-31,entertainment,105.2
t7704,2025-06-20,travel,454.35
t4980,2025-05-07,gas,77.99
t3254,2025-04-30,gas,57.59
t10348,2025-08-15,food,35.92
t2662,2025-05-15,gas,52.79
t2159,2025-05-23,entertainment,11.88
t8579,2025-08-04,retail,158.0
t8089,2025-09-13,food,31.31
t675,2025-07-17,gas,53.2
t9141,2025-03-13,gas,29.16
t7012,2025-10-20,retail,157.94
t8828,2025-08-05,food,42.58
t3842,2025-02-15,retail,69.27
t1816,2025-01-24,retail,72.78
t9988,2025-04-29,gas,87.11
a44,2025-06-23,gas,1498.58
t2101,2025-08-10,food,46.07
t10567,2025-04-29,gas,44.38
t6709,2025-05-22,other,42.24
t1674,2025-07-25,food,25.68
t4214,2025-10-24,utilities,137.29
t8740,2025-02-16,food,28.88
t1549,2025-06-08,entertainment,63.27
t8688,2025-01-04,retail,31.35
t8548,2025-09-17,retail,72.91
t5185,2025-01-20,utilities,170.28
t1462,2025-04-15,other,130.36
t11653,2025-04-23,other,143.12
t3221,2025-05-04,other,18.14
t10984,2025-03-20,utilities,79.51
t7171,2025-08-03,gas,30.72
t7431,2025-05-22,utilities,221.54
t1752,2025-01-05,food,26.01
t3977,2025-07-17,utilities,147.41
t8354,2025-07-16,food,20.05
t1773,2025-01-06,other,71.01
t2017,2025-09-07,gas,35.59
t2006,2025-01-17,food,29.93
t3894,2025-09-03,other,60.39
t3238,2025-07-26,other,134.73
t4425,2025-07-19,utilities,113.19
t8589,2025-03-21,retail,138.57
t2258,2025-02-01,retail,41.19
t4073,2025-05-09,entertainment,107.34
t5575,2025-01-29,retail,136.9
t11405,2025-03-18,other,107.46
t5356,2025-07-02,entertainment,54.42
t8419,2025-06-13,food,47.24
t6094,2025-07-04,food,40.97
t7936,2025-02-13,gas,53.7
t9724,2025-08-20,other,88.31
t1520,2025-07-06,gas,25.83
t9814,2025-09-05,food,21.92
t1379,2025-05-09,retail,16.73
t5673,2025-08-14,retail,123.93
t2588,2025-05-15,food,46.11
t11715,2025-05-13,food,26.39
t5622,2025-01-18,entertainment,75.24
t9484,2025-06-18,food,39.29
t9886,2025-06-12,retail,111.69
t5843,2025-07-02,other,82.45
t7123,2025-06-01,travel,676.74
t5833,2025-08-13,retail,120.45
t4889,2025-08-03,food,27.5
t5905,2025-09-25,food,22.96
t523,2025-10-08,food,28.82
t8044,2025-04-25,other,101.03
t3608,2025-06-16,other,56.55
t235,2025-09-21,other,125.94
t3797,2025-06-30,food,21.82
t6319,2025-07-13,gas,87.78
t7095,2025-02-27,other,77.01
t1949,2025-06-25,entertainment,77.41
t6362,2025-03-26,food,30.0
t11277,2025-07-14,food,14.49
t6092,2025-09-07,food,19.19
t10895,2025-07-08,gas,74.51
t2225,2025-05-16,utilities,169.9
t5572,2025-06-29,other,80.33
t4524,2025-08-13,entertainment,68.62
t5794,2025-08-13,other,96.6
t10538,2025-09-25,retail,88.78
t5739,2025-04-29,utilities,163.25
t2625,2025-04-23,retail,166.22
t4729,2025-09-18,utilities,126.75
t7819,2025-05-28,utilities,118.39
a136,2025-09-21,travel,4913.37
t10934,2025-03-07,entertainment,53.86
t10164,2025-03-29,food,17.22
t2438,2025-10-03,entertainment,79.99
t6057,2025-06-06,other,120.49
t6353,2025-02-12,retail,49.44
t3168,2025-10-11,food,18.46
t1810,2025-03-24,entertainment,70.83
t9719,2025-02-06,retail,149.8
t7162,2025-02-07,food,23.97
t5087,2025-03-12,gas,54.59
t9674,2025-07-29,gas,51.41
t7017,2025-03-16,utilities,20.0
t9369,2025-08-12,utilities,96.55
t4946,2025-07-13,food,33.94
t6047,2025-05-10,food,17.1
t11105,2025-04-12,entertainment,65.17
t6920,2025-08-12,retail,67.48
t5591,2025-01-28,food,32.4
t7227,2025-06-21,gas,69.01
t1229,2025-01-17,other,28.26
t9258,2025-09-19,gas,48.62
t6847,2025-01-06,food,36.26
t8245,2025-06-02,entertainment,18.86
t6556,2025-03-05,retail,108.81
t160,2025-09-21,gas,63.04
t1590,2025-02-18,retail,115.52
a47,2025-10-13,gas,4996.42
t11378,2025-03-11,entertainment,49.45
t11357,2025-06-17,food,27.03
t11194,2025-04-26,utilities,108.75
t6688,2025-02-16,gas,74.44
t11207,2025-02-07,travel,237.16
t9051,2025-10-15,gas,53.22
t7481,2025-07-01,gas,79.79
t11108,2025-01-31,retail,226.71
t1557,2025-01-30,retail,132.46
t2829,2025-03-16,gas,80.51
t437,2025-03-27,gas,27.13
t5790,2025-03-28,entertainment,49.71
t11040,2025-05-04,food,31.33
t1589,2025-05-03,retail,93.4
t7399,2025-10-21,retail,62.2
t2781,2025-06-03,food,23.73
t10770,2025-08-10,gas,55.78
t5687,2025-06-06,entertainment,53.44
t3966,2025-04-02,food,28.74
t4728,2025-02-11,utilities,139.09
t1239,2025-03-17,food,18.14
t2952,2025-04-21,retail,134.26
t10968,2025-02-19,gas,40.99
t9287,2025-01-18,retail,27.27
t1498,2025-07-31,food,25.71
t6466,2025-03-19,retail,84.46
t7356,2025-03-09,entertainment,36.21
t7824,2025-03-18,utilities,157.1
t7548,2025-05-21,other,77.97
t7914,2025-07-25,retail,111.83
t11052,2025-01-25,food,22.74
t5186,2025-02-09,travel,397.43
t5648,2025-05-18,gas,44.39
t11270,2025-02-01,retail,186.97
t5243,2025-04-06,utilities,109.1
t2131,2025-06-06,retail,120.43
t2093,2025-08-17,food,20.51
t5410,2025-10-14,retail,7.82
t188,2025-07-10,gas,40.42
t7939,2025-08-06,entertainment,73.44
t3656,2025-02-18,other,16.44
t3427,2025-03-03,food,16.24
t9216,2025-09-13,entertainment,70.74
t1382,2025-09-09,retail,138.71
t9384,2025-02-11,utilities,204.72
t8606,2025-01-31,travel,687.65
t7428,2025-06-07,food,17.33
t5038,2025-07-16,retail,73.42
t4898,2025-01-16,retail,142.24
t3176,2025-08-04,utilities,192.68
t9579,2025-01-06,food,5.79
t8449,2025-10-18,entertainment,79.96
a117,2025-08-19,entertainment,707.38
t11162,2025-06-18,food,11.34
t2236,2025-03-20,utilities,106.89
t8069,2025-01-27,travel,594.64
t4237,2025-01-11,travel,517.91
t8917,2025-02-12,retail,167.81
t9944,2025-05-29,food,9.84
t25,2025-06-22,retail,89.09
t3364,2025-09-06,retail,94.82
t1089,2025-10-25,food,10.25
t8734,2025-03-16,other,107.57
t10979,2025-03-20,retail,112.59
t2842,2025-08-09,utilities,83.01
t7538,2025-01-31,retail,115.84
t7471,2025-09-06,food,30.77
t11177,2025-01-21,utilities,113.53
t4153,2025-09-25,retail,66.31
t696,2025-04-15,retail,99.62
t11006,2025-01-01,food,24.16
t6338,2025-03-15,retail,153.87
t1228,2025-04-28,food,21.46
t2000,2025-03-15,other,118.19
t277,2025-06-25,retail,123.42
t5930,2025-10-16,entertainment,39.03
t2954,2025-05-06,retail,35.6
t3638,2025-09-28,other,145.85
t3907,2025-03-15,food,33.27
t4779,2025-03-09,food,38.82
t5846,2025-08-29,food,25.11
t11636,2025-09-26,food,30.52
t4118,2025-02-27,utilities,175.9
t1138,2025-07-06,retail,118.22
t2768,2025-07-08,retail,116.76
t8183,2025-05-18,other,37.6
t9533,2025-07-20,entertainment,117.18
t7662,2025-01-17,entertainment,92.18
t8936,2025-05-26,gas,55.78
t2491,2025-03-05,retail,104.03
t11615,2025-04-13,food,21.45
t7743,2025-02-22,retail,155.09
t3936,2025-06-02,food,21.59
t2385,2025-06-12,food,26.71
t8017,2025-01-27,utilities,91.49
t7085,2025-07-10,retail,60.9
t116,2025-09-28,other,60.41
t1864,2025-08-21,other,131.93
t3120,2025-01-13,food,9.25
t4259,2025-04-06,retail,205.3
t11072,2025-05-10,food,40.23
t2820,2025-07-27,food,21.31
t9162,2025-06-06,gas,65.02
t9026,2025-06-05,travel,820.2
t10896,2025-06-26,gas,77.36
t4700,2025-10-13,other,104.52
t3803,2025-05-17,food,34.62
t6069,2025-04-04,food,21.46
t3537,2025-07-19,entertainment,49.28
t3826,2025-03-02,retail,63.46
t6643,2025-08-18,retail,122.0
t10366,2025-01-11,food,27.23
t1947,2025-09-30,retail,100.43
t10470,2025-08-08,food,53.04
t9172,2025-03-24,food,23.88
t10004,2025-09-22,retail,117.27
t7270,2025-04-24,other,98.69
t9378,2025-02-27,food,33.36
t7930,2025-01-06,travel,242.06
t7167,2025-06-07,retail,170.01
t6964,2025-06-19,food,37.6
t5868,2025-01-04,food,13.86
t4762,2025-10-02,retail,186.53
t883,2025-01-31,food,23.05
t558,2025-08-01,entertainment,87.8
t9738,2025-08-06,retail,5.0
t1208,2025-05-19,utilities,102.55
t7685,2025-09-06,entertainment,20.73
t9286,2025-04-02,gas,97.03
t6539,2025-06-10,food,9.81
t3212,2025-02-23,entertainment,5.0
t3631,2025-03-28,retail,5.0
t1709,2025-01-05,gas,48.99
t8459,2025-04-18,utilities,125.2
t1141,2025-02-07,retail,105.34
t3163,2025-02-14,retail,89.1
t6208,2025-01-05,entertainment,97.24
t3731,2025-09-26,food,9.26
t2661,2025-04-19,entertainment,65.15
t8849,2025-09-14,food,5.83
t1308,2025-05-30,retail,117.12
t2568,2025-10-20,travel,496.82
t2835,2025-09-17,entertainment,21.47
t11483,2025-01-24,gas,37.07
t2152,2025-07-13,other,48.15
t9376,2025-10-19,retail,128.06
t3836,2025-05-01,food,38.07
t11633,2025-05-21,retail,90.92
t9212,2025-07-24,gas,70.9
t9860,2025-01-14,food,41.1
t5005,2025-07-14,entertainment,44.84
t6627,2025-10-27,utilities,199.83
t1628,2025-09-30,food,32.85
t9610,2025-09-10,utilities,114.32
a8,2025-09-08,travel,5656.54
t359,2025-08-20,entertainment,64.23
t139,2025-07-23,retail,5.0
t8492,2025-02-17,retail,93.86
t383,2025-04-25,food,35.2
a99,2025-08-10,utilities,1496.22
t4858,2025-04-04,entertainment,85.73
t11146,2025-01-22,entertainment,72.01
t1440,2025-10-17,retail,132.0
t947,2025-09-12,entertainment,88.21
t5499,2025-06-06,retail,84.44
t4917,2025-01-29,retail,115.28
t8557,2025-06-07,food,19.81
t1933,2025-06-22,retail,58.12
t2353,2025-07-12,food,36.91
t3237,2025-08-25,gas,63.06
t9930,2025-05-02,food,16.71
t3808,2025-07-27,gas,42.86
t1937,2025-02-02,entertainment,23.8
t11661,2025-03-09,entertainment,89.37
t4155,2025-09-01,entertainment,52.28
t2417,2025-01-17,other,11.95
t9199,2025-07-09,food,35.68
t6140,2025-02-22,entertainment,52.82
t786,2025-04-24,travel,331.08
t6790,2025-02-06,travel,786.57
t8037,2025-06-09,food,26.21
t8316,2025-08-26,entertainment,91.91
t11350,2025-08-20,travel,370.67
t5669,2025-03-14,food,30.42
t2173,2025-01-27,retail,65.72
t2170,2025-07-09,food,15.53
t6629,2025-07-10,utilities,125.04
t4010,2025-05-11,other,94.66
t4341,2025-02-23,other,42.73
t911,2025-10-24,food,37.28
t6269,2025-09-01,retail,116.8
t2310,2025-09-11,utilities,198.97
t6592,2025-07-31,gas,94.73
t4459,2025-08-28,food,30.79
t7598,2025-08-24,utilities,157.87
t9480,2025-04-30,retail,62.01
t11195,2025-09-02,food,24.72
t4653,2025-09-08,other,67.83
t6219,2025-01-22,food,37.16
t443,2025-02-16,entertainment,82.96
t3416,2025-02-04,utilities,165.53
t10488,2025-10-26,utilities,242.4
t9211,2025-05-30,gas,61.66
t9418,2025-02-28,gas,70.58
t5745,2025-01-01,food,18.7
t1055,2025-10-01,entertainment,62.58
t3700,2025-06-30,retail,124.65
t930,2025-01-20,travel,315.62
t6469,2025-03-12,retail,5.0
t8768,2025-04-06,retail,174.39
t1830,2025-07-22,retail,133.76
t9293,2025-10-02,gas,27.61
t9891,2025-06-14,other,117.4
t2012,2025-10-23,food,45.6
t914,2025-04-08,retail,116.72
t7612,2025-04-14,retail,152.29
t11413,2025-05-17,retail,145.21
t9255,2025-03-16,food,40.27
t2607,2025-04-14,entertainment,61.08
t4929,2025-04-08,gas,42.09
t6565,2025-03-17,food,23.96
t9773,2025-09-08,utilities,101.23
t7,2025-09-24,food,29.91
t7836,2025-09-29,entertainment,106.23
t6584,2025-03-20,retail,235.45
t3362,2025-05-15,gas,37.62
t9371,2025-08-20,entertainment,89.04
t1636,2025-10-26,food,31.93
t1142,2025-02-18,food,33.71
t360,2025-09-28,other,37.22
t2071,2025-08-28,food,41.36
t3135,2025-02-16,gas,32.13
t5161,2025-02-09,food,9.15
t6991,2025-01-14,retail,95.07
t3244,2025-08-15,retail,87.53
t2243,2025-07-31,gas,66.21
t1475,2025-06-19,retail,98.96
t10297,2025-07-02,other,75.61
t3260,2025-08-24,gas,71.02
t4021,2025-08-18,retail,71.86
t10593,2025-01-28,gas,72.28
t8567,2025-03-08,food,18.98
t3501,2025-08-06,other,70.7
t2659,2025-01-12,gas,54.31
t10132,2025-02-15,travel,491.54
t1131,2025-03-24,gas,53.1
t1820,2025-10-01,utilities,132.66
t7462,2025-05-14,travel,549.99
t9427,2025-09-09,food,36.38
t9394,2025-03-26,retail,129.67
t9802,2025-03-05,entertainment,54.13
t7065,2025-07-15,retail,96.58
t4319,2025-06-11,food,29.45
t4670,2025-07-11,food,27.04
t5477,2025-04-19,gas,58.58
a42,2025-08-01,utilities,1590.97
t11015,2025-07-22,travel,322.66
t1857,2025-08-21,entertainment,110.16
t2283,2025-03-09,food,49.95
t10433,2025-05-08,food,48.44
t4009,2025-01-01,travel,524.85
t6402,2025-03-19,other,91.54
a149,2025-01-26,gas,2000.33
t11120,2025-06-19,utilities,105.57
t387,2025-09-03,other,91.38
t1629,2025-05-27,utilities,137.69
t10106,2025-10-02,entertainment,60.93
t11183,2025-03-27,gas,54.2
t7719,2025-09-06,gas,60.25
t9231,2025-03-18,retail,137.26
a201,2025-01-16,entertainment,1366.76
t1843,2025-02-27,other,102.53
t2498,2025-08-05,food,24.61
t202,2025-03-26,gas,49.6
t9643,2025-08-09,food,25.61
t3869,2025-06-01,food,41.39
t5055,2025-09-27,entertainment,138.82
t5890,2025-06-12,gas,44.31
t2703,2025-08-19,retail,125.09
t7923,2025-03-08,utilities,140.44
t332,2025-06-06,gas,44.01
t3809,2025-02-16,other,75.07
t936,2025-09-07,food,39.16
t1775,2025-09-27,utilities,78.87
t9459,2025-07-07,food,21.22
t8612,2025-07-08,retail,46.17
t10969,2025-01-18,other,102.07
t990,2025-03-05,entertainment,136.6
t5444,2025-08-02,retail,104.87
t10337,2025-04-24,gas,56.58
t6994,2025-08-10,food,34.62
t10618,2025-06-15,gas,50.47
t5807,2025-03-21,other,109.8
t10483,2025-03-03,other,58.78
t10439,2025-09-21,other,50.74
t6575,2025-02-26,retail,7.74
t3053,2025-01-10,retail,98.68
t10361,2025-03-02,food,40.85
t8366,2025-09-04,retail,69.2
t4616,2025-04-12,entertainment,93.51
t3322,2025-09-08,gas,51.58
t9130,2025-10-23,entertainment,5.0
t6247,2025-06-15,retail,97.63
t6049,2025-03-24,retail,100.65
t3312,2025-09-22,entertainment,95.17
t9350,2025-07-21,entertainment,100.14
t11251,2025-08-01,retail,54.59
t8211,2025-07-05,gas,78.28
t3629,2025-02-27,gas,53.74
t10630,2025-04-21,entertainment,92.01
t1357,2025-03-24,travel,162.99
t5003,2025-05-16,other,28.48
t11630,2025-01-05,food,23.7
t5824,2025-10-19,utilities,105.75
t11400,2025-06-30,retail,48.99
t5671,2025-04-12,food,4.0
t3113,2025-01-13,retail,156.05
t183,2025-02-17,utilities,180.16
t10625,2025-07-17,utilities,153.35
t856,2025-05-05,food,34.93
t10691,2025-05-02,utilities,212.42
t4913,2025-01-16,retail,49.09
t10241,2025-03-03,gas,35.7
t1801,2025-05-05,food,22.59
t11100,2025-04-30,utilities,115.78
t5483,2025-06-02,utilities,34.89
t10000,2025-03-01,gas,51.38
t1969,2025-07-05,gas,66.04
t9993,2025-07-06,other,134.02
t9780,2025-08-03,entertainment,106.5
t4698,2025-04-06,food,32.41
t4988,2025-01-18,retail,107.88
t4651,2025-02-28,entertainment,8.73
t1160,2025-06-26,utilities,94.75
t9305,2025-01-11,food,16.26
t1326,2025-02-17,food,26.14
t9451,2025-07-10,travel,471.47
t4797,2025-01-11,utilities,75.32
t6797,2025-06-26,food,33.04
t5809,2025-02-26,retail,121.61
a80,2025-06-15,food,754.27
t1456,2025-07-03,gas,41.01
t5411,2025-01-18,food,9.77
t8334,2025-02-16,food,31.88
t2801,2025-07-03,utilities,91.74
t7617,2025-06-20,food,17.46
t10731,2025-07-12,gas,70.64
t7816,2025-10-14,gas,65.0
t4379,2025-05-02,travel,393.92
t8922,2025-08-05,retail,163.57
t9554,2025-01-26,food,24.77
t6717,2025-01-25,travel,1087.7
t3737,2025-06-14,retail,83.97
t2262,2025-01-30,food,25.35
t7430,2025-06-08,food,25.48
t4006,2025-03-27,gas,69.45
t2395,2025-09-05,gas,84.29
t1186,2025-08-26,entertainment,89.71
t2008,2025-10-04,retail,194.75
t194,2025-04-05,entertainment,94.26
t8771,2025-03-12,food,29.55
t5526,2025-05-14,other,93.9
t772,2025-03-02,other,72.79
t1479,2025-03-05,entertainment,47.2
t1847,2025-02-03,travel,504.04
t3741,2025-09-28,entertainment,51.15
t7987,2025-09-21,gas,40.3
t406,2025-05-01,retail,141.42
t11443,2025-05-07,food,19.78
t10253,2025-07-07,food,19.04
t6318,2025-09-24,utilities,110.04
t6582,2025-05-19,utilities,111.08
t1448,2025-03-05,gas,69.89
t343,2025-03-05,entertainment,55.76
t7469,2025-03-07,travel,519.27
t728,2025-01-01,retail,90.71
t4578,2025-02-03,utilities,154.47
t3517,2025-05-30,gas,58.29
t10664,2025-09-09,retail,55.83
t9683,2025-10-04,entertainment,49.79
t7157,2025-08-22,utilities,153.36
t7852,2025-02-25,gas,91.04
t1349,2025-05-13,food,34.92
t661,2025-09-15,food,29.97
t1493,2025-09-08,food,20.15
t10225,2025-09-27,food,23.16
t5155,2025-09-23,retail,182.16
a57,2025-08-09,retail,1310.2
t2525,2025-03-17,gas,54.85
t9253,2025-06-10,entertainment,82.3
t10159,2025-05-06,retail,48.89
t5375,2025-02-03,gas,76.34
t3199,2025-03-01,other,62.59
t5718,2025-08-30,travel,411.55
t9150,2025-08-21,food,29.0
t10911,2025-05-27,utilities,247.03
t9867,2025-06-11,retail,95.57
t8260,2025-02-03,food,24.06
t9652,2025-07-31,other,81.51
t41,2025-03-21,food,38.52
t10601,2025-07-25,entertainment,83.95
t6817,2025-04-13,retail,94.45
t9233,2025-10-25,travel,25.0
t9795,2025-03-04,travel,303.4
t2724,2025-03-09,retail,81.72
a184,2025-08-28,utilities,1722.64
t10284,2025-08-20,gas,67.68
t11681,2025-04-10,utilities,139.44
t7156,2025-09-25,retail,135.16
t9229,2025-01-15,food,29.14
t11062,2025-09-10,utilities,133.69
t7231,2025-03-06,food,22.44
t5076,2025-10-12,gas,69.21
t7881,2025-07-29,gas,53.11
t5395,2025-07-03,utilities,42.03
t10255,2025-03-04,entertainment,103.72
t7790,2025-09-28,food,12.48
t11202,2025-01-16,retail,154.07
t4089,2025-02-23,retail,31.3
t1968,2025-03-12,food,34.53
t10779,2025-02-06,entertainment,23.25
t10560,2025-02-16,entertainment,55.63
t11508,2025-05-02,entertainment,81.65
t7000,2025-07-10,retail,145.12
t424,2025-09-14,gas,72.04
t11116,2025-01-12,gas,42.65
t11403,2025-09-23,food,29.27
t10286,2025-07-25,food,30.77
t6143,2025-05-26,other,133.78
t5662,2025-06-29,travel,375.37
t9032,2025-04-15,other,72.18
t4597,2025-10-21,food,24.51
t2660,2025-07-08,entertainment,5.0
t142,2025-10-07,food,11.87
t2598,2025-03-10,retail,160.48
t6702,2025-10-26,other,67.87
t1378,2025-06-15,gas,39.18
t3675,2025-04-01,travel,376.58
a114,2025-05-28,travel,4995.78
t6363,2025-02-22,gas,33.46
t11232,2025-06-07,utilities,129.55
t4742,2025-03-30,retail,194.29
t1139,2025-09-22,food,21.23
t7375,2025-09-22,food,11.6
t1788,2025-02-26,entertainment,99.93
t9640,2025-02-06,retail,21.01
t4647,2025-02-05,utilities,88.63
t7569,2025-10-23,food,20.43
t460,2025-02-14,travel,284.98
t6116,2025-03-21,other,140.64
t8180,2025-07-23,gas,32.52
t949,2025-03-01,food,34.01
t6371,2025-09-30,other,65.17
t4629,2025-02-07,travel,231.71
t7359,2025-04-30,food,27.09
t5926,2025-03-27,food,25.94
t6041,2025-05-28,food,34.34
t442,2025-09-23,utilities,67.09
t6660,2025-04-01,other,47.71
t8832,2025-01-27,food,21.39
t9047,2025-09-10,utilities,160.62
t3831,2025-05-03,entertainment,62.26
t11271,2025-03-13,food,12.07
t6145,2025-07-03,food,26.61
t10851,2025-06-03,travel,214.1
t6345,2025-03-15,other,60.76
t1959,2025-10-08,retail,174.81
t156,2025-05-17,entertainment,30.58
t9568,2025-08-09,food,9.15
t4579,2025-03-24,food,11.43
t1090,2025-01-10,food,8.83
t6050,2025-02-25,entertainment,113.09
t10981,2025-02-24,retail,204.97
t9123,2025-07-07,retail,68.57
t7951,2025-09-24,food,41.14
t1675,2025-09-05,gas,49.67
t6764,2025-09-25,gas,85.94
t10052,2025-02-04,food,20.56
t6417,2025-08-13,other,31.54
t11472,2025-01-09,food,28.12
t2327,2025-04-22,utilities,181.63
t7097,2025-08-28,other,134.31
t10299,2025-10-17,entertainment,62.06
t9452,2025-10-23,utilities,85.24
t6451,2025-06-17,food,25.35
t1716,2025-06-15,food,44.54
t9173,2025-03-05,gas,56.87
t8382,2025-05-10,entertainment,74.54
t3832,2025-09-08,food,14.67
t6300,2025-10-10,utilities,140.15
t3349,2025-07-06,food,22.69
t11418,2025-01-05,other,106.11
t9178,2025-07-14,other,64.67
t588,2025-07-11,food,48.01
t11422,2025-06-26,retail,129.37
t2991,2025-03-27,retail,83.03
t11380,2025-07-09,food,24.86
t9492,2025-06-27,utilities,79.25
t10640,2025-10-20,gas,74.04
t265,2025-03-07,gas,48.17
t9514,2025-03-15,retail,41.73
t6789,2025-08-04,gas,76.64
t10208,2025-04-29,food,34.33
t3865,2025-07-05,travel,676.65
t6275,2025-07-25,other,33.7
t11760,2025-03-18,utilities,131.58
t3712,2025-01-21,food,17.77
t8439,2025-05-30,food,46.9
t1530,2025-07-31,food,14.07
t9847,2025-09-15,gas,75.46
t924,2025-06-24,gas,74.34
t9437,2025-08-31,utilities,160.51
t7330,2025-08-16,utilities,52.82
t4365,2025-09-12,gas,57.02
t670,2025-04-29,entertainment,51.07
t3605,2025-10-13,utilities,126.78
t5109,2025-05-14,retail,151.87
t10800,2025-10-26,food,13.84
t5249,2025-06-16,food,27.04
t7184,2025-08-04,food,28.98
t2592,2025-03-19,entertainment,40.39
t5907,2025-06-29,retail,108.03
t6510,2025-09-29,food,34.25
t7134,2025-10-07,retail,134.97
t2308,2025-04-01,food,44.03
t8805,2025-03-26,travel,268.68
t3691,2025-10-04,other,27.95
t688,2025-09-17,entertainment,69.91
t613,2025-02-25,entertainment,119.93
t7168,2025-08-06,other,100.97
t9487,2025-08-17,gas,75.07
t3201,2025-08-14,other,108.37
t6630,2025-07-04,food,12.92
t4136,2025-03-31,other,4.42
t1899,2025-08-15,retail,112.2
t283,2025-02-11,retail,93.33
t259,2025-02-04,retail,90.25
t11307,2025-06-16,retail,131.04
t4944,2025-07-16,retail,128.34
t2823,2025-08-29,other,105.3
t3526,2025-07-31,entertainment,127.71
t11588,2025-01-15,food,18.85
t5224,2025-02-19,food,41.59
t2286,2025-10-01,entertainment,91.82
t6064,2025-04-20,entertainment,36.72
t8079,2025-07-28,gas,69.84
t4655,2025-07-06,food,29.1
t5001,2025-08-22,other,102.63
t6711,2025-04-03,food,32.36
t11188,2025-03-24,retail,149.2
t8677,2025-07-01,utilities,196.95
t5417,2025-07-23,retail,50.5
t476,2025-01-08,food,15.87
t2556,2025-03-24,utilities,78.46
t8088,2025-08-28,travel,965.59
t8,2025-01-20,entertainment,63.63
t6412,2025-08-23,retail,56.11
t10990,2025-01-11,entertainment,107.08
t10690,2025-03-12,utilities,181.93
t5547,2025-09-10,food,29.39
t2427,2025-02-09,food,21.28
t6745,2025-08-22,food,28.91
t11551,2025-09-15,travel,322.71
t2275,2025-09-30,food,42.13
t9204,2025-04-27,entertainment,94.96
t1578,2025-05-29,utilities,118.21
t7265,2025-05-03,retail,148.37
t9260,2025-09-06,gas,56.46
t3971,2025-06-08,entertainment,70.42
t5880,2025-07-04,food,21.46
t10101,2025-03-30,food,31.17
a26,2025-06-18,other,1737.85
t7194,2025-01-10,food,10.94
t3868,2025-07-01,retail,9.11
t11672,2025-02-18,food,27.71
t6824,2025-08-02,retail,129.21
t7549,2025-09-08,utilities,163.54
t782,2025-10-18,entertainment,88.82
t1750,2025-01-16,entertainment,73.97
t6520,2025-07-28,other,125.63
t5775,2025-07-09,utilities,188.07
t9284,2025-03-23,other,57.24
t2325,2025-06-21,food,55.91
t5056,2025-03-31,gas,43.36
t10813,2025-08-28,gas,57.69
t1728,2025-07-27,other,113.06
t611,2025-03-11,gas,60.78
t4667,2025-01-08,gas,68.8
t5414,2025-06-23,other,77.55
t8104,2025-08-05,food,32.55
t8175,2025-01-20,entertainment,52.79
t8536,2025-07-21,retail,160.55
t3751,2025-04-14,other,76.66
t98,2025-04-23,gas,53.35
t6986,2025-09-24,food,32.52
t3138,2025-09-23,food,32.5
t1538,2025-01-06,gas,82.1
t3649,2025-01-09,retail,5.0
t1518,2025-03-23,gas,41.74
t11219,2025-04-06,utilities,127.07
t4625,2025-05-23,retail,126.95
t6567,2025-04-04,other,64.75
t2091,2025-10-23,travel,457.29
t7098,2025-05-29,food,23.28
t6172,2025-07-07,food,30.44
t7522,2025-05-18,utilities,165.73
t573,2025-08-27,retail,104.58
t10876,2025-01-28,travel,736.59
t3063,2025-04-20,food,17.48
t598,2025-08-12,food,36.91
t6634,2025-07-22,retail,48.45
t11501,2025-02-10,retail,96.17
t7876,2025-07-14,gas,58.19
t7346,2025-09-09,retail,176.23
t6305,2025-04-12,retail,69.05
t9639,2025-01-20,utilities,114.55
t11326,2025-04-18,utilities,155.56
t5977,2025-02-10,retail,171.36
t8563,2025-09-11,gas,42.26
t1939,2025-06-06,gas,66.44
t8101,2025-05-21,travel,535.17
t1754,2025-07-04,food,19.88
t3671,2025-07-01,other,70.74
t9645,2025-01-26,entertainment,71.73
t2362,2025-05-18,food,29.02
t4261,2025-10-27,gas,50.14
t5433,2025-02-05,utilities,113.61
t6286,2025-07-16,travel,238.86
t9461,2025-07-06,gas,71.44
t11355,2025-05-18,retail,76.32
t9415,2025-09-25,food,6.45
t10261,2025-08-05,other,116.45
t9947,2025-04-12,retail,118.36
t5592,2025-01-19,travel,528.72
t1172,2025-04-11,food,25.63
t7928,2025-08-03,retail,101.4
t9662,2025-10-24,retail,130.35
t11220,2025-09-07,gas,39.86
t11432,2025-05-31,food,9.06
t10989,2025-02-05,gas,75.15
t875,2025-05-22,utilities,96.53
t2298,2025-07-27,food,8.46
t11160,2025-02-16,food,23.07
t2644,2025-07-24,food,20.51
t5348,2025-09-06,gas,42.58
t9033,2025-03-14,gas,43.33
a159,2025-04-02,food,286.77
t582,2025-02-20,other,43.82
t205,2025-03-13,gas,70.67
t7897,2025-10-22,other,47.22
t2015,2025-09-15,gas,59.45
t906,2025-01-29,travel,455.83
t632,2025-09-08,utilities,97.21
t8462,2025-06-16,retail,75.25
t10982,2025-08-31,other,110.87
t1975,2025-03-15,gas,66.66
t163,2025-09-14,food,24.84
t4999,2025-02-03,food,18.88
t4714,2025-03-18,gas,31.92
t9068,2025-04-04,food,37.28
t1432,2025-04-09,retail,99.67
t6869,2025-07-12,food,29.51
t10958,2025-06-17,gas,56.79
t7711,2025-07-18,retail,152.55
t7737,2025-04-21,gas,44.04
t4284,2025-10-08,gas,27.88
t7532,2025-07-18,retail,54.17
t9559,2025-02-15,entertainment,73.49
t3385,2025-03-16,food,47.2
t11475,2025-08-01,entertainment,50.93
t9751,2025-07-08,utilities,111.73
t10001,2025-07-14,entertainment,77.43
t7463,2025-02-06,other,140.18
t3332,2025-06-26,entertainment,42.47
t6405,2025-01-11,utilities,174.78
t8896,2025-07-13,retail,222.13
t2097,2025-08-10,gas,21.94
t10075,2025-08-23,gas,39.28
t8000,2025-02-12,other,123.72
t5018,2025-04-08,retail,75.1
t8739,2025-05-21,travel,465.82
t1450,2025-02-17,gas,54.21
t6901,2025-08-07,gas,49.68
t2611,2025-10-24,retail,51.15
t1901,2025-05-14,food,17.81
t8187,2025-09-28,utilities,57.62
t3921,2025-04-14,food,23.96
t2758,2025-09-30,gas,44.1
t6398,2025-09-30,other,91.52
t10777,2025-05-21,retail,142.78
t2098,2025-04-10,retail,211.01
t8330,2025-03-01,retail,95.84
t11338,2025-03-20,retail,98.96
t5625,2025-06-21,other,114.71
t9029,2025-01-08,food,23.89
t3472,2025-02-11,food,28.41
t8267,2025-07-31,gas,47.2
t2172,2025-02-08,food,29.24
t11073,2025-05-16,entertainment,83.52
t11014,2025-02-15,retail,5.11
t8591,2025-05-16,food,36.07
t2011,2025-06-29,retail,101.32
t11746,2025-05-19,entertainment,103.35
t1284,2025-03-27,gas,43.71
t11520,2025-02-18,food,37.04
t1020,2025-08-14,entertainment,80.27
t8668,2025-05-19,travel,455.78
t2811,2025-03-27,food,14.44
t11036,2025-08-09,other,134.24
t1652,2025-07-11,food,24.47
t11536,2025-02-13,retail,166.07
t1170,2025-02-16,entertainment,68.9
t9399,2025-01-21,food,32.65
t6257,2025-09-01,other,149.02
t5470,2025-07-02,other,111.73
t10474,2025-04-27,retail,103.95
t868,2025-03-21,other,175.52
t5094,2025-01-12,food,22.56
t5434,2025-07-12,food,16.64
t542,2025-04-14,food,34.61
t9325,2025-03-30,food,32.24
a43,2025-06-25,travel,5197.96
t6355,2025-06-17,retail,134.27
t11199,2025-01-26,food,25.61
t3391,2025-03-18,retail,118.62
t9649,2025-04-30,utilities,144.19
a158,2025-06-29,food,749.94
t3960,2025-04-11,gas,73.06
t6644,2025-01-12,retail,139.79
t6842,2025-10-07,other,76.54
t9940,2025-01-02,retail,79.6
t3587,2025-01-27,food,27.73
t9692,2025-05-16,utilities,141.33
t2564,2025-06-20,food,27.22
t5037,2025-09-19,utilities,34.14
t1081,2025-06-05,food,22.8
t5892,2025-06-22,gas,34.1
t4967,2025-03-12,gas,76.56
t2024,2025-09-05,retail,124.93
t10776,2025-02-27,food,21.54
t7910,2025-09-29,entertainment,47.05
t10464,2025-05-17,travel,373.75
t7322,2025-07-28,food,24.63
t227,2025-02-06,other,50.18
t1014,2025-03-20,retail,128.01
t1930,2025-03-13,retail,116.89
t10058,2025-09-12,utilities,229.65
t5252,2025-07-31,food,12.77
t2180,2025-10-17,gas,60.37
t698,2025-10-04,gas,65.61
t1125,2025-02-27,gas,64.73
t7379,2025-04-18,retail,71.83
t9840,2025-03-16,retail,94.1
t5111,2025-01-05,gas,85.06
t7903,2025-04-21,other,46.33
t1779,2025-02-23,gas,63.31
t9572,2025-10-13,utilities,167.13
t2635,2025-03-29,utilities,104.79
t7545,2025-01-28,retail,170.9
t7605,2025-04-07,entertainment,63.65
t3490,2025-05-03,food,24.88
t1038,2025-09-16,entertainment,74.87
t9807,2025-04-22,food,28.24
t8506,2025-03-18,retail,107.58
t2650,2025-05-23,retail,133.9
t2980,2025-04-19,food,38.86
t2548,2025-10-02,retail,99.17
t5133,2025-04-24,gas,50.98
t2160,2025-03-23,entertainment,23.02
t9115,2025-05-12,food,39.76
t6446,2025-07-25,food,12.14
t3968,2025-04-06,utilities,124.51
t1429,2025-05-31,other,78.96
t10092,2025-02-16,food,38.15
t2521,2025-04-26,retail,153.74
t8034,2025-09-08,entertainment,77.36
t11034,2025-06-12,other,70.02
a84,2025-06-07,food,500.9
t449,2025-04-21,gas,65.47
t10173,2025-04-18,retail,89.21
t9477,2025-05-03,other,10.84
t5996,2025-01-17,food,27.03
t11698,2025-07-17,gas,49.88
t3728,2025-07-20,utilities,101.96
t7354,2025-06-03,utilities,208.87
t8554,2025-04-18,retail,86.1
t6280,2025-04-22,travel,556.58
t10720,2025-03-05,entertainment,111.13
t7296,2025-07-10,retail,121.06
t9497,2025-04-21,food,29.25
t6252,2025-08-02,travel,326.09
t5927,2025-04-11,food,20.37
t2461,2025-05-27,entertainment,69.28
t23,2025-03-15,retail,91.93
t2067,2025-06-23,other,94.89
t1654,2025-05-18,other,47.61
t8895,2025-07-22,other,65.93
t8707,2025-02-15,food,25.83
t1377,2025-08-27,retail,55.26
t1725,2025-06-17,retail,128.79
t3755,2025-10-24,food,17.94
t8653,2025-06-20,utilities,137.46
t4184,2025-10-03,gas,74.72
t4083,2025-04-17,retail,137.73
t8475,2025-09-10,food,22.95
t6580,2025-07-09,travel,202.65
t4559,2025-04-01,travel,411.22
t3538,2025-08-13,food,19.66
t7004,2025-01-02,food,37.37
t11362,2025-08-07,retail,47.15
t9869,2025-02-25,retail,162.43
t8790,2025-01-01,other,130.48
t647,2025-02-10,utilities,97.17
t6382,2025-10-06,entertainment,67.89
t7528,2025-06-26,utilities,93.85
t11635,2025-08-19,food,23.26
t7166,2025-07-15,food,36.98
t10139,2025-08-22,travel,677.26
t7698,2025-03-06,food,24.46
t11286,2025-04-08,retail,76.79
t4876,2025-05-15,utilities,129.13
t10303,2025-10-02,food,8.88
t5342,2025-09-19,gas,57.54
t7032,2025-05-07,food,15.46
t2161,2025-01-20,retail,65.08
t686,2025-04-29,other,58.11
t2462,2025-08-13,gas,63.73
t7129,2025-09-25,food,21.39
t6268,2025-08-28,gas,37.66
t4942,2025-03-06,food,23.86
t5947,2025-09-30,entertainment,60.21
t4584,2025-05-13,retail,123.85
t5785,2025-03-01,travel,304.88
t7570,2025-03-31,utilities,93.26
t10215,2025-08-12,entertainment,61.32
t522,2025-09-13,retail,142.8
t8715,2025-02-04,utilities,88.11
t10711,2025-05-27,food,22.93
t3984,2025-01-01,food,16.57
t11471,2025-01-07,utilities,149.37
t781,2025-10-06,retail,48.36
t9856,2025-03-08,gas,38.78
t5608,2025-08-23,entertainment,101.95
t5979,2025-10-14,retail,219.24
t8844,2025-04-07,retail,113.82
t3748,2025-03-17,entertainment,84.7
t2197,2025-07-19,food,16.46
t8562,2025-10-08,other,93.68
a100,2025-04-14,gas,1072.83
t4286,2025-01-31,food,4.94
t8570,2025-05-12,food,40.42
t6980,2025-10-15,entertainment,53.77
t1828,2025-03-07,food,20.02
t9155,2025-10-10,travel,25.0
t11607,2025-09-09,gas,24.45
t2377,2025-07-24,food,13.04
t8552,2025-06-21,travel,757.91
t3840,2025-02-12,food,42.6
t1247,2025-01-21,utilities,59.3
t7505,2025-02-18,entertainment,39.21
t6512,2025-05-16,food,26.41
t5440,2025-08-16,entertainment,91.54
t11087,2025-07-05,utilities,80.89
t8965,2025-07-11,retail,22.8
t11662,2025-03-18,entertainment,34.52
t5511,2025-10-09,travel,161.66
t5331,2025-03-26,retail,190.06
t4532,2025-06-11,gas,41.9
t366,2025-09-13,retail,64.04
a218,2025-03-01,other,1495.99
t148,2025-02-14,other,39.13
t1669,2025-08-12,food,20.55
t10609,2025-08-31,retail,129.97
t7651,2025-05-24,food,14.22
t8600,2025-05-18,retail,88.54
t7789,2025-05-23,food,12.47
t3457,2025-10-26,food,23.53
t3272,2025-02-11,entertainment,99.75
t4941,2025-06-11,food,8.63
t9224,2025-07-22,entertainment,45.44
t6231,2025-09-29,entertainment,111.15
t10680,2025-05-23,other,84.7
t9729,2025-08-30,food,11.34
t9048,2025-08-13,utilities,105.29
t3927,2025-09-09,entertainment,85.01
t10246,2025-01-10,gas,61.04
t8081,2025-03-08,gas,57.09
t79,2025-04-07,gas,66.26
t7089,2025-01-23,food,10.74
t2248,2025-03-19,travel,550.89
t9897,2025-08-29,retail,100.87
a174,2025-05-01,retail,2257.61
t9936,2025-01-05,retail,98.98
t7452,2025-03-24,utilities,213.62
t8981,2025-08-25,gas,47.17
t2280,2025-02-24,other,130.09
t8124,2025-10-17,utilities,91.25
t3898,2025-08-01,utilities,200.65
t9666,2025-08-02,gas,73.6
t7178,2025-02-22,gas,68.13
t9313,2025-03-07,gas,57.63
t11344,2025-02-20,other,92.38
t3632,2025-03-11,gas,75.17
t10340,2025-09-21,gas,56.45
t6273,2025-01-17,food,20.73
t8617,2025-03-02,other,77.74
t393,2025-08-15,retail,99.79
t3192,2025-08-14,other,114.75
t17,2025-08-19,retail,130.8
t4201,2025-03-08,food,24.43
t2673,2025-02-03,retail,12.42
t6165,2025-07-20,gas,54.29
t3494,2025-09-22,entertainment,34.67
t7395,2025-10-27,entertainment,71.54
t4840,2025-09-17,retail,78.02
t594,2025-07-18,utilities,97.39
t11173,2025-05-27,utilities,152.2
t8738,2025-02-24,entertainment,18.7
t5828,2025-02-23,retail,157.96
t7962,2025-05-23,utilities,120.99
t5888,2025-02-15,food,26.67
t2356,2025-04-29,utilities,67.26
t6037,2025-01-19,travel,342.93
t4799,2025-07-27,retail,127.52
t10370,2025-09-13,entertainment,5.0
t4593,2025-08-19,food,28.37
t8657,2025-09-21,travel,25.0
t164,2025-08-22,food,22.86
t11111,2025-08-16,food,12.37
t11319,2025-05-17,retail,121.13
t11730,2025-06-16,gas,65.02
t7381,2025-04-19,gas,10.0
a186,2025-02-04,entertainment,1296.87
t6357,2025-06-05,travel,878.34
t9093,2025-04-04,other,66.45
t5543,2025-08-08,gas,56.64
t6008,2025-02-02,utilities,151.76
t7994,2025-02-02,retail,85.51
t7639,2025-05-07,food,47.0
t6794,2025-06-25,entertainment,62.29
t7759,2025-04-09,retail,20.2
t4838,2025-04-10,food,23.92
t2294,2025-10-26,retail,33.04
t6549,2025-05-31,food,4.94
t7899,2025-08-04,utilities,92.38
t4482,2025-05-02,retail,78.29
t3717,2025-06-12,utilities,187.66
t6141,2025-06-08,utilities,177.94
t1550,2025-06-14,entertainment,56.74
t2045,2025-01-24,retail,138.87
t768,2025-05-23,retail,5.0
t5694,2025-10-05,food,33.56
t7871,2025-03-31,entertainment,55.33
t7858,2025-10-21,retail,44.74
t3303,2025-01-27,retail,66.22
t4518,2025-08-24,retail,97.55
t10881,2025-01-26,entertainment,72.06
t10752,2025-06-18,utilities,201.31
t3293,2025-05-17,entertainment,17.52
t9012,2025-05-14,food,21.23
t1404,2025-04-02,travel,639.09
t1383,2025-04-02,entertainment,54.92
t6929,2025-07-28,food,35.94
t5672,2025-08-04,retail,122.51
t1639,2025-02-12,gas,51.96
t11753,2025-06-17,retail,68.23
t6908,2025-04-15,gas,74.4
t8592,2025-06-25,gas,63.93
t6407,2025-09-19,entertainment,35.08
t9075,2025-09-09,entertainment,91.23
t1180,2025-09-03,utilities,108.18
t5449,2025-08-22,other,56.41
t5079,2025-08-19,other,37.17
t8649,2025-05-15,other,108.31
t5176,2025-06-27,other,103.63
t690,2025-08-22,food,10.43
t10620,2025-01-13,food,6.13
t6526,2025-09-05,retail,164.0
a22,2025-01-08,retail,2297.16
t6489,2025-10-10,utilities,195.43
t7155,2025-08-14,food,31.67
t10733,2025-08-27,utilities,113.4
t6611,2025-08-27,food,18.11
t10271,2025-09-29,retail,72.82
t4350,2025-06-09,retail,66.46
t1885,2025-07-09,retail,76.24
t10363,2025-08-31,food,22.48
t2495,2025-10-08,entertainment,52.59
t5948,2025-05-11,travel,449.76
t3037,2025-05-23,utilities,83.97
t5778,2025-07-16,entertainment,79.78
t846,2025-10-06,retail,82.77
t8735,2025-09-16,other,49.28
t7968,2025-04-11,other,116.3
t11022,2025-06-12,retail,164.08
t7341,2025-01-05,retail,133.13
t10799,2025-06-19,entertainment,71.81
t9931,2025-07-10,food,23.95
t7138,2025-01-01,retail,107.0
t2965,2025-02-20,retail,108.39
t2530,2025-10-20,food,25.33
t5773,2025-02-24,gas,11.04
t1049,2025-10-04,travel,774.66
t7046,2025-01-13,entertainment,81.97
t1961,2025-07-17,entertainment,58.25
t2531,2025-03-01,retail,146.07
t8430,2025-09-21,retail,101.4
t4918,2025-08-23,other,67.54
t9326,2025-07-01,gas,70.77
t5902,2025-06-30,entertainment,59.09
t8287,2025-07-13,travel,537.81
t4260,2025-09-08,gas,50.57
t10279,2025-05-29,utilities,211.48
t5657,2025-07-29,retail,170.96
t6098,2025-10-16,food,32.58
t5908,2025-01-10,food,23.65
t7374,2025-04-10,retail,40.12
t2979,2025-10-01,travel,397.42
t10629,2025-07-21,food,30.07
t11157,2025-03-24,other,47.59
t6722,2025-02-14,food,20.31
t7843,2025-06-16,utilities,119.75
t8265,2025-03-22,travel,550.97
t10522,2025-09-04,retail,106.7
t3139,2025-07-22,gas,49.88
t8326,2025-08-28,entertainment,37.91
a153,2025-09-19,travel,10218.44
t1827,2025-09-26,gas,74.0
t5549,2025-02-20,other,81.13
t8786,2025-10-02,food,29.11
t561,2025-03-06,retail,118.83
t10566,2025-03-23,gas,59.35
t8436,2025-03-04,entertainment,53.26
t5436,2025-03-13,utilities,50.28
t4438,2025-08-09,food,24.34
t8598,2025-04-16,entertainment,82.56
t1443,2025-08-03,retail,94.95
t8454,2025-01-28,retail,150.0
t4407,2025-05-28,food,16.23
t11436,2025-10-19,food,34.81
t1690,2025-03-25,other,69.32
a82,2025-09-08,travel,5000.78
t10784,2025-08-07,travel,298.0
t5963,2025-01-22,retail,144.87
t2497,2025-04-12,food,20.56
t9820,2025-08-16,entertainment,86.16
t341,2025-09-16,other,50.21
t2409,2025-07-31,entertainment,58.29
t10014,2025-09-17,other,140.61
t5783,2025-07-02,food,30.45
t4577,2025-09-29,travel,437.81
t3726,2025-08-11,utilities,177.21
t2786,2025-03-04,food,30.92
t9716,2025-04-30,travel,679.88
t1013,2025-03-13,utilities,154.89
t5281,2025-05-06,food,18.91
t4896,2025-05-09,other,155.22
t7122,2025-01-25,utilities,199.82
t6550,2025-05-30,gas,61.7
t4038,2025-06-23,gas,10.0
t149,2025-02-22,gas,80.93
t286,2025-01-20,retail,95.45
t11583,2025-08-12,other,78.75
t8556,2025-05-22,retail,138.99
t10079,2025-05-12,food,34.11
t9733,2025-04-18,food,22.38
t6771,2025-10-15,travel,948.11
t4444,2025-01-28,travel,485.57
t7447,2025-05-23,entertainment,41.64
t237,2025-07-07,utilities,77.96
a73,2025-02-24,entertainment,1501.28
t7124,2025-02-11,entertainment,118.68
t11391,2025-01-24,retail,187.15
t3084,2025-08-01,entertainment,53.45
t633,2025-10-21,food,33.98
t6814,2025-08-26,retail,147.14
t2494,2025-09-30,other,75.94
t2666,2025-06-23,entertainment,52.6
t10352,2025-05-03,utilities,109.16
t10247,2025-04-19,food,15.85
t10095,2025-01-01,gas,57.64
t10154,2025-08-28,food,15.91
t4212,2025-01-20,travel,878.3
t9687,2025-06-30,entertainment,70.88
t3875,2025-02-26,retail,133.46
t9425,2025-04-26,retail,136.72
t2818,2025-07-23,retail,78.98
t9903,2025-04-04,retail,80.36
a15,2025-06-03,other,1501.35
t10769,2025-08-10,food,24.63
t7427,2025-02-05,food,12.02
t10313,2025-07-10,retail,92.37
t10157,2025-05-01,travel,426.82
t11038,2025-06-11,food,19.77
t9778,2025-05-14,retail,114.2
t1736,2025-08-06,food,22.92
t7398,2025-03-11,food,13.87
t4256,2025-04-28,utilities,132.03
t9928,2025-10-26,food,28.75
t2476,2025-10-09,other,113.69
a219,2025-02-18,retail,498.1
t3714,2025-08-17,food,16.49
t10766,2025-07-08,retail,163.98
t1805,2025-03-12,food,30.42
t708,2025-03-15,entertainment,28.93
t11027,2025-04-25,food,29.26
t5190,2025-02-22,entertainment,62.32
t5473,2025-09-19,retail,130.89
t73,2025-04-11,gas,58.84
t7844,2025-07-23,food,35.75
t5102,2025-08-28,food,24.68
t6765,2025-06-18,gas,60.85
t9383,2025-09-11,entertainment,33.99
t1126,2025-08-25,retail,56.98
t1242,2025-01-30,food,37.4
t9927,2025-01-21,food,51.37
t2350,2025-01-03,entertainment,79.74
t6603,2025-02-05,retail,87.31
t6781,2025-06-20,utilities,134.51
t9770,2025-08-11,food,21.16
t4359,2025-08-28,travel,242.56
t1344,2025-10-11,retail,96.73
a224,2025-07-23,food,414.85
t10415,2025-05-08,food,18.37
t11492,2025-03-31,retail,116.81
t8633,2025-04-25,entertainment,60.54
t6653,2025-09-24,food,18.46
t1101,2025-06-08,retail,110.46
t9161,2025-06-22,utilities,185.45
t8842,2025-09-17,travel,245.12
t9739,2025-06-08,food,25.51
t7328,2025-06-22,retail,159.4
t7623,2025-02-08,gas,56.03
t988,2025-01-16,other,80.04
t2853,2025-09-21,gas,28.73
t8854,2025-07-21,gas,75.15
t631,2025-01-18,other,64.25
t1250,2025-04-17,food,22.19
t3180,2025-03-21,other,61.84
t483,2025-08-22,travel,552.64
t9777,2025-02-15,retail,153.79
t9655,2025-08-17,food,34.39
t3041,2025-04-15,other,94.37
t5011,2025-07-09,gas,58.24
t10477,2025-01-29,food,31.6
t7001,2025-02-28,gas,48.58
t3274,2025-08-19,food,28.29
t7228,2025-07-27,entertainment,104.84
t3684,2025-01-24,gas,46.38
t6675,2025-03-10,food,16.89
t6808,2025-02-17,travel,287.91
t11683,2025-09-08,food,14.0
t1317,2025-08-28,food,30.99
t3226,2025-06-16,food,25.18
t1073,2025-06-17,food,21.75
t4816,2025-06-07,utilities,220.78
t10135,2025-02-09,utilities,152.44
t9853,2025-04-08,entertainment,88.5
t5753,2025-06-08,gas,38.05
a110,2025-07-18,entertainment,1501.54
t4617,2025-03-06,retail,39.71
t3098,2025-06-16,gas,51.69
t11316,2025-10-18,food,25.71
t6870,2025-06-14,retail,109.51
t1301,2025-01-11,utilities,151.59
t7286,2025-08-05,gas,46.45
t6285,2025-08-12,utilities,105.93
t10635,2025-05-05,food,37.49
t5496,2025-06-07,food,21.02
t5292,2025-01-28,food,25.47
t9601,2025-06-18,food,30.58
t1799,2025-05-06,food,31.39
t9668,2025-09-09,travel,448.17
t5204,2025-04-14,retail,183.19
t8228,2025-06-22,other,36.41
t5048,2025-10-11,gas,41.85
t6442,2025-09-03,entertainment,6.13
t8637,2025-02-17,food,30.92
t8106,2025-10-18,gas,49.13
t2360,2025-07-20,gas,63.16
t11254,2025-08-08,retail,39.12
t3655,2025-08-05,other,95.04
t7053,2025-07-02,retail,40.19
t1287,2025-03-26,retail,137.71
t10942,2025-01-11,gas,73.82
t4446,2025-04-22,utilities,68.62
t2138,2025-06-18,gas,28.63
t6788,2025-07-28,other,117.87
t9874,2025-09-18,entertainment,69.12
t11699,2025-01-27,retail,79.54
t10201,2025-01-20,entertainment,23.39
t10750,2025-02-28,travel,493.78
t6895,2025-01-17,utilities,149.01
t9885,2025-01-25,gas,56.43
t10273,2025-09-23,food,30.58
t8565,2025-04-03,food,28.93
t7152,2025-08-03,other,20.02
t964,2025-09-06,utilities,61.02
t6013,2025-10-05,entertainment,50.28
t4883,2025-08-15,gas,76.8
t141,2025-02-11,retail,7.0
t10826,2025-07-26,gas,79.14
t8907,2025-08-27,entertainment,96.84
t6937,2025-06-30,retail,23.28
t6543,2025-10-08,retail,98.19
t5244,2025-08-13,food,37.51
t4432,2025-04-30,other,78.87
t10023,2025-01-02,utilities,87.5
t407,2025-04-10,retail,111.21
t8213,2025-02-19,food,13.0
t9197,2025-08-15,food,13.32
t10036,2025-10-13,retail,17.75
t10898,2025-05-13,retail,126.67
t9136,2025-01-13,retail,135.14
t8235,2025-06-30,gas,41.63
t4400,2025-02-21,entertainment,100.28
t5253,2025-07-21,utilities,109.87
t12,2025-01-14,food,30.49
t4761,2025-01-14,food,49.38
t1178,2025-05-21,utilities,131.85
t2864,2025-04-06,food,42.79
t6472,2025-01-13,retail,82.76
t6229,2025-01-01,gas,52.45
t9219,2025-08-23,food,20.02
t2990,2025-10-20,retail,78.22
t9154,2025-04-09,food,31.04
t7118,2025-04-09,food,30.97
t7011,2025-03-09,other,49.29
t10259,2025-02-17,other,34.14
t8928,2025-08-24,retail,88.37
t1441,2025-06-20,retail,48.73
t11693,2025-03-20,food,10.55
t2876,2025-09-30,utilities,176.76
t9109,2025-06-14,utilities,128.52
t10906,2025-09-06,retail,58.17
t10547,2025-01-08,retail,70.02
t7233,2025-05-06,gas,81.54
t3727,2025-10-14,travel,310.67
t2773,2025-04-30,travel,54.41
t9817,2025-05-08,retail,132.78
t455,2025-04-03,food,23.16
t9014,2025-06-08,gas,70.8
t8190,2025-10-15,gas,32.82
t1368,2025-08-15,gas,28.12
t3713,2025-01-10,utilities,141.15
a62,2025-04-18,gas,1999.61
t1389,2025-10-18,food,25.43
t9043,2025-07-25,other,92.58
t1001,2025-01-15,food,29.53
t7762,2025-10-23,other,115.66
t3554,2025-07-31,retail,146.03
t4115,2025-05-06,food,22.41
t9830,2025-08-28,food,43.77
t1668,2025-08-12,entertainment,80.37
t3174,2025-06-13,entertainment,47.69
t9540,2025-04-10,entertainment,36.6
t11275,2025-02-03,food,35.61
t489,2025-01-24,gas,62.35
t3231,2025-03-08,food,25.21
t3829,2025-08-01,gas,41.3
t10377,2025-06-19,retail,172.59
t5209,2025-02-17,food,15.63
t7849,2025-07-14,other,47.4
t5705,2025-09-05,food,30.94
t11568,2025-07-01,retail,165.92
t8134,2025-08-26,food,40.11
t704,2025-07-11,retail,36.51
t5106,2025-04-07,food,23.54
t10667,2025-04-24,food,35.1
t3292,2025-04-28,food,38.87
t8126,2025-03-03,retail,87.62
t9520,2025-01-10,entertainment,87.52
t11557,2025-09-27,food,30.51
t10921,2025-09-30,gas,48.88
t4910,2025-04-17,retail,106.5
t4441,2025-03-17,entertainment,67.03
t987,2025-02-27,other,87.52
t11078,2025-09-05,entertainment,83.86
t10863,2025-01-31,food,34.73
t7706,2025-04-01,food,8.83
t6258,2025-08-31,entertainment,75.48
t6090,2025-04-16,travel,562.73
t5239,2025-09-06,utilities,23.44
t1199,2025-04-27,gas,56.99
t9711,2025-03-09,other,56.49
t10871,2025-04-30,retail,108.75
t7520,2025-06-30,entertainment,51.9
t6813,2025-08-02,food,30.35
t9992,2025-04-02,food,51.44
t9207,2025-10-21,entertainment,79.23
t8321,2025-09-16,retail,5.0
t9557,2025-08-30,food,26.93
t7176,2025-06-18,food,33.36
t4471,2025-08-18,food,44.31
t892,2025-06-10,entertainment,67.5
t1970,2025-07-06,retail,89.74
t5758,2025-03-26,other,135.19
t6528,2025-07-05,other,76.59
t6295,2025-01-14,food,11.4
t7596,2025-03-03,retail,106.94
t9111,2025-07-01,food,21.65
t3250,2025-07-07,food,37.75
t6571,2025-06-29,retail,5.0
t6639,2025-06-21,utilities,154.81
t7352,2025-08-17,retail,81.25
t10998,2025-05-11,food,28.64
t9401,2025-04-07,other,44.26
t7474,2025-06-13,food,15.95
t11045,2025-06-24,food,40.17
t10405,2025-09-27,entertainment,58.82
t1240,2025-02-08,utilities,78.78
t2290,2025-09-20,food,30.63
t2741,2025-07-30,utilities,116.19
t8468,2025-08-31,utilities,107.75
t4586,2025-09-28,entertainment,49.63
t9228,2025-10-15,food,37.44
t1230,2025-10-15,entertainment,62.25
t9201,2025-01-29,entertainment,56.08
t6981,2025-05-11,entertainment,39.75
t5179,2025-08-10,utilities,144.91
t4294,2025-04-09,food,38.68
t1059,2025-03-27,retail,76.36
t6263,2025-02-11,food,33.14
t282,2025-01-31,utilities,110.89
t9236,2025-03-18,food,11.59
t9509,2025-02-26,entertainment,104.64
t969,2025-09-09,retail,62.85
t3954,2025-07-12,food,34.84
t1940,2025-03-22,utilities,91.75
t10142,2025-09-22,utilities,94.67
t1275,2025-07-03,entertainment,43.21
t620,2025-08-26,retail,161.93
t10193,2025-07-04,food,25.87
t1743,2025-07-03,gas,39.85
t1391,2025-05-20,entertainment,75.47
t2204,2025-04-01,gas,43.02
t9772,2025-02-11,entertainment,29.18
t9848,2025-03-11,utilities,127.84
t3569,2025-01-12,travel,797.98
t6117,2025-04-29,retail,40.66
a203,2025-09-16,travel,1495.61
t6053,2025-05-25,food,35.86
t3179,2025-06-23,retail,136.98
t3193,2025-01-11,other,39.76
t9500,2025-08-23,gas,45.67
t6100,2025-07-26,retail,114.72
t7030,2025-03-14,food,27.04
t576,2025-04-15,food,47.12
t6657,2025-08-11,retail,157.85
t7116,2025-10-22,retail,91.24
t10562,2025-04-05,other,41.85
t6277,2025-03-26,gas,85.93
t9473,2025-06-05,retail,118.48
t10773,2025-09-07,utilities,104.55
t5898,2025-09-13,retail,215.43
t5725,2025-05-11,entertainment,42.38
t270,2025-10-15,entertainment,40.18
t630,2025-02-20,food,19.8
t3082,2025-07-25,gas,34.26
t3467,2025-09-15,food,45.26
t6431,2025-02-06,travel,214.45
t11171,2025-06-06,food,18.8
t7063,2025-06-16,retail,133.44
t11670,2025-10-26,gas,50.01
t5544,2025-03-15,food,22.96
t4357,2025-02-18,entertainment,59.98
t10930,2025-08-07,other,144.83
t2114,2025-08-18,entertainment,37.49
t8220,2025-09-27,food,22.36
t3217,2025-03-09,food,36.82
t3815,2025-09-24,entertainment,28.45
t8322,2025-04-08,gas,44.33
t10296,2025-09-22,retail,149.39
t2279,2025-01-01,utilities,171.46
t4600,2025-01-28,food,13.81
t14,2025-04-08,gas,65.78
t11067,2025-03-14,food,26.23
t1526,2025-03-12,gas,68.29
t2366,2025-05-30,gas,71.89
t4649,2025-03-09,other,12.86
t375,2025-04-10,retail,169.76
t10212,2025-03-06,food,18.92
t6478,2025-03-02,gas,60.8
t526,2025-02-18,entertainment,6.45
t9132,2025-05-16,retail,104.06
t6896,2025-02-03,entertainment,43.92
t3592,2025-10-26,food,40.1
t7905,2025-01-11,utilities,171.07
t2959,2025-01-03,food,12.06
t530,2025-04-23,food,32.18
t3715,2025-01-12,entertainment,77.95
t4733,2025-08-29,utilities,116.35
t9462,2025-02-15,retail,171.13
t1395,2025-08-31,food,20.47
t9990,2025-07-03,food,31.38
t9634,2025-06-14,utilities,112.41
t5632,2025-07-18,entertainment,70.63
t9466,2025-02-06,food,20.62
t6564,2025-01-16,food,10.55
t4704,2025-01-12,retail,151.35
t1713,2025-06-26,travel,392.88
t11704,2025-04-07,retail,86.28
t956,2025-07-24,other,64.73
t6676,2025-08-30,travel,234.19
t3454,2025-04-16,utilities,132.24
t9580,2025-10-12,utilities,93.83
t8596,2025-02-23,entertainment,54.62
t2072,2025-05-13,food,26.84
t11685,2025-06-06,gas,70.87
t159,2025-01-14,food,5.13
t7006,2025-08-27,utilities,111.28
t9095,2025-06-19,gas,43.91
t353,2025-05-24,travel,327.63
t6079,2025-02-18,retail,121.22
t6237,2025-08-20,entertainment,85.57
t8947,2025-02-21,retail,147.76
a211,2025-04-30,travel,748.41
t2921,2025-09-19,gas,38.04
t8504,2025-08-13,food,31.88
t4645,2025-05-06,retail,162.7
t662,2025-09-18,gas,40.46
t7058,2025-07-25,food,29.55
t3666,2025-04-23,retail,160.92
t7980,2025-04-30,travel,906.6
t307,2025-06-17,food,23.73
t4791,2025-07-01,retail,226.25
t2357,2025-08-28,utilities,180.3
t1928,2025-03-23,entertainment,85.71
t11197,2025-07-23,food,18.07
t3428,2025-04-07,gas,37.73
t8942,2025-05-12,entertainment,65.8
t3639,2025-04-11,retail,89.07
t1267,2025-06-23,gas,67.03
t1561,2025-05-02,gas,53.36
t7180,2025-07-10,retail,124.33
t4110,2025-10-24,food,25.73
t7868,2025-03-06,other,131.6
t4905,2025-01-19,entertainment,67.0
t7295,2025-09-25,retail,100.79
t515,2025-06-07,entertainment,61.82
t895,2025-10-25,food,22.48
t8602,2025-10-16,food,24.8
t22,2025-07-31,entertainment,52.06
t900,2025-07-08,retail,109.08
t208,2025-08-20,gas,63.14
t459,2025-01-08,entertainment,62.29
t2431,2025-03-30,utilities,108.34
t8443,2025-09-02,food,20.39
t9300,2025-03-26,retail,130.9
t3390,2025-06-15,entertainment,90.99
t9906,2025-02-16,travel,259.69
t3912,2025-08-24,food,21.32
t5384,2025-01-13,utilities,138.28
t8908,2025-01-02,entertainment,21.96
t553,2025-08-01,other,62.63
t9632,2025-08-28,food,16.37
t3145,2025-02-11,retail,94.22
t6918,2025-03-30,retail,223.94
t2057,2025-08-12,travel,25.0
t1926,2025-07-09,food,25.46
t635,2025-05-07,utilities,78.39
t6083,2025-01-20,retail,72.06
t8509,2025-06-07,retail,71.29
t11121,2025-01-31,retail,138.19
t11614,2025-09-29,entertainment,56.36
t8620,2025-10-22,retail,43.64
t10463,2025-01-18,travel,443.24
t106,2025-02-04,food,24.04
t3042,2025-05-21,retail,97.13
t1710,2025-07-08,retail,131.31
t90,2025-01-08,retail,113.39
t7015,2025-10-12,utilities,121.79
t3175,2025-06-17,retail,135.82
t918,2025-03-28,food,24.52
t7834,2025-03-30,food,11.25
t6733,2025-08-14,food,31.86
t1950,2025-10-04,gas,55.44
t6369,2025-02-14,gas,56.57
t2,2025-09-15,utilities,42.2
t8033,2025-09-12,utilities,183.76
t6048,2025-08-14,food,15.85
t9128,2025-03-01,gas,35.9
t11051,2025-07-03,retail,94.15
t2721,2025-07-21,food,23.49
t8784,2025-06-25,other,35.75
a11,2025-10-26,utilities,2356.04
t3118,2025-01-06,food,22.77
t11358,2025-08-17,food,27.14
t9769,2025-03-12,retail,79.42
t3763,2025-05-09,other,66.0
t214,2025-10-25,food,39.49
t779,2025-07-30,entertainment,34.92
t3497,2025-08-08,entertainment,51.23
t10578,2025-03-17,utilities,121.81
t2044,2025-01-19,food,35.88
t8921,2025-08-01,entertainment,56.59
t5421,2025-10-24,gas,57.83
t6155,2025-08-15,retail,57.44
t9760,2025-04-11,gas,50.11
t8358,2025-01-26,retail,80.71
t10449,2025-05-30,retail,13.78
t10206,2025-10-09,food,30.98
t8466,2025-08-06,retail,107.55
t4168,2025-10-03,food,36.96
t3789,2025-07-31,food,29.32
t8587,2025-07-18,entertainment,79.51
t584,2025-06-05,retail,84.1
a131,2025-01-20,entertainment,995.01
a221,2025-10-06,other,1633.03
t117,2025-07-04,entertainment,66.44
t6645,2025-07-19,food,22.17
t10827,2025-09-30,retail,176.48
a177,2025-08-12,gas,4998.32
t11717,2025-04-12,travel,651.04
t10741,2025-05-18,retail,47.23
t8713,2025-04-16,gas,76.84
t1764,2025-05-27,retail,122.03
t1876,2025-04-13,food,17.22
t3225,2025-04-01,food,31.39
t527,2025-01-24,retail,145.16
t7726,2025-07-15,gas,37.74
t2947,2025-05-23,retail,184.53
t4474,2025-09-08,gas,65.18
t5656,2025-02-22,utilities,199.84
t8885,2025-07-12,retail,126.75
t6060,2025-08-31,food,41.57
t960,2025-02-07,food,25.44
t6343,2025-04-04,food,40.39
t3634,2025-06-23,retail,129.18
t1051,2025-03-12,other,94.53
t8783,2025-02-03,food,24.03
t8712,2025-06-05,gas,37.69
t3381,2025-03-16,entertainment,83.55
t3677,2025-07-31,other,109.84
t5777,2025-05-13,gas,68.78
t10840,2025-05-22,entertainment,65.73
t6574,2025-03-13,food,41.23
t5180,2025-06-15,food,29.07
t1608,2025-09-06,entertainment,79.22
t3611,2025-04-04,food,34.73
t11707,2025-04-20,food,34.19
t6636,2025-09-13,travel,463.59
a238,2025-03-13,gas,1061.83
t10002,2025-10-01,food,31.32
t792,2025-03-27,gas,43.56
t8985,2025-05-20,retail,103.95
t3057,2025-03-05,gas,81.07
t10048,2025-02-22,retail,141.4
t1981,2025-06-19,retail,132.47
t3599,2025-05-10,food,39.43
t934,2025-08-27,retail,105.64
t7425,2025-01-03,food,11.56
t5627,2025-02-11,food,27.1
t1683,2025-06-08,retail,109.48
t4180,2025-09-10,retail,76.63
t6447,2025-09-01,entertainment,54.81
t4117,2025-10-08,retail,113.65
t989,2025-07-12,retail,58.85
t2897,2025-02-07,gas,47.59
t3779,2025-01-01,food,33.29
t5659,2025-04-18,food,33.66
t3094,2025-03-08,utilities,118.52
t3156,2025-03-19,utilities,105.68
t1824,2025-02-24,gas,60.66
t11548,2025-08-03,utilities,110.22
t1099,2025-03-07,travel,625.14
t2845,2025-04-26,food,19.46
t9079,2025-05-31,retail,199.22
t3343,2025-05-16,food,30.68
t39,2025-04-12,food,14.27
t6541,2025-05-19,utilities,169.62
t11217,2025-10-11,gas,64.18
t8708,2025-06-08,food,39.5
t3357,2025-01-15,retail,111.17
t9646,2025-07-01,retail,162.02
t7814,2025-04-05,other,80.18
t9099,2025-06-05,other,73.62
t8221,2025-06-01,food,43.38
t11069,2025-02-04,utilities,161.2
t2429,2025-10-12,gas,51.38
t5044,2025-07-19,retail,116.5
t5347,2025-10-03,food,17.23
t8955,2025-02-24,food,24.51
t4812,2025-02-15,gas,70.63
t8477,2025-03-08,retail,132.98
t687,2025-06-07,entertainment,60.73
t4800,2025-08-09,food,25.57
t7438,2025-02-17,utilities,127.79
t2354,2025-03-16,gas,94.77
t6354,2025-09-28,entertainment,89.81
t4570,2025-01-18,utilities,57.37
t8214,2025-02-17,food,36.28
t2753,2025-09-09,utilities,95.34
t9078,2025-03-08,entertainment,73.08
t8074,2025-04-26,retail,80.76
t9110,2025-01-11,food,10.53
t1041,2025-04-14,gas,62.69
t7492,2025-09-29,food,37.05
t1266,2025-06-16,utilities,145.01
t11115,2025-08-16,utilities,105.84
t7060,2025-09-07,food,39.07
t278,2025-08-24,retail,134.69
t5085,2025-09-20,food,28.18
t10277,2025-05-11,food,28.41
t9438,2025-04-22,food,21.17
t2383,2025-01-29,travel,572.91
t572,2025-02-28,retail,117.16
t1436,2025-03-25,retail,66.33
t9440,2025-01-14,retail,29.31
t5353,2025-02-08,retail,72.08
t5446,2025-02-20,retail,169.59
t1008,2025-04-12,food,28.63
t4544,2025-05-10,gas,34.81
t10577,2025-10-07,utilities,175.67
t2065,2025-09-27,food,17.47
t1137,2025-08-14,other,81.44
t9883,2025-08-13,retail,36.29
t5344,2025-02-26,entertainment,44.01
t10178,2025-09-12,retail,44.04
t295,2025-06-29,food,36.93
t9740,2025-04-07,retail,154.76
t10205,2025-07-09,entertainment,35.07
t8781,2025-08-29,other,59.64
t2404,2025-05-01,food,24.26
t10322,2025-08-31,retail,194.8
t3999,2025-07-17,food,11.2
t11187,2025-09-18,food,19.48
t3742,2025-03-25,entertainment,70.73
t11064,2025-01-18,retail,116.93
t2720,2025-06-08,gas,49.94
t11039,2025-10-06,retail,145.84
t5151,2025-10-03,gas,41.75
t2809,2025-06-10,retail,27.59
t9018,2025-03-29,food,26.84
t557,2025-02-08,food,38.02
t10702,2025-02-18,food,24.75
t4796,2025-05-06,retail,168.8
t2470,2025-05-27,entertainment,34.72
t3739,2025-08-03,entertainment,26.17
t4287,2025-07-31,utilities,122.29
t9909,2025-04-01,food,26.46
t2605,2025-01-05,entertainment,37.44
t363,2025-08-11,food,10.74
t6925,2025-10-17,entertainment,8.19
t1705,2025-03-31,retail,120.12
t2140,2025-05-04,gas,74.4
t3240,2025-07-27,retail,128.23
t2384,2025-09-15,entertainment,132.31
t7315,2025-06-04,utilities,20.0
t4312,2025-08-22,food,36.25
t9478,2025-05-14,entertainment,59.0
t1313,2025-06-09,other,59.93
t11306,2025-03-15,entertainment,89.61
t3931,2025-08-25,gas,19.24
t6184,2025-08-14,other,119.33
t1592,2025-01-13,retail,136.63
t11441,2025-01-28,travel,819.01
t2163,2025-07-04,food,31.37
t2397,2025-09-06,entertainment,60.54
t318,2025-02-21,retail,43.12
t9517,2025-05-14,retail,107.58
t5234,2025-09-29,utilities,50.32
t5069,2025-02-27,utilities,113.9
t4037,2025-07-27,food,36.15
t8988,2025-07-24,utilities,114.65
t3021,2025-10-24,food,27.53
t9904,2025-07-11,other,55.6
t8229,2025-08-03,retail,91.25
t9106,2025-03-21,entertainment,61.75
t5296,2025-07-10,food,24.47
t3973,2025-06-26,gas,23.07
t5371,2025-02-01,travel,176.95
t4134,2025-07-03,food,26.42
t975,2025-04-10,travel,361.16
t7292,2025-10-03,food,21.05
t9176,2025-08-13,gas,36.9
t955,2025-06-11,gas,82.5
t9611,2025-05-05,other,159.38
t9753,2025-08-31,food,12.5
t9548,2025-03-05,gas,45.06
t11164,2025-01-23,gas,87.46
t5017,2025-06-26,food,13.5
t11675,2025-03-04,entertainment,57.04
t9180,2025-09-09,retail,144.12
t7491,2025-05-12,other,30.43
t1641,2025-02-21,travel,270.44
t1291,2025-08-31,entertainment,23.8
t1381,2025-01-25,retail,154.96
t1934,2025-07-24,gas,105.01
t4676,2025-03-28,entertainment,75.45
t10223,2025-01-29,other,88.53
t893,2025-03-31,retail,156.34
t7288,2025-08-30,retail,89.37
t4877,2025-10-07,gas,73.67
t7907,2025-05-16,utilities,110.03
t8195,2025-09-18,utilities,106.41
a67,2025-01-26,utilities,2042.38
t10302,2025-01-19,retail,127.73
t9042,2025-08-25,entertainment,67.39
t2467,2025-09-14,retail,5.0
t7658,2025-10-09,travel,928.06
t10107,2025-08-23,travel,195.12
t9789,2025-04-04,gas,28.22
t1914,2025-05-05,entertainment,49.58
t2737,2025-07-18,entertainment,48.67
t727,2025-06-26,food,11.16
t7215,2025-08-22,food,19.02
t8246,2025-04-20,other,108.79
t1797,2025-07-03,entertainment,26.76
t3846,2025-03-08,food,50.31
t6403,2025-03-19,food,31.28
t937,2025-10-03,travel,580.43
t2266,2025-06-15,other,46.84
t825,2025-08-03,gas,67.89
t7275,2025-07-12,other,90.8
t1390,2025-08-04,retail,238.69
t3565,2025-09-06,travel,568.16
t9077,2025-03-14,food,28.94
t5430,2025-01-19,retail,131.03
t7828,2025-04-09,entertainment,69.2
t5691,2025-02-25,entertainment,65.05
t7879,2025-10-12,entertainment,80.89
t1869,2025-05-07,food,43.99
t8203,2025-09-18,food,28.23
t7487,2025-07-14,food,18.04
t9656,2025-02-08,gas,57.64
t807,2025-09-08,food,30.11
t4806,2025-01-25,travel,532.75
t10587,2025-02-18,retail,166.03
t10301,2025-02-22,food,22.66
t10974,2025-05-19,food,29.51
a185,2025-10-19,entertainment,985.26
t10427,2025-01-04,food,16.88
t9156,2025-02-20,other,106.01
t7512,2025-01-26,food,22.32
t8057,2025-03-14,retail,65.82
t4495,2025-09-06,food,15.12
t2633,2025-02-21,food,24.51
t10674,2025-01-26,utilities,100.71
t8897,2025-01-15,food,32.33
t8624,2025-08-12,retail,109.32
t7833,2025-01-21,entertainment,37.64
t4389,2025-07-23,retail,199.86
t146,2025-08-17,food,18.51
t6468,2025-04-10,food,23.98
t2034,2025-10-20,gas,68.67
t10943,2025-10-18,food,33.42
t1166,2025-10-23,food,21.53
t2051,2025-09-25,food,27.87
t3761,2025-10-20,entertainment,63.93
t4436,2025-07-03,food,21.79
t3431,2025-03-06,other,103.89
t8191,2025-09-19,retail,41.01
t10508,2025-09-30,food,4.49
t7070,2025-01-03,retail,81.74
t4362,2025-09-23,retail,183.87
t9455,2025-07-01,other,42.83
t1772,2025-07-17,other,112.62
t3512,2025-06-14,food,25.57
t272,2025-03-12,gas,63.44
t8437,2025-09-02,other,46.75
t2033,2025-06-02,food,30.43
t9006,2025-01-03,food,23.15
t11597,2025-07-08,food,32.26
t3811,2025-09-21,other,46.23
t9997,2025-03-14,entertainment,10.43
t4347,2025-10-26,travel,586.43
t546,2025-05-09,retail,125.85
t3242,2025-07-07,retail,122.01
t8931,2025-06-04,retail,102.74
t8503,2025-06-16,retail,91.55
t9324,2025-08-29,travel,657.75
a138,2025-02-06,utilities,1000.9
t7565,2025-09-19,food,19.26
t921,2025-04-30,food,27.67
t10933,2025-09-29,retail,137.72
t6641,2025-04-19,other,83.47
t7695,2025-08-30,retail,120.16
t8231,2025-02-02,gas,41.86
t7127,2025-03-09,food,38.6
t4279,2025-02-28,retail,153.93
t2984,2025-04-25,food,9.32
t131,2025-10-13,travel,489.96
t7981,2025-08-23,utilities,189.24
t2668,2025-01-30,other,64.04
t7139,2025-10-09,travel,432.46
t3224,2025-09-28,entertainment,86.13
t9375,2025-01-18,food,15.25
t7694,2025-10-20,gas,47.45
t5393,2025-09-02,utilities,113.6
t615,2025-09-28,gas,20.04
a122,2025-04-28,gas,743.8
t1467,2025-01-27,retail,111.31
t4498,2025-01-17,gas,48.47
t3043,2025-06-05,other,70.09
t9127,2025-04-01,utilities,113.69
t2420,2025-09-11,entertainment,53.75
t5086,2025-03-23,food,30.32
t3295,2025-03-31,other,73.5
t6738,2025-05-26,utilities,27.43
t1501,2025-02-28,retail,54.55
t9019,2025-10-19,food,25.52
t1522,2025-07-25,food,20.66
t10932,2025-10-24,utilities,157.53
t4233,2025-06-05,retail,73.12
t7687,2025-05-01,entertainment,67.47
t8821,2025-10-17,food,23.69
t4431,2025-04-07,travel,609.27
t391,2025-07-11,retail,104.91
a72,2025-04-01,food,456.45
t7125,2025-07-09,gas,18.71
t5914,2025-05-05,gas,32.87
t8593,2025-05-14,entertainment,77.4
t4807,2025-01-26,food,37.59
t10735,2025-06-07,utilities,50.7
t8239,2025-10-17,food,21.42
t8045,2025-01-11,travel,891.73
t11735,2025-02-26,gas,48.21
t3994,2025-08-12,retail,71.94
t11460,2025-01-14,gas,54.75
t6610,2025-02-14,travel,331.59
t5320,2025-10-18,other,97.58
a48,2025-05-31,travel,1997.33
t7120,2025-01-01,food,21.13
t2422,2025-02-08,gas,76.37
t5605,2025-06-18,utilities,155.66
t1751,2025-10-09,food,26.9
t10808,2025-02-28,entertainment,98.42
t11660,2025-02-21,utilities,148.98
t339,2025-06-10,entertainment,5.0
t8408,2025-06-06,gas,10.28
t1342,2025-10-04,retail,138.44
t11452,2025-06-11,food,35.03
t7983,2025-04-30,travel,206.45
t3641,2025-03-10,gas,31.71
t330,2025-10-23,gas,58.8
t10591,2025-06-24,gas,60.16
t3005,2025-05-03,food,34.9
t6961,2025-01-02,other,92.16
t4091,2025-04-15,food,10.24
t9829,2025-01-15,other,87.2
t2323,2025-09-10,food,36.09
t6668,2025-04-02,gas,44.93
t7010,2025-03-08,entertainment,43.94
t4198,2025-01-19,entertainment,113.69
t3550,2025-04-09,other,49.19
t9651,2025-10-08,food,23.38
t8364,2025-09-11,entertainment,61.54
t4204,2025-10-08,other,82.78
t11170,2025-05-03,food,30.19
t10714,2025-05-16,food,13.92
t6186,2025-09-25,gas,51.31
t1640,2025-06-02,food,26.21
t9131,2025-07-04,gas,67.07
t61,2025-04-05,food,16.92
t1241,2025-06-11,gas,46.7
t5761,2025-08-02,other,113.19
t5137,2025-03-30,entertainment,102.08
t2344,2025-07-10,retail,132.79
t2121,2025-05-23,utilities,175.49
t1525,2025-06-04,entertainment,75.92
t7618,2025-03-13,gas,85.63
t154,2025-07-11,food,41.34
t482,2025-01-20,food,13.77
t6123,2025-02-28,entertainment,81.7
t7675,2025-01-25,food,38.03
t7102,2025-09-06,gas,63.82
t1763,2025-05-29,retail,101.15
t8943,2025-05-01,entertainment,46.21
t7716,2025-04-06,travel,578.51
t9978,2025-02-24,utilities,180.04
t10886,2025-07-17,food,34.38
t7480,2025-08-26,food,30.03
t6213,2025-07-24,food,29.97
t4854,2025-06-08,gas,66.09
t2712,2025-06-30,food,49.02
t6767,2025-02-09,utilities,162.01
t4151,2025-03-24,entertainment,103.04
t1334,2025-06-25,retail,155.98
t11288,2025-08-05,gas,58.6
t8379,2025-01-11,food,23.85
t9329,2025-01-22,utilities,98.32
t11264,2025-05-22,travel,35.43
t11647,2025-08-30,other,21.94
t10251,2025-03-21,other,121.33
t10936,2025-10-12,food,31.58
t3851,2025-07-23,travel,629.92
t8341,2025-10-08,food,24.44
t4125,2025-05-24,utilities,108.78
t10746,2025-09-05,utilities,210.23
t4789,2025-07-30,entertainment,65.26
t2867,2025-06-08,entertainment,106.13
t1387,2025-05-05,entertainment,68.17
t5942,2025-09-15,gas,85.87
t3068,2025-05-13,retail,136.84
t10859,2025-04-24,food,36.03
t3630,2025-10-19,retail,63.64
t11347,2025-04-11,other,76.99
t10729,2025-01-02,food,19.29
t3029,2025-08-09,gas,44.94
t2970,2025-02-02,travel,293.08
t9901,2025-07-23,gas,50.95
t8647,2025-03-15,retail,161.12
t6137,2025-07-29,gas,26.69
t8802,2025-03-28,food,33.46
t4264,2025-05-26,other,95.42
t646,2025-05-04,retail,38.03
t11585,2025-07-09,gas,92.66
t2075,2025-06-28,gas,50.89
t342,2025-08-28,food,39.7
t8042,2025-10-01,food,23.47
t1623,2025-02-15,entertainment,30.53
t7142,2025-02-06,food,30.39
t5797,2025-07-26,food,19.44
t7185,2025-08-17,gas,90.02
t11190,2025-09-09,food,25.16
t8233,2025-08-06,food,42.45
t5476,2025-09-11,food,23.28
t10282,2025-06-21,food,38.81
t10368,2025-09-25,utilities,110.88
t11101,2025-04-09,food,48.13
t75,2025-01-02,entertainment,70.04
a112,2025-08-04,food,5001.29
t10269,2025-01-19,food,34.2
t8634,2025-02-16,food,34.03
t11071,2025-09-15,gas,44.93
t2052,2025-01-15,food,26.79
t2542,2025-09-21,utilities,85.74
t1302,2025-03-24,food,21.43
t5878,2025-06-08,food,18.14
t7369,2025-08-22,travel,668.54
t1305,2025-08-07,gas,31.95
t8429,2025-05-21,food,22.64
t10901,2025-05-04,entertainment,56.05
t2600,2025-05-12,utilities,86.92
t2574,2025-06-25,other,28.12
t3187,2025-01-08,entertainment,80.86
t2769,2025-10-07,food,21.5
t4832,2025-04-25,food,23.28
t4224,2025-08-16,retail,161.69
t11581,2025-09-09,travel,518.05
t2107,2025-02-10,utilities,82.98
t2680,2025-04-06,utilities,84.64
t1388,2025-09-14,gas,76.5
t10708,2025-07-19,gas,65.03
t11592,2025-01-25,entertainment,67.81
t7084,2025-02-14,entertainment,54.95
t1280,2025-02-28,utilities,102.63
t805,2025-07-09,retail,91.23
t1556,2025-10-04,food,39.74
t11382,2025-08-24,gas,91.98
t4567,2025-03-11,entertainment,51.08
t11603,2025-09-12,other,39.08
t4842,2025-10-23,utilities,169.3
t3595,2025-04-10,retail,50.48
t6036,2025-08-29,food,17.39
t6853,2025-08-29,other,137.17
t10113,2025-07-20,food,23.26
t8706,2025-08-26,food,32.76
t4178,2025-10-05,retail,66.7
t1309,2025-05-14,other,44.35
t9107,2025-07-13,entertainment,59.31
t3453,2025-02-22,food,19.53
t3696,2025-01-29,entertainment,69.82
t4243,2025-08-17,retail,154.2
t2199,2025-01-17,retail,149.04
t8967,2025-01-06,entertainment,28.23
t4426,2025-01-22,utilities,155.56
t6151,2025-05-28,other,86.76
t944,2025-09-12,food,28.91
t823,2025-03-10,retail,167.14
t5006,2025-08-07,other,26.01
t6613,2025-10-04,food,12.55
t8357,2025-08-11,retail,92.52
t5620,2025-02-16,gas,67.54
t4548,2025-02-15,travel,410.93
t2539,2025-05-27,entertainment,84.75
t9504,2025-04-17,entertainment,89.84
t5208,2025-02-25,entertainment,49.4
t11414,2025-05-25,food,28.84
t10801,2025-07-23,retail,104.33
t3055,2025-04-12,retail,5.0
t3676,2025-09-19,food,25.4
t7777,2025-05-10,utilities,126.85
t7219,2025-05-26,gas,61.19
t6723,2025-03-14,entertainment,85.17
t3301,2025-09-14,travel,151.37
t3311,2025-05-03,food,30.13
t7222,2025-08-24,utilities,99.25
t8520,2025-03-27,travel,439.11
t10683,2025-02-26,retail,24.52
t5955,2025-09-18,food,18.01
t833,2025-03-31,entertainment,66.48
t3463,2025-10-15,gas,98.32
t11191,2025-03-21,other,146.89
t7644,2025-09-16,other,145.21
t55,2025-01-20,retail,119.89
t3452,2025-05-24,gas,55.62
t6306,2025-09-16,entertainment,77.62
t10094,2025-02-13,food,24.41
t1482,2025-03-18,utilities,141.55
t4874,2025-03-02,food,29.87
t8039,2025-10-07,utilities,20.0
t3336,2025-07-11,gas,37.41
t6017,2025-10-14,gas,44.56
t4927,2025-10-12,utilities,127.42
t9139,2025-05-05,entertainment,78.4
t5798,2025-09-02,food,23.58
t10354,2025-01-04,retail,150.66
a36,2025-03-22,utilities,912.12
t5084,2025-02-10,gas,62.5
t6646,2025-06-05,retail,29.28
t5491,2025-02-25,retail,71.76
t769,2025-06-22,food,21.12
t2066,2025-05-16,food,45.28
t11398,2025-08-31,utilities,62.33
t7312,2025-05-13,entertainment,93.83
t8478,2025-08-22,entertainment,66.02
a161,2025-04-09,entertainment,837.65
t4525,2025-10-24,entertainment,53.29
t10525,2025-04-10,entertainment,102.39
t2718,2025-02-03,food,30.56
t2080,2025-07-15,retail,80.75
t8915,2025-03-03,entertainment,79.48
t952,2025-06-28,entertainment,63.98
t8059,2025-10-03,retail,21.72
t2483,2025-02-25,retail,173.97
t10455,2025-08-18,food,33.98
t9182,2025-07-29,gas,55.34
t1760,2025-03-12,gas,40.04
t9985,2025-06-02,food,27.27
t4423,2025-09-10,other,47.61
t6705,2025-06-22,retail,143.05
t9917,2025-09-23,food,18.66
t5183,2025-10-13,retail,139.29
t8534,2025-02-09,food,26.15
t3702,2025-07-17,entertainment,47.2
t4244,2025-06-15,utilities,107.21
t689,2025-05-03,food,30.29
t3433,2025-09-10,retail,56.09
t4945,2025-10-16,retail,167.0
t967,2025-04-25,retail,102.86
t11379,2025-07-08,gas,22.07
t10396,2025-10-18,food,21.6
t2714,2025-10-14,other,22.46
t4758,2025-09-30,entertainment,27.62
t11567,2025-07-28,entertainment,46.69
t6321,2025-09-02,entertainment,55.91
t5976,2025-02-14,entertainment,53.53
t3573,2025-01-23,retail,143.76
t5300,2025-09-17,food,15.91
t1991,2025-04-07,travel,480.48
t1206,2025-10-05,entertainment,73.74
t4972,2025-09-12,food,43.96
t11669,2025-09-28,retail,102.63
t6784,2025-03-22,other,87.34
t3601,2025-09-13,retail,174.47
t6491,2025-03-14,other,127.86
t8610,2025-08-26,retail,83.68
a212,2025-02-21,retail,1846.43
t8071,2025-05-05,entertainment,69.33
t8578,2025-07-01,food,30.37
t7974,2025-01-02,food,37.1
t11167,2025-08-12,utilities,141.23
t1626,2025-09-29,gas,63.22
t537,2025-06-23,retail,161.54
t8767,2025-01-31,food,27.08
t7971,2025-09-26,food,40.58
t4213,2025-08-24,food,20.26
t6457,2025-03-05,retail,139.14
t3508,2025-08-22,retail,146.81
t8394,2025-02-03,food,25.41
t9525,2025-04-28,food,26.03
t7113,2025-07-08,travel,364.01
t2709,2025-09-25,utilities,89.01
t5032,2025-08-14,entertainment,45.97
t6515,2025-03-16,food,11.69
t4663,2025-07-05,entertainment,61.78
t4022,2025-01-03,food,30.5
t1855,2025-05-03,food,4.0
t11308,2025-03-04,travel,503.89
t2873,2025-03-29,retail,107.32
t3031,2025-10-19,gas,73.36
t9398,2025-03-20,food,16.95
t1646,2025-05-05,food,22.92
t3418,2025-08-06,other,66.51
t3477,2025-07-07,other,61.2
t11461,2025-01-09,food,21.93
t1793,2025-10-15,food,29.38
t3798,2025-02-13,utilities,263.16
t3369,2025-02-13,retail,113.48
t7197,2025-05-18,entertainment,68.9
t11570,2025-03-27,retail,125.91
t5110,2025-03-23,retail,94.66
t6025,2025-05-08,utilities,132.95
t8796,2025-08-22,food,12.46
t11147,2025-07-10,gas,57.28
t127,2025-05-27,retail,187.84
t5960,2025-06-24,travel,544.63
t3877,2025-05-02,utilities,156.49
t4452,2025-06-27,retail,107.51
t7148,2025-08-12,food,13.41
t3532,2025-05-03,entertainment,27.49
t828,2025-04-15,utilities,95.65
t9832,2025-10-25,utilities,124.42
t7791,2025-05-14,food,38.37
t985,2025-08-29,gas,50.75
t7784,2025-02-15,gas,40.59
t10381,2025-06-01,other,72.1
t11497,2025-09-15,travel,506.32
t2444,2025-06-21,travel,454.64
t8555,2025-05-24,retail,160.03
t10542,2025-07-26,other,79.22
t346,2025-04-06,retail,145.44
t815,2025-02-15,gas,32.87
t6167,2025-05-12,entertainment,67.02
t10879,2025-01-07,gas,47.95
t5780,2025-07-13,retail,81.65
t2117,2025-09-20,entertainment,79.78
t10027,2025-02-17,other,69.92
t794,2025-05-14,other,67.12
a171,2025-04-04,gas,792.99
t6899,2025-01-29,travel,554.6
t2675,2025-05-25,entertainment,54.94
t95,2025-03-17,food,19.76
t4226,2025-10-25,entertainment,5.0
t3757,2025-08-05,gas,42.38
t2892,2025-01-24,other,83.52
t2372,2025-04-14,food,23.91
t11263,2025-01-16,food,37.04
t3229,2025-10-04,retail,183.09
t7864,2025-08-14,other,73.32
t6360,2025-04-21,gas,68.05
t11033,2025-09-22,entertainment,85.42
t7327,2025-05-02,gas,79.45
t6029,2025-04-09,retail,115.98
t1866,2025-03-31,food,28.72
t4613,2025-02-27,food,23.17
t10050,2025-08-18,gas,79.78
t2646,2025-05-18,utilities,123.8
t2244,2025-10-01,entertainment,60.59
t5374,2025-08-10,gas,46.9
t2337,2025-09-12,food,37.12
t951,2025-07-03,food,33.43
t1121,2025-02-08,entertainment,14.91
t10790,2025-02-22,food,15.37
t2205,2025-03-19,food,35.81
t420,2025-04-07,other,84.85
t923,2025-09-07,retail,10.75
t9447,2025-04-04,gas,39.04
t8670,2025-01-13,other,91.6
t10228,2025-07-04,entertainment,85.97
t5409,2025-06-27,gas,71.32
t5789,2025-10-21,gas,49.34
t5743,2025-02-27,utilities,48.56
t7668,2025-07-03,food,15.41
t5568,2025-01-17,retail,103.94
t8136,2025-07-29,other,19.76
t1203,2025-08-04,other,52.79
t10819,2025-02-19,utilities,85.03
t5766,2025-09-01,retail,137.11
t8390,2025-10-02,utilities,83.57
t1971,2025-10-03,gas,90.65
t4019,2025-04-25,food,25.96
t10344,2025-05-14,food,26.38
t3688,2025-01-29,entertainment,18.13
t1998,2025-08-17,food,23.38
t4034,2025-01-27,entertainment,72.79
t1249,2025-04-01,food,10.54
t2193,2025-05-23,entertainment,16.52
t2713,2025-04-27,gas,64.59
t9185,2025-08-23,gas,69.56
t2191,2025-10-07,gas,65.86
t4671,2025-02-15,gas,65.08
t5143,2025-03-19,food,11.0
t5985,2025-08-26,entertainment,36.87
t6566,2025-09-17,food,32.12
t7805,2025-02-20,gas,52.51
t6944,2025-06-11,entertainment,28.79
t9511,2025-10-10,utilities,187.76
t10056,2025-01-22,food,20.61
t10536,2025-02-26,entertainment,86.05
t10642,2025-04-09,other,20.66
t2137,2025-03-05,retail,130.25
t1066,2025-07-21,food,27.33
t601,2025-03-26,other,63.34
t4228,2025-01-10,food,36.01
t10814,2025-09-01,food,23.99
t7578,2025-09-08,food,19.81
t78,2025-02-23,retail,52.42
t7547,2025-02-10,retail,141.14
t2899,2025-01-08,food,56.97
t4821,2025-07-08,retail,156.56
t9507,2025-07-04,gas,64.5
t11159,2025-07-24,other,58.66
t6414,2025-02-25,gas,38.26
t9445,2025-07-28,food,35.56
t9065,2025-06-08,gas,84.02
t8008,2025-08-21,gas,80.03
t5469,2025-01-22,food,29.46
t5952,2025-09-02,utilities,132.33
t3392,2025-08-28,utilities,140.73
t5416,2025-10-05,food,35.31
t2561,2025-07-05,food,11.53
a108,2025-01-31,utilities,500.81
t8163,2025-09-27,retail,126.99
t2636,2025-06-06,gas,41.56
t5257,2025-10-24,retail,73.29
t3531,2025-10-01,other,119.79
t8568,2025-09-23,retail,93.14
t1909,2025-08-05,food,36.48
t11110,2025-06-23,other,142.31
t236,2025-05-24,entertainment,74.99
t1605,2025-01-25,food,26.74
t7985,2025-05-09,retail,116.0
t9311,2025-06-11,utilities,102.26
t3491,2025-04-29,food,31.5
a59,2025-03-22,utilities,2391.68
t1995,2025-04-03,food,29.8
t2825,2025-10-09,retail,95.25
t11137,2025-07-15,retail,95.61
t10569,2025-09-04,gas,29.93
t1343,2025-10-09,utilities,110.02
t8513,2025-05-19,gas,43.79
t1620,2025-06-12,other,66.45
t5288,2025-08-06,entertainment,57.96
t2061,2025-10-25,entertainment,76.42
a181,2025-10-05,entertainment,612.27
t2220,2025-10-02,gas,69.12
t9866,2025-02-15,entertainment,56.16
t6039,2025-08-31,food,26.0
t261,2025-05-15,food,31.35
t11236,2025-04-23,retail,89.28
t10232,2025-06-30,travel,771.94
t9094,2025-01-16,gas,65.91
t3745,2025-02-13,utilities,111.09
t2027,2025-01-25,entertainment,49.49
t6989,2025-03-26,utilities,79.06
t4235,2025-07-27,retail,134.45
t1918,2025-01-04,food,18.12
t1829,2025-01-23,travel,634.28
t9766,2025-09-14,utilities,127.98
t6234,2025-08-16,retail,68.08
t11198,2025-10-20,other,26.7
t6284,2025-03-11,other,131.23
t4209,2025-06-28,retail,135.07
t225,2025-06-09,entertainment,80.3
t8916,2025-10-16,gas,68.57
t10003,2025-06-02,other,91.29
t9334,2025-01-21,food,51.66
t6470,2025-06-10,utilities,170.36
t11295,2025-01-04,entertainment,29.97
t10955,2025-02-09,retail,64.78
t847,2025-01-21,gas,63.19
t4290,2025-03-26,utilities,63.33
t5561,2025-02-03,entertainment,44.81
t2552,2025-09-01,food,29.11
t118,2025-08-22,food,24.17
t8838,2025-09-07,utilities,109.28
t5967,2025-07-18,retail,152.77
t8196,2025-10-19,retail,9.59
t8660,2025-04-02,retail,122.83
t7490,2025-07-24,food,30.1
t6,2025-07-13,entertainment,77.86
t5343,2025-09-29,retail,179.7
t9112,2025-08-30,gas,40.02
t10788,2025-07-03,gas,70.43
t4325,2025-09-03,other,30.9
t1064,2025-02-16,retail,97.63
t2591,2025-07-20,other,89.23
t8435,2025-08-06,other,19.55
t9353,2025-09-23,food,26.09
t3736,2025-01-11,retail,159.44
t10590,2025-01-11,retail,84.81
t3518,2025-07-14,retail,5.0
t6987,2025-01-04,retail,70.4
t10756,2025-05-10,other,80.31
t6768,2025-09-18,entertainment,108.72
t5623,2025-03-17,travel,559.51
t1606,2025-08-04,other,113.14
t1734,2025-02-05,retail,44.62
t10517,2025-05-10,utilities,71.7
t10902,2025-02-22,other,87.12
t11208,2025-10-26,retail,88.73
t9505,2025-04-10,retail,95.34
t3813,2025-02-12,retail,104.17
t11550,2025-04-08,retail,155.88
t10555,2025-01-20,food,28.41
t10168,2025-07-18,entertainment,79.38
t1762,2025-09-21,other,3.6
t5402,2025-01-03,food,9.15
t2740,2025-08-13,travel,586.58
t11558,2025-09-29,other,58.47
t2473,2025-01-07,retail,115.39
t6739,2025-05-04,retail,97.32
t6892,2025-03-15,gas,29.79
t7944,2025-07-20,other,109.13
t9686,2025-02-22,utilities,104.24
t4207,2025-02-24,gas,62.01
t6372,2025-01-10,other,101.89
t10351,2025-06-29,gas,32.21
t9362,2025-06-25,travel,526.57
t10349,2025-04-07,entertainment,75.71
t233,2025-05-05,retail,101.77
t8259,2025-09-29,entertainment,109.81
t7562,2025-05-26,food,29.46
t9796,2025-04-24,entertainment,84.09
t6169,2025-10-13,retail,170.1
t3597,2025-07-23,food,30.76
t6289,2025-04-07,entertainment,94.05
t4633,2025-02-26,food,28.95
t126,2025-10-02,retail,160.93
t7642,2025-06-14,gas,54.59
t6230,2025-02-21,utilities,95.76
t1297,2025-02-21,other,30.31
t1977,2025-03-17,food,23.42
t11374,2025-10-18,utilities,129.47
t11321,2025-04-10,utilities,108.09
t10268,2025-07-17,utilities,137.41
t5751,2025-07-11,retail,89.02
t8153,2025-04-13,gas,45.02
t3087,2025-10-23,entertainment,71.99
t11127,2025-04-04,gas,49.76
t6883,2025-02-13,food,29.5
t11163,2025-05-22,gas,70.37
t7674,2025-10-11,utilities,156.53
t3346,2025-08-28,other,92.39
t8173,2025-09-09,retail,81.22
t11303,2025-05-10,entertainment,76.61
t5871,2025-04-24,retail,107.2
t6507,2025-01-08,food,11.24
t2798,2025-03-24,food,26.16
t919,2025-09-10,retail,83.36
t1647,2025-08-04,retail,138.89
t5123,2025-04-20,retail,133.5
t5127,2025-03-08,utilities,118.17
t4622,2025-04-27,utilities,107.93
t6810,2025-09-30,travel,157.1
t365,2025-02-02,food,23.62
t2126,2025-07-13,food,29.61
t8151,2025-10-22,food,16.31
t8718,2025-03-06,food,28.18
t56,2025-01-25,retail,243.41
t639,2025-08-10,entertainment,64.64
t303,2025-03-11,food,37.49
t10959,2025-06-21,utilities,111.91
t5812,2025-02-04,food,23.05
t1277,2025-01-11,food,34.23
t10248,2025-07-06,gas,30.81
t4433,2025-01-04,food,39.29
t3645,2025-07-31,retail,114.22
t4144,2025-04-22,entertainment,74.98
t2879,2025-04-09,food,34.25
t6494,2025-09-26,food,29.22
t10479,2025-10-23,utilities,166.88
t10454,2025-07-24,other,139.06
t5241,2025-01-28,retail,73.8
t11287,2025-03-10,food,33.67
t10489,2025-05-19,entertainment,65.98
t6938,2025-05-11,travel,514.21
t7241,2025-09-03,gas,88.04
t9946,2025-09-11,other,96.55
t10161,2025-10-10,retail,80.49
t2594,2025-03-25,travel,790.67
t2394,2025-10-26,travel,428.95
t524,2025-04-10,travel,900.75
t6377,2025-06-25,food,34.06
t6982,2025-09-28,other,58.75
t6678,2025-05-23,gas,34.59
t3901,2025-09-30,retail,197.41
t11561,2025-09-08,food,29.13
t5586,2025-01-28,food,31.52
t11231,2025-10-16,utilities,139.68
t7957,2025-02-18,food,33.83
t7571,2025-03-20,gas,69.38
t6778,2025-08-23,gas,61.8
t10162,2025-04-19,retail,113.65
t672,2025-07-23,retail,30.56
t4189,2025-05-19,gas,34.25
t667,2025-05-08,entertainment,52.33
t3267,2025-01-10,gas,45.86
t1888,2025-10-04,retail,68.66
t8473,2025-10-07,food,31.9
t9912,2025-05-23,entertainment,99.5
t9092,2025-08-07,food,14.23
t7688,2025-03-19,utilities,82.86
t6032,2025-09-23,food,25.98
t6091,2025-01-05,food,30.27
t6239,2025-03-19,utilities,112.4
t7351,2025-10-14,entertainment,41.83
t7831,2025-05-09,food,15.88
t761,2025-06-17,other,11.22
t6255,2025-07-07,food,31.49
t1907,2025-09-17,retail,69.7
t3819,2025-08-07,other,151.45
t6270,2025-08-09,food,26.14
t4301,2025-06-05,retail,51.22
t5570,2025-02-15,food,26.78
t7942,2025-01-24,entertainment,89.26
t10786,2025-08-19,retail,97.62
t4165,2025-06-10,food,24.01
t5972,2025-06-19,utilities,130.72
t3580,2025-09-06,food,12.73
t2833,2025-01-09,retail,173.6
t5450,2025-02-27,gas,24.54
t3473,2025-03-07,food,23.67
t6328,2025-08-01,food,25.3
t138,2025-07-04,food,37.19
t7044,2025-02-11,utilities,116.79
t4893,2025-08-07,other,35.87
t2181,2025-07-10,food,20.73
t10321,2025-09-06,retail,72.92
t7731,2025-09-01,food,32.06
t3178,2025-08-18,utilities,82.21
t4855,2025-10-12,food,27.97
t4638,2025-02-05,gas,52.77
t5116,2025-03-27,gas,53.43
t11158,2025-05-05,travel,404.62
t7649,2025-09-21,food,25.78
t4262,2025-07-24,food,28.22
t1332,2025-05-25,utilities,104.93
t10210,2025-04-04,other,65.88
t10675,2025-08-26,utilities,150.84
t7003,2025-03-04,food,30.53
t9551,2025-07-21,food,29.45
t6942,2025-03-14,food,25.3
t8018,2025-03-02,retail,139.08
t6242,2025-03-29,food,37.63
t9522,2025-04-18,utilities,150.39
a222,2025-10-05,other,504.61
t6882,2025-05-26,other,50.47
t10343,2025-08-12,food,48.75
t4531,2025-07-20,entertainment,73.99
t10315,2025-08-19,retail,138.0
t4674,2025-07-20,entertainment,94.78
t6997,2025-10-17,retail,115.37
t1253,2025-10-11,other,44.68
t3375,2025-08-22,gas,46.12
t2815,2025-10-22,food,28.4
t4720,2025-10-04,food,9.48
t6545,2025-07-27,food,20.57
t10041,2025-05-15,food,22.24
t4859,2025-04-29,retail,20.41
t7902,2025-05-26,other,2.5
t8581,2025-09-03,retail,5.12
t8428,2025-02-08,entertainment,80.01
t1078,2025-06-16,retail,126.37
t10177,2025-07-11,gas,70.85
t4364,2025-10-20,retail,108.61
t771,2025-05-11,entertainment,49.75
t10358,2025-06-15,entertainment,42.88
t8866,2025-06-09,utilities,100.31
t250,2025-02-02,utilities,65.93
t9767,2025-10-22,entertainment,78.67
t7240,2025-05-26,gas,50.39
t3420,2025-04-13,food,29.16
t10274,2025-02-08,food,28.84
t10016,2025-03-04,food,35.92
t4977,2025-05-30,food,24.39
t4545,2025-07-25,entertainment,73.43
t5566,2025-04-02,entertainment,41.73
t7940,2025-02-12,retail,77.92
t717,2025-05-11,retail,98.15
t11584,2025-09-10,retail,119.5
t2049,2025-07-12,entertainment,89.85
t5998,2025-10-11,food,31.27
t6601,2025-01-21,retail,51.36
t7246,2025-08-10,retail,87.9
t4179,2025-09-03,entertainment,83.21
t4810,2025-09-05,entertainment,68.33
t10917,2025-01-29,food,18.35
t11377,2025-06-09,gas,59.35
t7141,2025-05-19,food,24.73
t7191,2025-02-26,entertainment,47.74
t1461,2025-06-28,food,35.46
t5990,2025-06-20,food,37.29
t9861,2025-10-21,utilities,142.37
t10949,2025-07-17,entertainment,124.12
t2001,2025-07-11,entertainment,73.88
t8176,2025-01-07,food,4.0
t405,2025-04-29,gas,78.01
t385,2025-10-19,retail,162.01
t11336,2025-05-03,food,16.57
t11383,2025-10-12,utilities,29.94
t10345,2025-04-30,gas,62.29
t1634,2025-05-26,other,100.51
t11464,2025-04-23,gas,49.73
t4785,2025-03-23,other,105.66
t11348,2025-07-10,food,36.68
t6971,2025-02-08,entertainment,64.13
t3926,2025-06-29,utilities,105.05
t4159,2025-09-01,other,51.24
t7450,2025-09-30,utilities,95.4
t8416,2025-02-05,food,4.82
t2194,2025-09-10,retail,139.75
t10017,2025-01-18,retail,119.64
t1016,2025-08-13,retail,148.0
t5125,2025-04-16,food,22.49
t7419,2025-07-30,gas,70.06
t7410,2025-09-25,retail,137.12
t8990,2025-02-26,other,56.11
t2872,2025-03-01,entertainment,91.43
t10,2025-10-19,travel,383.98
t10137,2025-08-19,other,76.39
t1839,2025-01-20,food,39.74
t4805,2025-09-18,gas,47.49
t256,2025-05-01,travel,764.56
t7027,2025-02-15,gas,41.04
t5714,2025-05-02,other,26.27
t3325,2025-04-04,gas,33.77
t7715,2025-06-24,other,25.12
t1582,2025-10-25,other,54.43
t11149,2025-03-13,entertainment,113.24
t925,2025-01-29,food,30.74
t2780,2025-10-18,gas,49.26
t10701,2025-10-26,gas,60.75
t7892,2025-06-17,utilities,157.29
t6133,2025-03-13,retail,164.52
t5321,2025-06-26,gas,72.83
t7313,2025-05-11,retail,99.46
t7103,2025-06-13,food,26.79
t6043,2025-03-02,food,17.82
t3776,2025-07-08,food,25.08
t4836,2025-09-30,retail,117.42
t4965,2025-06-21,food,20.98
t10972,2025-03-29,entertainment,80.26
t540,2025-05-19,retail,29.53
t7484,2025-03-29,travel,442.42
t2746,2025-10-20,food,40.81
t3720,2025-02-21,retail,87.23
t6820,2025-05-01,retail,63.17
t9338,2025-04-01,retail,111.08
t4469,2025-08-15,gas,74.83
t668,2025-02-05,food,26.99
t7576,2025-08-13,retail,184.59
t11212,2025-10-19,food,29.47
t8550,2025-06-05,retail,147.07
t5064,2025-01-05,retail,94.36
t11024,2025-01-03,gas,32.01
t10976,2025-07-03,other,92.52
t1354,2025-06-03,food,31.01
t7115,2025-07-16,travel,753.16
t11725,2025-03-15,other,59.16
t8663,2025-10-12,utilities,114.33
t2704,2025-06-22,retail,94.76
t3331,2025-07-23,retail,122.48
t8054,2025-06-25,food,25.59
t9589,2025-03-25,food,15.53
t3585,2025-08-01,food,25.41
t11328,2025-05-25,other,56.54
t5646,2025-08-01,food,31.52
t3377,2025-03-11,retail,66.67
t1257,2025-02-22,other,53.7
t6191,2025-01-21,other,104.35
t9443,2025-08-15,retail,113.95
t5349,2025-02-22,food,26.42
t11004,2025-03-22,retail,138.83
t11126,2025-05-21,food,23.7
t4176,2025-04-15,utilities,118.23
t4911,2025-02-27,food,15.52
t1853,2025-10-25,food,19.71
t6317,2025-02-08,food,32.11
a65,2025-03-12,travel,5004.12
t2106,2025-05-08,food,33.46
t134,2025-02-11,other,58.71
t5030,2025-06-22,other,99.54
t929,2025-01-01,gas,75.39
t824,2025-02-25,gas,48.05
t7577,2025-05-09,entertainment,119.2
t1532,2025-04-14,other,44.64
t1215,2025-07-15,retail,68.59
t505,2025-01-10,food,38.31
t10189,2025-04-03,food,14.29
t6531,2025-03-03,food,26.82
t3073,2025-10-04,other,24.64
t10151,2025-04-01,food,33.94
t9577,2025-08-31,utilities,169.63
t9087,2025-04-07,utilities,156.75
t8648,2025-06-26,other,140.21
t6620,2025-07-08,gas,76.59
t9274,2025-01-14,retail,60.13
t3710,2025-07-25,gas,23.64
t11503,2025-02-25,gas,73.81
t4850,2025-10-18,entertainment,52.27
t4749,2025-05-31,gas,27.37
t4269,2025-02-25,food,16.64
a94,2025-03-06,entertainment,978.7
t8906,2025-02-06,retail,130.71
t4187,2025-03-24,food,26.17
t10407,2025-05-27,utilities,70.91
t5302,2025-07-17,retail,165.84
t2924,2025-10-15,gas,67.93
t6589,2025-10-06,gas,74.4
t1811,2025-03-05,utilities,127.6
t3487,2025-06-23,gas,42.49
t7420,2025-08-17,food,35.96
t3142,2025-02-25,retail,103.78
t10020,2025-04-15,retail,111.31
t9348,2025-03-29,retail,101.55
t1325,2025-04-23,gas,46.42
t4313,2025-01-22,travel,165.22
t7495,2025-02-06,travel,715.21
t8703,2025-09-20,food,32.45
t9873,2025-01-24,retail,66.87
t8692,2025-04-23,entertainment,44.32
t11401,2025-05-29,utilities,89.95
t10049,2025-05-18,utilities,98.06
t9581,2025-01-09,food,23.78
t10579,2025-01-27,utilities,105.59
t5542,2025-08-06,food,36.81
t6173,2025-01-01,food,24.5
t1541,2025-09-07,other,39.24
t9410,2025-03-21,entertainment,75.9
t2682,2025-04-28,gas,58.9
a98,2025-05-22,other,788.1
t11186,2025-02-01,retail,81.18
t6314,2025-03-04,food,28.65
t1192,2025-08-21,retail,183.03
t5294,2025-04-24,food,23.78
t1543,2025-08-02,utilities,120.07
t7057,2025-07-01,retail,87.74
t2540,2025-10-12,retail,115.42
t954,2025-03-16,retail,120.39
t7242,2025-10-08,food,18.76
t6732,2025-02-27,other,71.79
t4847,2025-07-23,other,98.8
t6802,2025-01-09,utilities,158.47
t8011,2025-08-08,gas,84.11
t4331,2025-07-17,gas,56.76
t8925,2025-01-05,entertainment,53.23
t5335,2025-07-22,food,42.41
t7331,2025-07-26,utilities,148.02
t9349,2025-07-25,gas,40.86
t4730,2025-10-27,gas,36.92
t6542,2025-02-18,entertainment,93.87
t11175,2025-08-11,other,34.79
t5306,2025-01-20,other,67.74
t5162,2025-05-22,food,32.87
t7861,2025-02-21,utilities,219.99
t2157,2025-01-23,other,71.07
t1063,2025-03-23,entertainment,107.28
t10809,2025-10-21,food,32.37
t1168,2025-05-06,gas,68.17
t3637,2025-05-01,food,29.87
t7652,2025-06-24,gas,77.41
t5589,2025-09-12,gas,88.55
t11131,2025-01-21,retail,86.17
t7193,2025-05-12,other,79.71
t4492,2025-01-11,food,48.89
t7267,2025-04-21,food,12.61
t11333,2025-01-31,utilities,243.98
t4981,2025-08-03,retail,94.49
t8336,2025-07-04,food,10.97
a178,2025-04-22,food,319.71
t4947,2025-09-11,retail,94.66
t2783,2025-01-24,retail,194.65
t718,2025-01-27,food,18.01
t10012,2025-08-23,gas,58.47
t2503,2025-07-12,utilities,154.61
t4361,2025-01-12,utilities,45.8
t4172,2025-05-11,other,62.46
t8083,2025-02-08,food,36.56
t11710,2025-03-02,gas,44.1
t396,2025-02-08,food,25.52
t7187,2025-08-11,other,106.5
a24,2025-10-13,entertainment,1501.27
t4493,2025-05-23,retail,121.31
t1366,2025-01-13,gas,55.53
t11686,2025-02-28,entertainment,101.3
t8788,2025-07-19,utilities,82.63
t5918,2025-03-05,retail,152.69
t4969,2025-02-21,utilities,159.68
t2915,2025-03-22,gas,65.83
t10519,2025-05-11,retail,121.7
t5645,2025-10-23,entertainment,105.08
t3767,2025-08-07,food,39.56
t3441,2025-07-20,utilities,143.4
t7358,2025-03-30,food,30.09
t6807,2025-07-04,food,42.21
t9880,2025-05-29,entertainment,73.62
t2144,2025-08-07,gas,61.7
t5105,2025-01-14,other,154.5
t5074,2025-02-14,utilities,207.19
t1572,2025-03-24,gas,32.62
t4080,2025-04-15,food,30.13
t1123,2025-04-16,entertainment,80.86
t2787,2025-08-30,retail,43.49
t2968,2025-02-18,food,9.71
t2505,2025-07-02,travel,756.8
t5989,2025-02-08,gas,57.03
t8868,2025-09-20,retail,116.43
t11001,2025-01-30,entertainment,28.82
t7165,2025-10-27,gas,71.85
t729,2025-03-06,entertainment,56.04
t7588,2025-03-26,food,15.83
t7544,2025-07-03,utilities,129.95
t413,2025-08-14,entertainment,19.48
t11339,2025-07-28,utilities,47.83
t9709,2025-02-26,utilities,117.57
t5746,2025-05-27,travel,891.05
t7669,2025-05-18,travel,689.52
t826,2025-07-24,food,17.31
t3268,2025-10-15,other,42.09
t3975,2025-03-04,food,26.69
t8809,2025-06-29,food,20.36
t8307,2025-05-09,entertainment,15.38
t418,2025-07-30,other,2.5
t11262,2025-06-18,food,15.53
t9818,2025-07-06,entertainment,93.62
t6749,2025-10-12,travel,429.7
t8968,2025-05-01,retail,49.48
t11089,2025-07-21,food,35.02
t11573,2025-07-20,retail,134.46
t2083,2025-06-26,entertainment,65.33
t8946,2025-09-06,retail,46.19
t10739,2025-01-26,food,27.17
t3374,2025-03-14,other,26.26
t5727,2025-02-05,food,30.18
t4108,2025-01-24,food,21.03
t10637,2025-01-26,food,22.8
t4381,2025-05-25,food,21.36
t7724,2025-10-07,retail,67.7
t1067,2025-01-19,other,75.48
t3914,2025-07-16,food,12.6
t5537,2025-04-04,other,22.65
t8003,2025-04-30,utilities,169.35
t5388,2025-07-05,food,21.47
t5733,2025-06-04,gas,60.44
t2739,2025-01-22,utilities,196.61
t5053,2025-06-23,other,76.0
t4001,2025-04-02,utilities,45.0
t9761,2025-08-19,food,24.98
t2428,2025-07-26,gas,41.87
t6834,2025-04-06,food,12.63
t10124,2025-07-02,food,26.92
t1688,2025-09-11,food,30.72
t852,2025-08-20,food,19.9
t6304,2025-01-01,entertainment,29.27
t9088,2025-05-03,retail,69.6
t5879,2025-03-24,gas,38.73
t8528,2025-01-18,food,11.66
t2840,2025-03-01,retail,91.83
t11280,2025-03-15,retail,127.23
t4612,2025-10-01,other,29.87
t9541,2025-03-23,food,23.3
t9208,2025-10-17,food,16.77
t11009,2025-05-13,entertainment,40.48
t9824,2025-01-26,gas,74.23
t2490,2025-04-27,food,12.9
t6906,2025-03-13,retail,150.71
t7391,2025-09-21,retail,117.88
t11444,2025-04-26,travel,749.45
t2850,2025-06-16,retail,128.19
t6666,2025-05-26,retail,124.56
t5882,2025-03-16,food,7.32
t10263,2025-07-07,retail,33.03
t4453,2025-02-04,entertainment,65.77
t9950,2025-04-17,retail,122.16
t7422,2025-10-01,gas,78.44
t9828,2025-02-07,other,9.3
t6485,2025-04-01,food,16.61
t2480,2025-07-15,food,38.57
t6618,2025-06-13,food,30.31
t10458,2025-05-31,other,72.82
t11152,2025-08-30,food,21.14
t11252,2025-02-23,other,58.88
t2142,2025-07-24,food,27.64
t11311,2025-04-19,other,33.64
t5189,2025-07-19,retail,83.5
t11644,2025-07-14,food,28.75
t2745,2025-01-15,other,61.05
t7254,2025-07-16,gas,60.98
t3507,2025-04-09,food,32.62
t1680,2025-01-21,food,25.15
t4250,2025-01-11,food,14.26
t3148,2025-04-19,utilities,138.38
t8131,2025-09-29,retail,163.4
t10487,2025-09-12,retail,135.55
t7005,2025-02-05,retail,172.2
t581,2025-09-28,food,32.56
t9663,2025-07-13,food,27.38
t4071,2025-03-30,travel,251.76
t3344,2025-09-22,utilities,133.53
t7405,2025-07-20,food,38.18
t3673,2025-04-28,utilities,71.66
t560,2025-02-08,entertainment,80.29
t5238,2025-06-05,retail,77.27
t7806,2025-07-03,food,40.88
t11042,2025-07-08,retail,174.4
t513,2025-10-18,food,35.74
t1082,2025-09-25,food,20.43
t1665,2025-09-26,travel,309.65
t9205,2025-01-08,food,32.83
t1932,2025-07-28,retail,112.99
t11599,2025-06-04,entertainment,63.27
t1151,2025-07-20,other,80.23
t2839,2025-07-17,gas,33.77
t5950,2025-04-15,travel,570.47
t8309,2025-03-06,entertainment,101.33
t8933,2025-05-22,food,32.86
t11742,2025-09-12,food,16.79
t5178,2025-09-06,food,26.45
t831,2025-06-19,gas,68.42
t8312,2025-09-01,gas,59.91
t4753,2025-10-03,entertainment,50.13
t11708,2025-02-23,other,10.73
t11664,2025-08-30,other,88.49
t636,2025-03-12,food,15.74
t4466,2025-04-06,gas,72.14
t6800,2025-04-22,gas,66.05
t7988,2025-10-16,utilities,98.23
t7080,2025-07-30,entertainment,65.66
t6967,2025-01-30,food,32.08
t4143,2025-02-01,entertainment,31.23
t7028,2025-03-17,gas,48.07
t9184,2025-04-15,gas,102.1
t877,2025-10-04,retail,133.74
t4870,2025-10-09,gas,71.89
t5316,2025-06-10,gas,64.58
t5223,2025-01-01,retail,59.53
t5,2025-08-23,gas,68.61
t3052,2025-06-23,food,27.96
t5692,2025-10-03,other,88.43
t3125,2025-08-26,food,35.28
t10853,2025-03-18,other,19.32
t2492,2025-10-18,gas,52.61
t3855,2025-04-03,retail,9.01
t4778,2025-09-30,gas,55.96
t9908,2025-02-15,travel,625.28
t7510,2025-06-14,retail,148.11
t6458,2025-10-14,utilities,124.73
t6294,2025-09-06,food,37.53
t1149,2025-02-07,retail,128.43
t11454,2025-05-20,food,20.84
t575,2025-02-08,travel,742.95
t3770,2025-06-21,food,10.93
t4147,2025-08-12,food,44.76
t854,2025-08-28,retail,55.25
t10175,2025-04-15,gas,53.13
t10967,2025-08-10,retail,127.36
t5920,2025-08-28,retail,96.14
t9359,2025-07-23,utilities,201.36
t6615,2025-05-24,gas,77.42
t6003,2025-01-19,retail,93.97
t9164,2025-02-07,entertainment,111.81
t10894,2025-10-06,entertainment,138.87
t4496,2025-06-04,entertainment,47.19
t8174,2025-08-25,food,39.06
t6656,2025-10-06,other,158.01
t2369,2025-08-10,gas,40.8
t4781,2025-07-20,retail,120.56
t7993,2025-10-05,food,32.62
t2951,2025-04-21,utilities,105.7
t5626,2025-06-11,other,73.52
t6972,2025-07-30,gas,49.45
t8717,2025-06-06,retail,98.28
t10648,2025-06-29,retail,73.24
t1842,2025-05-23,food,29.28
t5987,2025-01-14,food,22.36
t538,2025-02-19,utilities,129.0
t2807,2025-03-05,entertainment,129.01
t5802,2025-08-05,food,19.13
t5597,2025-04-12,other,96.78
t7207,2025-01-14,food,28.74
t7344,2025-07-22,gas,68.77
t7561,2025-01-17,retail,175.07
t8097,2025-07-19,gas,59.8
t11368,2025-03-31,travel,1028.18
t785,2025-07-17,food,41.34
t1410,2025-03-29,entertainment,29.0
t10730,2025-06-05,entertainment,88.55
t155,2025-01-29,utilities,134.85
t7807,2025-05-24,food,12.51
t3010,2025-07-04,travel,647.08
t1687,2025-01-05,food,29.84
t11094,2025-01-11,other,42.74
t4015,2025-09-29,food,25.33
t7456,2025-09-21,entertainment,37.47
t3864,2025-08-30,entertainment,82.58
t2734,2025-10-12,gas,53.24
t1896,2025-10-02,retail,142.77
t5443,2025-09-29,retail,108.31
t570,2025-10-21,food,23.5
t6710,2025-09-11,other,78.64
t5855,2025-07-26,retail,5.0
t1817,2025-10-11,utilities,141.6
t10258,2025-06-03,food,31.57
t8320,2025-03-20,travel,612.61
t3395,2025-02-21,food,43.13
t3328,2025-05-15,utilities,104.86
a217,2025-08-12,retail,753.89
t6103,2025-04-20,utilities,161.64
t2976,2025-07-06,retail,170.92
t981,2025-04-23,food,27.43
t10493,2025-10-07,entertainment,66.69
t191,2025-01-29,retail,157.53
t9332,2025-01-30,travel,433.02
t5089,2025-06-03,other,36.75
t700,2025-02-06,food,44.29
t11709,2025-03-01,utilities,73.16
t607,2025-02-14,retail,54.09
t302,2025-01-10,food,5.71
t3421,2025-09-06,other,85.93
a1,2025-02-25,retail,5001.75
t1061,2025-08-24,retail,149.19
t10758,2025-10-24,utilities,55.23
t3445,2025-01-27,food,28.3
t1070,2025-09-19,utilities,156.49
t10717,2025-03-21,utilities,128.38
t2206,2025-04-20,food,29.42
t9436,2025-01-14,other,92.63
t7340,2025-08-04,utilities,213.27
t8209,2025-03-18,food,27.94
t7680,2025-05-20,retail,128.2
t11313,2025-10-02,other,56.99
t4643,2025-06-09,utilities,104.4
t7684,2025-08-19,retail,75.5
t9008,2025-08-18,other,86.66
t7997,2025-07-02,retail,13.61
t11260,2025-08-22,utilities,114.75
t5601,2025-04-15,food,31.16
t9152,2025-01-25,food,22.58
t7023,2025-06-17,utilities,152.29
t4894,2025-09-20,retail,60.59
t226,2025-08-19,travel,456.49
t3355,2025-06-16,other,84.52
t5896,2025-02-01,entertainment,88.26
t10678,2025-08-16,entertainment,70.0
t8755,2025-09-26,food,24.18
t3437,2025-03-15,utilities,69.55
t1694,2025-08-16,other,45.5
t6894,2025-10-14,food,35.93
t1046,2025-03-04,entertainment,37.74
t3447,2025-02-01,food,23.26
t8051,2025-03-26,food,31.44
t9147,2025-02-04,entertainment,71.63
a216,2025-03-16,other,1002.52
t10928,2025-06-14,entertainment,60.05
t11297,2025-03-31,utilities,20.0
t4736,2025-01-25,other,68.25
t4497,2025-01-28,gas,76.37
t1219,2025-01-03,other,60.73
t6016,2025-03-08,food,40.03
t9720,2025-04-04,entertainment,55.65
t3988,2025-09-23,retail,86.58
t4912,2025-04-23,food,45.72
t9493,2025-05-06,retail,98.01
t4494,2025-07-03,food,33.41
t6945,2025-07-07,food,19.45
t5700,2025-05-03,gas,63.48
t8353,2025-09-24,retail,115.34
t957,2025-04-15,retail,225.27
t11427,2025-03-22,food,35.2
t2870,2025-07-31,entertainment,90.74
t4434,2025-05-03,food,19.26
t4974,2025-04-24,retail,97.15
t2962,2025-04-17,retail,95.82
t2201,2025-10-19,retail,92.71
t99,2025-06-09,travel,163.25
a58,2025-01-08,retail,1072.28
t2558,2025-06-03,utilities,104.78
t11376,2025-02-08,food,24.53
t8446,2025-08-11,food,33.12
t4200,2025-05-17,food,21.54
t9638,2025-10-14,other,113.26
t5540,2025-10-21,gas,36.8
t1649,2025-03-11,food,20.47
t9889,2025-08-01,utilities,122.07
t11384,2025-05-05,retail,13.68
t6198,2025-09-14,gas,66.38
t6296,2025-02-11,gas,32.98
t4500,2025-02-17,retail,115.6
t1155,2025-04-10,utilities,173.92
t2256,2025-01-21,food,24.9
t9875,2025-03-05,retail,113.36
t3171,2025-01-12,other,31.8
t7401,2025-06-27,retail,141.0
t10249,2025-10-10,other,62.16
t7159,2025-09-23,gas,29.76
t3109,2025-07-22,food,21.42
t4549,2025-05-21,entertainment,22.81
t5424,2025-07-26,food,18.71
t2050,2025-08-03,retail,153.43
t9209,2025-03-07,food,39.09
t8816,2025-02-01,retail,40.5
t11754,2025-01-30,entertainment,67.84
t263,2025-06-10,gas,49.1
t11562,2025-07-19,other,53.9
t4062,2025-01-12,other,48.0
t5535,2025-09-23,food,21.97
t6617,2025-06-29,retail,55.05
t8121,2025-09-24,food,37.36
t8156,2025-08-23,retail,95.34
t1803,2025-03-03,food,6.54
t4737,2025-01-30,utilities,127.77
a227,2025-06-26,retail,2081.86
t2386,2025-02-06,food,21.86
t6695,2025-03-14,retail,45.19
t5760,2025-10-13,entertainment,55.87
t1960,2025-06-09,entertainment,47.11
t2977,2025-07-21,retail,83.49
t8681,2025-07-17,food,20.72
t1844,2025-03-06,gas,22.58
t1735,2025-05-08,retail,123.74
t2912,2025-05-24,food,25.75
t11412,2025-01-13,entertainment,86.65
t8339,2025-09-29,retail,173.31
t1987,2025-08-15,food,16.31
t9562,2025-10-22,entertainment,122.96
t6547,2025-09-10,gas,50.33
t7099,2025-10-07,gas,51.82
t2812,2025-04-11,food,24.65
t660,2025-10-03,travel,25.0
t9987,2025-03-19,food,18.51
t2512,2025-08-03,travel,523.7
t11590,2025-04-29,retail,24.62
t4283,2025-07-09,gas,71.08
t9340,2025-05-20,food,18.18
t11465,2025-08-20,gas,69.02
t8801,2025-02-17,food,19.24
t6288,2025-01-10,gas,49.33
t1931,2025-06-06,retail,37.1
t7126,2025-08-17,other,93.51
t198,2025-06-01,retail,67.97
t7778,2025-05-14,food,24.01
t2932,2025-04-06,other,82.01
t8005,2025-09-03,entertainment,84.6
t2328,2025-09-05,utilities,131.45
t4390,2025-08-14,utilities,153.42
t8959,2025-04-18,retail,145.22
t4219,2025-06-03,gas,27.52
t11448,2025-08-04,gas,35.03
t203,2025-09-28,gas,22.95
t3511,2025-04-28,food,31.64
t4932,2025-07-20,retail,141.61
t5536,2025-02-21,entertainment,60.05
t9926,2025-03-26,entertainment,76.2
t5792,2025-05-03,food,36.32
t10970,2025-02-21,food,26.62
t1708,2025-01-04,food,34.71
t5173,2025-03-02,food,21.13
t5250,2025-02-11,entertainment,59.18
t11667,2025-04-06,retail,88.25
t6529,2025-08-18,gas,19.34
a55,2025-01-27,other,717.35
t5856,2025-06-23,entertainment,40.44
t8165,2025-05-16,retail,48.95
t855,2025-10-21,food,28.46
t4738,2025-02-08,entertainment,41.7
t10353,2025-07-24,retail,136.71
t699,2025-02-26,food,36.19
t11345,2025-05-21,gas,41.35
t11192,2025-07-01,food,8.77
t3697,2025-10-19,food,31.54
t1637,2025-06-04,retail,70.58
t7281,2025-10-15,other,108.98
t7555,2025-02-26,retail,36.98
t11650,2025-06-06,food,40.61
t3582,2025-04-30,travel,636.81
t1292,2025-04-03,retail,137.78
t6586,2025-02-17,food,27.22
t1854,2025-01-11,gas,63.77
t5233,2025-08-01,travel,407.52
t3764,2025-10-12,travel,270.01
t3305,2025-03-31,food,32.51
t1496,2025-10-16,utilities,75.43
t11638,2025-08-07,travel,333.43
t7995,2025-08-16,retail,41.66
t1999,2025-05-07,gas,58.27
t664,2025-08-23,other,13.51
t3749,2025-06-27,retail,113.2
t4414,2025-04-09,gas,38.93
t5531,2025-07-04,travel,279.39
t5576,2025-04-29,food,43.63
t8902,2025-07-11,retail,94.33
t7527,2025-05-27,food,31.29
t9475,2025-10-13,retail,128.35
t5865,2025-08-27,retail,111.39
t10868,2025-03-31,gas,10.0
t6777,2025-06-30,food,28.97
t1307,2025-10-15,other,80.59
t7393,2025-08-16,utilities,195.6
t10430,2025-02-01,food,38.74
t11495,2025-04-03,entertainment,106.27
t5593,2025-09-27,utilities,118.01
t10231,2025-05-14,utilities,102.98
t9722,2025-05-21,retail,125.16
t1664,2025-03-25,retail,131.83
t5451,2025-05-01,retail,115.0
a156,2025-01-02,travel,1997.08
a180,2025-05-31,utilities,1830.32
t3628,2025-04-21,food,15.64
t2694,2025-02-17,gas,47.06
t11253,2025-02-19,utilities,217.76
t9790,2025-07-22,retail,125.82
t10922,2025-04-12,food,33.88
t10818,2025-05-19,entertainment,27.23
t5916,2025-09-28,food,25.0
t3158,2025-06-03,entertainment,135.17
t11507,2025-08-25,gas,103.67
t9915,2025-10-20,food,32.34
t6669,2025-03-27,utilities,148.83
t1060,2025-04-30,retail,72.75
t4637,2025-01-13,food,26.09
t3243,2025-10-16,gas,53.73
t1679,2025-08-01,entertainment,70.55
t6893,2025-01-21,utilities,189.5
t6375,2025-01-04,retail,163.54
t7575,2025-09-10,gas,36.55
t1758,2025-09-07,gas,87.15
t6020,2025-02-15,retail,49.26
t5117,2025-06-28,other,74.73
t8756,2025-08-25,retail,149.2
t7409,2025-05-04,retail,168.01
t2791,2025-04-09,other,73.72
t864,2025-03-19,other,63.8
t7859,2025-03-07,gas,62.69
t1485,2025-03-03,food,18.11
t7036,2025-03-10,entertainment,68.09
t7722,2025-09-21,other,34.56
t5978,2025-07-11,food,29.95
t5135,2025-03-12,food,40.35
t207,2025-05-15,other,165.24
t4489,2025-10-04,entertainment,122.84
t6939,2025-03-21,other,77.17
t9063,2025-08-05,food,29.64
t6911,2025-09-05,food,17.46
t503,2025-05-22,gas,41.13
t7386,2025-07-02,entertainment,102.07
t1029,2025-04-22,other,18.71
t3841,2025-01-03,travel,865.64
t10883,2025-03-22,food,5.5
t8111,2025-06-24,other,141.48
t5057,2025-08-30,entertainment,85.18
t9763,2025-02-08,utilities,97.98
t8155,2025-06-19,other,163.23
t10966,2025-03-15,gas,31.07
t2732,2025-02-16,food,36.77
t8997,2025-07-26,utilities,81.89
a78,2025-08-09,gas,773.6
t2455,2025-08-19,food,21.56
t7216,2025-01-24,gas,62.28
t3105,2025-04-11,food,37.84
t8393,2025-10-07,retail,108.32
t6279,2025-01-02,utilities,74.73
t3100,2025-05-17,utilities,108.32
t6185,2025-04-10,food,28.65
t10471,2025-09-10,other,86.24
t3562,2025-07-11,entertainment,18.82
t5893,2025-02-25,other,155.63
t392,2025-08-27,food,27.71
t6737,2025-10-05,food,24.12
t5619,2025-06-13,gas,69.09
t5259,2025-03-08,travel,314.41
t9688,2025-09-06,utilities,137.08
t2696,2025-09-23,entertainment,70.47
t2028,2025-02-05,other,116.56
t5464,2025-07-11,food,27.68
t2569,2025-03-23,utilities,142.59
t8007,2025-06-03,other,90.34
t65,2025-06-14,food,19.79
t2063,2025-07-12,retail,74.67
t5277,2025-01-22,food,28.33
t7209,2025-02-10,food,27.07
t8685,2025-05-01,retail,119.65
t8572,2025-05-24,travel,408.89
t6332,2025-02-02,retail,82.7
t4860,2025-03-02,utilities,73.07
t4888,2025-04-01,food,9.5
t9269,2025-08-21,gas,40.8
t879,2025-04-08,other,55.16
t8530,2025-01-25,food,19.68
t7917,2025-10-14,retail,137.72
t6864,2025-10-04,utilities,130.39
t7893,2025-01-23,other,68.05
t6440,2025-01-14,other,69.88
t7870,2025-08-24,food,13.61
t1017,2025-08-06,gas,44.47
t9468,2025-10-05,food,27.16
t7630,2025-05-12,retail,83.64
t11535,2025-04-12,gas,15.78
t996,2025-02-05,food,14.85
t10174,2025-07-22,retail,63.63
t4298,2025-03-06,other,52.99
t162,2025-01-28,travel,587.64
t5676,2025-02-23,other,86.88
t6874,2025-01-13,food,19.99
t9693,2025-06-08,entertainment,103.12
t7990,2025-07-21,entertainment,42.15
t3844,2025-06-14,gas,74.85
t10806,2025-10-05,food,35.08
t11654,2025-09-27,food,31.01
t1022,2025-09-15,food,31.53
t3074,2025-05-08,other,123.39
t7556,2025-08-08,food,40.89
t3944,2025-06-14,food,38.93
t1586,2025-04-12,food,16.87
t10148,2025-09-17,utilities,184.95
t3153,2025-04-23,entertainment,78.18
t8227,2025-02-21,entertainment,40.03
t776,2025-06-15,food,4.0
t10749,2025-09-29,retail,217.27
t9671,2025-02-10,other,56.52
t7100,2025-06-08,food,25.44
t5487,2025-06-07,food,42.3
t6236,2025-07-28,retail,93.53
t9556,2025-03-03,food,44.38
t7042,2025-09-08,food,34.65
t2613,2025-01-25,food,18.13
t7514,2025-09-18,food,18.3
t11017,2025-04-27,food,26.62
t10234,2025-08-06,other,26.18
t8434,2025-01-23,gas,44.75
t10254,2025-01-31,retail,93.37
t10556,2025-08-29,other,91.61
t8793,2025-08-24,food,27.34
t10628,2025-02-01,food,56.34
t5394,2025-01-25,other,71.55
t11081,2025-10-22,food,28.06
t8839,2025-08-14,retail,46.62
t3891,2025-04-13,food,20.37
t3557,2025-10-17,travel,484.68
t11395,2025-03-27,gas,49.57
t1529,2025-07-21,entertainment,90.51
t1268,2025-01-29,food,31.65
t7735,2025-02-14,retail,177.36
t1900,2025-03-24,other,91.35
t4659,2025-03-05,gas,61.02
t3006,2025-06-16,gas,58.22
t2735,2025-01-22,utilities,68.36
t190,2025-04-06,food,23.79
t9999,2025-04-27,travel,476.41
t9168,2025-05-11,food,21.83
t2748,2025-07-13,utilities,114.08
t2048,2025-07-14,entertainment,6.5
t7850,2025-01-19,entertainment,54.12
t2559,2025-07-30,entertainment,45.27
t9275,2025-07-02,utilities,74.98
t8667,2025-06-13,travel,232.26
t11097,2025-06-22,utilities,129.52
t6397,2025-04-10,food,25.09
t3386,2025-10-12,food,25.72
t4556,2025-01-05,other,66.53
t1185,2025-07-01,food,14.73
t6421,2025-06-30,utilities,106.21
t5052,2025-04-13,gas,35.17
t5312,2025-03-01,entertainment,102.38
t2434,2025-02-24,retail,35.18
t6950,2025-05-01,food,33.15
t10584,2025-05-18,retail,145.64
t770,2025-05-17,gas,47.13
t1686,2025-08-29,gas,43.01
t8323,2025-04-05,other,80.92
t11112,2025-04-12,travel,651.51
t11364,2025-05-02,food,29.88
t11637,2025-05-23,travel,717.11
t5579,2025-05-02,gas,79.01
t4427,2025-04-11,other,33.67
t467,2025-02-18,food,22.95
t6266,2025-07-04,retail,102.32
t5735,2025-05-22,entertainment,79.95
t11285,2025-07-12,other,79.94
a205,2025-08-25,travel,1999.26
t5192,2025-05-04,utilities,60.44
t5391,2025-09-24,gas,71.92
t861,2025-01-15,food,26.24
t7271,2025-02-15,food,38.49
